date,sku,sales
2023-01-01,SKU-A001,249.49
2023-01-02,SKU-A001,266.53
2023-01-03,SKU-A001,249.09
2023-01-04,SKU-A001,220.31
2023-01-05,SKU-A001,258.68
2023-01-06,SKU-A001,246.06
2023-01-07,SKU-A001,247.09
2023-01-08,SKU-A001,254.04
2023-01-09,SKU-A001,256.45
2023-01-10,SKU-A001,275.97
2023-01-11,SKU-A001,265.3
2023-01-12,SKU-A001,253.81
2023-01-13,SKU-A001,235.96
2023-01-14,SKU-A001,230.13
2023-01-15,SKU-A001,256.56
2023-01-16,SKU-A001,278.88
2023-01-17,SKU-A001,252.21
2023-01-18,SKU-A001,249.07
2023-01-19,SKU-A001,262.43
2023-01-20,SKU-A001,220.73
2023-01-21,SKU-A001,244.65
2023-01-22,SKU-A001,261.47
2023-01-23,SKU-A001,269.47
2023-01-24,SKU-A001,246.06
2023-01-25,SKU-A001,258.99
2023-01-26,SKU-A001,256.26
2023-01-27,SKU-A001,267.44
2023-01-28,SKU-A001,227.63
2023-01-29,SKU-A001,262.88
2023-01-30,SKU-A001,219.14
2023-01-31,SKU-A001,195.92
2023-02-01,SKU-A001,196.32
2023-02-02,SKU-A001,189.81
2023-02-03,SKU-A001,227.39
2023-02-04,SKU-A001,222.92
2023-02-05,SKU-A001,183.37
2023-02-06,SKU-A001,226.71
2023-02-07,SKU-A001,187.87
2023-02-08,SKU-A001,207.06
2023-02-09,SKU-A001,202.68
2023-02-10,SKU-A001,211.22
2023-02-11,SKU-A001,225.98
2023-02-12,SKU-A001,222.17
2023-02-13,SKU-A001,216.09
2023-02-14,SKU-A001,222.36
2023-02-15,SKU-A001,218.73
2023-02-16,SKU-A001,195.51
2023-02-17,SKU-A001,193.59
2023-02-18,SKU-A001,198.75
2023-02-19,SKU-A001,219.07
2023-02-20,SKU-A001,203.31
2023-02-21,SKU-A001,257.55
2023-02-22,SKU-A001,191.32
2023-02-23,SKU-A001,185.42
2023-02-24,SKU-A001,224.59
2023-02-25,SKU-A001,238.27
2023-02-26,SKU-A001,219.02
2023-02-27,SKU-A001,225.92
2023-02-28,SKU-A001,238.29
2023-03-01,SKU-A001,206.36
2023-03-02,SKU-A001,178.44
2023-03-03,SKU-A001,197.11
2023-03-04,SKU-A001,228.25
2023-03-05,SKU-A001,177.93
2023-03-06,SKU-A001,208.9
2023-03-07,SKU-A001,213.49
2023-03-08,SKU-A001,201.53
2023-03-09,SKU-A001,223.31
2023-03-10,SKU-A001,220.29
2023-03-11,SKU-A001,256.79
2023-03-12,SKU-A001,221.06
2023-03-13,SKU-A001,195.23
2023-03-14,SKU-A001,196.2
2023-03-15,SKU-A001,190.52
2023-03-16,SKU-A001,227.93
2023-03-17,SKU-A001,196.02
2023-03-18,SKU-A001,206.42
2023-03-19,SKU-A001,223.59
2023-03-20,SKU-A001,192.66
2023-03-21,SKU-A001,201.65
2023-03-22,SKU-A001,169.15
2023-03-23,SKU-A001,185.04
2023-03-24,SKU-A001,195.82
2023-03-25,SKU-A001,216.43
2023-03-26,SKU-A001,232.73
2023-03-27,SKU-A001,207.27
2023-03-28,SKU-A001,213.12
2023-03-29,SKU-A001,211.13
2023-03-30,SKU-A001,230.34
2023-03-31,SKU-A001,226.3
2023-04-01,SKU-A001,213.27
2023-04-02,SKU-A001,186.29
2023-04-03,SKU-A001,226.43
2023-04-04,SKU-A001,215.45
2023-04-05,SKU-A001,233.17
2023-04-06,SKU-A001,206.77
2023-04-07,SKU-A001,248.36
2023-04-08,SKU-A001,199.82
2023-04-09,SKU-A001,240.75
2023-04-10,SKU-A001,209.71
2023-04-11,SKU-A001,196.44
2023-04-12,SKU-A001,183.56
2023-04-13,SKU-A001,204.05
2023-04-14,SKU-A001,237.06
2023-04-15,SKU-A001,224.3
2023-04-16,SKU-A001,221.6
2023-04-17,SKU-A001,157.26
2023-04-18,SKU-A001,222.01
2023-04-19,SKU-A001,218.73
2023-04-20,SKU-A001,195.5
2023-04-21,SKU-A001,193.84
2023-04-22,SKU-A001,206.94
2023-04-23,SKU-A001,243.16
2023-04-24,SKU-A001,184.79
2023-04-25,SKU-A001,197.93
2023-04-26,SKU-A001,235.46
2023-04-27,SKU-A001,197.49
2023-04-28,SKU-A001,199.19
2023-04-29,SKU-A001,208.86
2023-04-30,SKU-A001,180.73
2023-05-01,SKU-A001,211.37
2023-05-02,SKU-A001,181.34
2023-05-03,SKU-A001,225.28
2023-05-04,SKU-A001,206.74
2023-05-05,SKU-A001,254.57
2023-05-06,SKU-A001,212.52
2023-05-07,SKU-A001,235.26
2023-05-08,SKU-A001,179.22
2023-05-09,SKU-A001,203.98
2023-05-10,SKU-A001,213.3
2023-05-11,SKU-A001,243.13
2023-05-12,SKU-A001,171.19
2023-05-13,SKU-A001,227.23
2023-05-14,SKU-A001,218.83
2023-05-15,SKU-A001,238.57
2023-05-16,SKU-A001,221.31
2023-05-17,SKU-A001,207.43
2023-05-18,SKU-A001,195.37
2023-05-19,SKU-A001,180.09
2023-05-20,SKU-A001,210.36
2023-05-21,SKU-A001,202.21
2023-05-22,SKU-A001,248.61
2023-05-23,SKU-A001,193.36
2023-05-24,SKU-A001,212.88
2023-05-25,SKU-A001,173.2
2023-05-26,SKU-A001,197.81
2023-05-27,SKU-A001,211.56
2023-05-28,SKU-A001,223.34
2023-05-29,SKU-A001,236.42
2023-05-30,SKU-A001,205.08
2023-05-31,SKU-A001,182.53
2023-06-01,SKU-A001,211.44
2023-06-02,SKU-A001,212.66
2023-06-03,SKU-A001,212.1
2023-06-04,SKU-A001,187.06
2023-06-05,SKU-A001,225.51
2023-06-06,SKU-A001,203.55
2023-06-07,SKU-A001,216.37
2023-06-08,SKU-A001,228.39
2023-06-09,SKU-A001,214.41
2023-06-10,SKU-A001,207.62
2023-06-11,SKU-A001,246.76
2023-06-12,SKU-A001,206.67
2023-06-13,SKU-A001,195.32
2023-06-14,SKU-A001,203.85
2023-06-15,SKU-A001,232.59
2023-06-16,SKU-A001,203.94
2023-06-17,SKU-A001,212.32
2023-06-18,SKU-A001,226.49
2023-06-19,SKU-A001,190.61
2023-06-20,SKU-A001,165.12
2023-06-21,SKU-A001,207.61
2023-06-22,SKU-A001,206.12
2023-06-23,SKU-A001,188.51
2023-06-24,SKU-A001,219.53
2023-06-25,SKU-A001,213.97
2023-06-26,SKU-A001,180.32
2023-06-27,SKU-A001,212.05
2023-06-28,SKU-A001,197.03
2023-06-29,SKU-A001,170.0
2023-06-30,SKU-A001,210.6
2023-07-01,SKU-A001,200.12
2023-07-02,SKU-A001,185.4
2023-07-03,SKU-A001,211.99
2023-07-04,SKU-A001,211.24
2023-07-05,SKU-A001,188.85
2023-07-06,SKU-A001,209.35
2023-07-07,SKU-A001,222.22
2023-07-08,SKU-A001,185.94
2023-07-09,SKU-A001,208.86
2023-07-10,SKU-A001,200.9
2023-07-11,SKU-A001,248.37
2023-07-12,SKU-A001,161.71
2023-07-13,SKU-A001,215.36
2023-07-14,SKU-A001,194.31
2023-07-15,SKU-A001,198.61
2023-07-16,SKU-A001,240.6
2023-07-17,SKU-A001,200.48
2023-07-18,SKU-A001,247.67
2023-07-19,SKU-A001,191.34
2023-07-20,SKU-A001,207.94
2023-07-21,SKU-A001,190.26
2023-07-22,SKU-A001,186.04
2023-07-23,SKU-A001,201.82
2023-07-24,SKU-A001,194.56
2023-07-25,SKU-A001,204.71
2023-07-26,SKU-A001,156.26
2023-07-27,SKU-A001,242.43
2023-07-28,SKU-A001,196.88
2023-07-29,SKU-A001,236.94
2023-07-30,SKU-A001,179.2
2023-07-31,SKU-A001,206.45
2023-08-01,SKU-A001,266.7
2023-08-02,SKU-A001,182.01
2023-08-03,SKU-A001,168.85
2023-08-04,SKU-A001,188.74
2023-08-05,SKU-A001,210.1
2023-08-06,SKU-A001,214.71
2023-08-07,SKU-A001,227.21
2023-08-08,SKU-A001,194.71
2023-08-09,SKU-A001,166.46
2023-08-10,SKU-A001,190.93
2023-08-11,SKU-A001,226.06
2023-08-12,SKU-A001,209.78
2023-08-13,SKU-A001,158.91
2023-08-14,SKU-A001,199.22
2023-08-15,SKU-A001,229.27
2023-08-16,SKU-A001,244.53
2023-08-17,SKU-A001,211.67
2023-08-18,SKU-A001,206.34
2023-08-19,SKU-A001,173.8
2023-08-20,SKU-A001,182.11
2023-08-21,SKU-A001,200.76
2023-08-22,SKU-A001,210.31
2023-08-23,SKU-A001,211.9
2023-08-24,SKU-A001,189.67
2023-08-25,SKU-A001,175.5
2023-08-26,SKU-A001,183.33
2023-08-27,SKU-A001,175.35
2023-08-28,SKU-A001,213.1
2023-08-29,SKU-A001,151.05
2023-08-30,SKU-A001,192.56
2023-08-31,SKU-A001,208.96
2023-09-01,SKU-A001,235.51
2023-09-02,SKU-A001,205.04
2023-09-03,SKU-A001,224.53
2023-09-04,SKU-A001,195.12
2023-09-05,SKU-A001,187.84
2023-09-06,SKU-A001,189.29
2023-09-07,SKU-A001,235.47
2023-09-08,SKU-A001,224.25
2023-09-09,SKU-A001,213.59
2023-09-10,SKU-A001,273.23
2023-09-11,SKU-A001,202.63
2023-09-12,SKU-A001,216.3
2023-09-13,SKU-A001,209.71
2023-09-14,SKU-A001,198.58
2023-09-15,SKU-A001,251.81
2023-09-16,SKU-A001,234.8
2023-09-17,SKU-A001,173.79
2023-09-18,SKU-A001,194.74
2023-09-19,SKU-A001,212.09
2023-09-20,SKU-A001,219.51
2023-09-21,SKU-A001,174.75
2023-09-22,SKU-A001,155.69
2023-09-23,SKU-A001,162.99
2023-09-24,SKU-A001,201.48
2023-09-25,SKU-A001,200.78
2023-09-26,SKU-A001,210.17
2023-09-27,SKU-A001,186.75
2023-09-28,SKU-A001,177.18
2023-09-29,SKU-A001,160.39
2023-09-30,SKU-A001,209.73
2023-10-01,SKU-A001,210.56
2023-10-02,SKU-A001,223.61
2023-10-03,SKU-A001,219.34
2023-10-04,SKU-A001,198.71
2023-10-05,SKU-A001,231.01
2023-10-06,SKU-A001,199.8
2023-10-07,SKU-A001,188.77
2023-10-08,SKU-A001,191.69
2023-10-09,SKU-A001,190.31
2023-10-10,SKU-A001,157.11
2023-10-11,SKU-A001,205.82
2023-10-12,SKU-A001,207.75
2023-10-13,SKU-A001,194.88
2023-10-14,SKU-A001,187.48
2023-10-15,SKU-A001,210.23
2023-10-16,SKU-A001,238.44
2023-10-17,SKU-A001,203.18
2023-10-18,SKU-A001,191.7
2023-10-19,SKU-A001,189.92
2023-10-20,SKU-A001,200.84
2023-10-21,SKU-A001,175.73
2023-10-22,SKU-A001,199.62
2023-10-23,SKU-A001,203.51
2023-10-24,SKU-A001,240.91
2023-10-25,SKU-A001,221.97
2023-10-26,SKU-A001,223.85
2023-10-27,SKU-A001,187.16
2023-10-28,SKU-A001,216.15
2023-10-29,SKU-A001,178.16
2023-10-30,SKU-A001,208.59
2023-10-31,SKU-A001,210.81
2023-11-01,SKU-A001,226.31
2023-11-02,SKU-A001,284.32
2023-11-03,SKU-A001,254.23
2023-11-04,SKU-A001,202.37
2023-11-05,SKU-A001,253.87
2023-11-06,SKU-A001,233.69
2023-11-07,SKU-A001,242.23
2023-11-08,SKU-A001,251.95
2023-11-09,SKU-A001,250.34
2023-11-10,SKU-A001,199.32
2023-11-11,SKU-A001,217.77
2023-11-12,SKU-A001,258.26
2023-11-13,SKU-A001,269.32
2023-11-14,SKU-A001,281.93
2023-11-15,SKU-A001,279.8
2023-11-16,SKU-A001,198.79
2023-11-17,SKU-A001,258.04
2023-11-18,SKU-A001,201.65
2023-11-19,SKU-A001,275.69
2023-11-20,SKU-A001,247.12
2023-11-21,SKU-A001,217.82
2023-11-22,SKU-A001,283.92
2023-11-23,SKU-A001,255.22
2023-11-24,SKU-A001,201.99
2023-11-25,SKU-A001,247.8
2023-11-26,SKU-A001,226.27
2023-11-27,SKU-A001,243.92
2023-11-28,SKU-A001,231.79
2023-11-29,SKU-A001,270.34
2023-11-30,SKU-A001,211.62
2023-12-01,SKU-A001,248.12
2023-12-02,SKU-A001,279.5
2023-12-03,SKU-A001,224.04
2023-12-04,SKU-A001,245.79
2023-12-05,SKU-A001,245.57
2023-12-06,SKU-A001,226.83
2023-12-07,SKU-A001,254.87
2023-12-08,SKU-A001,243.28
2023-12-09,SKU-A001,221.4
2023-12-10,SKU-A001,278.16
2023-12-11,SKU-A001,257.76
2023-12-12,SKU-A001,237.61
2023-12-13,SKU-A001,227.73
2023-12-14,SKU-A001,224.59
2023-12-15,SKU-A001,266.86
2023-12-16,SKU-A001,237.92
2023-12-17,SKU-A001,250.6
2023-12-18,SKU-A001,237.06
2023-12-19,SKU-A001,253.84
2023-12-20,SKU-A001,238.43
2023-12-21,SKU-A001,256.87
2023-12-22,SKU-A001,236.96
2023-12-23,SKU-A001,258.19
2023-12-24,SKU-A001,254.86
2023-12-25,SKU-A001,238.27
2023-12-26,SKU-A001,222.64
2023-12-27,SKU-A001,220.92
2023-12-28,SKU-A001,225.08
2023-12-29,SKU-A001,219.93
2023-12-30,SKU-A001,258.73
2023-12-31,SKU-A001,239.55
2024-01-01,SKU-A001,273.45
2024-01-02,SKU-A001,288.3
2024-01-03,SKU-A001,240.94
2024-01-04,SKU-A001,207.92
2024-01-05,SKU-A001,232.37
2024-01-06,SKU-A001,238.76
2024-01-07,SKU-A001,209.07
2024-01-08,SKU-A001,235.02
2024-01-09,SKU-A001,246.27
2024-01-10,SKU-A001,230.58
2024-01-11,SKU-A001,224.06
2024-01-12,SKU-A001,224.23
2024-01-13,SKU-A001,277.62
2024-01-14,SKU-A001,236.74
2024-01-15,SKU-A001,222.65
2024-01-16,SKU-A001,232.21
2024-01-17,SKU-A001,260.03
2024-01-18,SKU-A001,225.6
2024-01-19,SKU-A001,250.05
2024-01-20,SKU-A001,255.18
2024-01-21,SKU-A001,255.6
2024-01-22,SKU-A001,269.22
2024-01-23,SKU-A001,228.26
2024-01-24,SKU-A001,263.55
2024-01-25,SKU-A001,223.11
2024-01-26,SKU-A001,231.4
2024-01-27,SKU-A001,264.79
2024-01-28,SKU-A001,256.92
2024-01-29,SKU-A001,239.67
2024-01-30,SKU-A001,214.59
2024-01-31,SKU-A001,251.35
2024-02-01,SKU-A001,186.38
2024-02-02,SKU-A001,180.2
2024-02-03,SKU-A001,185.96
2024-02-04,SKU-A001,204.71
2024-02-05,SKU-A001,155.0
2024-02-06,SKU-A001,207.05
2024-02-07,SKU-A001,203.11
2024-02-08,SKU-A001,187.16
2024-02-09,SKU-A001,221.17
2024-02-10,SKU-A001,212.21
2024-02-11,SKU-A001,186.63
2024-02-12,SKU-A001,185.27
2024-02-13,SKU-A001,213.89
2024-02-14,SKU-A001,167.46
2024-02-15,SKU-A001,192.27
2024-02-16,SKU-A001,185.98
2024-02-17,SKU-A001,200.66
2024-02-18,SKU-A001,203.6
2024-02-19,SKU-A001,199.92
2024-02-20,SKU-A001,222.94
2024-02-21,SKU-A001,203.88
2024-02-22,SKU-A001,192.46
2024-02-23,SKU-A001,173.63
2024-02-24,SKU-A001,214.17
2024-02-25,SKU-A001,210.07
2024-02-26,SKU-A001,229.41
2024-02-27,SKU-A001,183.25
2024-02-28,SKU-A001,199.47
2024-02-29,SKU-A001,197.66
2024-03-01,SKU-A001,197.02
2024-03-02,SKU-A001,199.05
2024-03-03,SKU-A001,162.83
2024-03-04,SKU-A001,216.1
2024-03-05,SKU-A001,212.47
2024-03-06,SKU-A001,222.46
2024-03-07,SKU-A001,245.91
2024-03-08,SKU-A001,191.99
2024-03-09,SKU-A001,197.9
2024-03-10,SKU-A001,198.83
2024-03-11,SKU-A001,239.36
2024-03-12,SKU-A001,162.25
2024-03-13,SKU-A001,208.75
2024-03-14,SKU-A001,167.66
2024-03-15,SKU-A001,144.32
2024-03-16,SKU-A001,156.06
2024-03-17,SKU-A001,169.45
2024-03-18,SKU-A001,220.86
2024-03-19,SKU-A001,180.17
2024-03-20,SKU-A001,193.6
2024-03-21,SKU-A001,173.93
2024-03-22,SKU-A001,211.14
2024-03-23,SKU-A001,175.17
2024-03-24,SKU-A001,225.92
2024-03-25,SKU-A001,177.4
2023-01-01,SKU-A002,202.82
2023-01-02,SKU-A002,226.43
2023-01-03,SKU-A002,204.44
2023-01-04,SKU-A002,182.03
2023-01-05,SKU-A002,192.96
2023-01-06,SKU-A002,192.75
2023-01-07,SKU-A002,214.64
2023-01-08,SKU-A002,208.88
2023-01-09,SKU-A002,200.4
2023-01-10,SKU-A002,217.08
2023-01-11,SKU-A002,193.5
2023-01-12,SKU-A002,200.12
2023-01-13,SKU-A002,205.46
2023-01-14,SKU-A002,228.19
2023-01-15,SKU-A002,200.75
2023-01-16,SKU-A002,196.5
2023-01-17,SKU-A002,184.78
2023-01-18,SKU-A002,213.99
2023-01-19,SKU-A002,192.51
2023-01-20,SKU-A002,208.22
2023-01-21,SKU-A002,170.35
2023-01-22,SKU-A002,220.02
2023-01-23,SKU-A002,179.96
2023-01-24,SKU-A002,189.31
2023-01-25,SKU-A002,220.28
2023-01-26,SKU-A002,179.92
2023-01-27,SKU-A002,201.09
2023-01-28,SKU-A002,203.68
2023-01-29,SKU-A002,185.59
2023-01-30,SKU-A002,225.08
2023-01-31,SKU-A002,227.71
2023-02-01,SKU-A002,135.44
2023-02-02,SKU-A002,144.26
2023-02-03,SKU-A002,182.33
2023-02-04,SKU-A002,146.72
2023-02-05,SKU-A002,162.14
2023-02-06,SKU-A002,170.88
2023-02-07,SKU-A002,180.37
2023-02-08,SKU-A002,164.94
2023-02-09,SKU-A002,170.31
2023-02-10,SKU-A002,155.6
2023-02-11,SKU-A002,190.5
2023-02-12,SKU-A002,160.35
2023-02-13,SKU-A002,174.44
2023-02-14,SKU-A002,160.08
2023-02-15,SKU-A002,170.5
2023-02-16,SKU-A002,165.87
2023-02-17,SKU-A002,165.97
2023-02-18,SKU-A002,151.61
2023-02-19,SKU-A002,182.14
2023-02-20,SKU-A002,192.56
2023-02-21,SKU-A002,172.81
2023-02-22,SKU-A002,181.06
2023-02-23,SKU-A002,182.85
2023-02-24,SKU-A002,184.37
2023-02-25,SKU-A002,173.83
2023-02-26,SKU-A002,172.3
2023-02-27,SKU-A002,183.29
2023-02-28,SKU-A002,169.88
2023-03-01,SKU-A002,152.29
2023-03-02,SKU-A002,169.12
2023-03-03,SKU-A002,136.87
2023-03-04,SKU-A002,168.62
2023-03-05,SKU-A002,175.69
2023-03-06,SKU-A002,189.57
2023-03-07,SKU-A002,171.28
2023-03-08,SKU-A002,184.38
2023-03-09,SKU-A002,168.72
2023-03-10,SKU-A002,151.46
2023-03-11,SKU-A002,144.92
2023-03-12,SKU-A002,152.37
2023-03-13,SKU-A002,145.69
2023-03-14,SKU-A002,179.42
2023-03-15,SKU-A002,165.23
2023-03-16,SKU-A002,178.35
2023-03-17,SKU-A002,169.97
2023-03-18,SKU-A002,186.34
2023-03-19,SKU-A002,186.62
2023-03-20,SKU-A002,157.85
2023-03-21,SKU-A002,164.11
2023-03-22,SKU-A002,159.75
2023-03-23,SKU-A002,141.39
2023-03-24,SKU-A002,180.13
2023-03-25,SKU-A002,188.79
2023-03-26,SKU-A002,168.63
2023-03-27,SKU-A002,160.42
2023-03-28,SKU-A002,187.14
2023-03-29,SKU-A002,129.19
2023-03-30,SKU-A002,171.74
2023-03-31,SKU-A002,171.16
2023-04-01,SKU-A002,159.12
2023-04-02,SKU-A002,192.22
2023-04-03,SKU-A002,185.12
2023-04-04,SKU-A002,164.34
2023-04-05,SKU-A002,167.29
2023-04-06,SKU-A002,162.2
2023-04-07,SKU-A002,160.11
2023-04-08,SKU-A002,146.69
2023-04-09,SKU-A002,192.03
2023-04-10,SKU-A002,186.09
2023-04-11,SKU-A002,182.22
2023-04-12,SKU-A002,150.3
2023-04-13,SKU-A002,203.85
2023-04-14,SKU-A002,202.16
2023-04-15,SKU-A002,171.93
2023-04-16,SKU-A002,153.51
2023-04-17,SKU-A002,154.14
2023-04-18,SKU-A002,175.82
2023-04-19,SKU-A002,153.36
2023-04-20,SKU-A002,168.18
2023-04-21,SKU-A002,187.12
2023-04-22,SKU-A002,143.35
2023-04-23,SKU-A002,202.59
2023-04-24,SKU-A002,195.19
2023-04-25,SKU-A002,147.9
2023-04-26,SKU-A002,144.92
2023-04-27,SKU-A002,163.99
2023-04-28,SKU-A002,151.38
2023-04-29,SKU-A002,164.32
2023-04-30,SKU-A002,125.23
2023-05-01,SKU-A002,164.91
2023-05-02,SKU-A002,199.18
2023-05-03,SKU-A002,149.94
2023-05-04,SKU-A002,164.17
2023-05-05,SKU-A002,143.65
2023-05-06,SKU-A002,179.54
2023-05-07,SKU-A002,164.98
2023-05-08,SKU-A002,201.51
2023-05-09,SKU-A002,172.27
2023-05-10,SKU-A002,162.5
2023-05-11,SKU-A002,178.06
2023-05-12,SKU-A002,160.24
2023-05-13,SKU-A002,146.19
2023-05-14,SKU-A002,173.87
2023-05-15,SKU-A002,165.83
2023-05-16,SKU-A002,171.59
2023-05-17,SKU-A002,175.12
2023-05-18,SKU-A002,160.18
2023-05-19,SKU-A002,175.9
2023-05-20,SKU-A002,198.1
2023-05-21,SKU-A002,150.1
2023-05-22,SKU-A002,198.09
2023-05-23,SKU-A002,164.69
2023-05-24,SKU-A002,155.86
2023-05-25,SKU-A002,209.73
2023-05-26,SKU-A002,171.41
2023-05-27,SKU-A002,191.91
2023-05-28,SKU-A002,182.58
2023-05-29,SKU-A002,140.45
2023-05-30,SKU-A002,170.83
2023-05-31,SKU-A002,159.94
2023-06-01,SKU-A002,142.79
2023-06-02,SKU-A002,135.54
2023-06-03,SKU-A002,167.15
2023-06-04,SKU-A002,175.38
2023-06-05,SKU-A002,172.01
2023-06-06,SKU-A002,160.27
2023-06-07,SKU-A002,151.96
2023-06-08,SKU-A002,148.78
2023-06-09,SKU-A002,156.06
2023-06-10,SKU-A002,148.0
2023-06-11,SKU-A002,162.0
2023-06-12,SKU-A002,165.04
2023-06-13,SKU-A002,150.32
2023-06-14,SKU-A002,161.52
2023-06-15,SKU-A002,152.61
2023-06-16,SKU-A002,165.36
2023-06-17,SKU-A002,173.99
2023-06-18,SKU-A002,168.44
2023-06-19,SKU-A002,173.4
2023-06-20,SKU-A002,137.57
2023-06-21,SKU-A002,159.05
2023-06-22,SKU-A002,170.11
2023-06-23,SKU-A002,176.25
2023-06-24,SKU-A002,138.49
2023-06-25,SKU-A002,168.13
2023-06-26,SKU-A002,185.79
2023-06-27,SKU-A002,162.43
2023-06-28,SKU-A002,163.85
2023-06-29,SKU-A002,173.04
2023-06-30,SKU-A002,169.61
2023-07-01,SKU-A002,176.82
2023-07-02,SKU-A002,166.67
2023-07-03,SKU-A002,168.02
2023-07-04,SKU-A002,152.25
2023-07-05,SKU-A002,162.57
2023-07-06,SKU-A002,186.59
2023-07-07,SKU-A002,162.01
2023-07-08,SKU-A002,162.61
2023-07-09,SKU-A002,157.16
2023-07-10,SKU-A002,178.73
2023-07-11,SKU-A002,151.04
2023-07-12,SKU-A002,180.81
2023-07-13,SKU-A002,149.65
2023-07-14,SKU-A002,147.62
2023-07-15,SKU-A002,168.93
2023-07-16,SKU-A002,167.65
2023-07-17,SKU-A002,170.48
2023-07-18,SKU-A002,183.38
2023-07-19,SKU-A002,158.5
2023-07-20,SKU-A002,172.93
2023-07-21,SKU-A002,150.12
2023-07-22,SKU-A002,186.7
2023-07-23,SKU-A002,176.13
2023-07-24,SKU-A002,174.51
2023-07-25,SKU-A002,168.63
2023-07-26,SKU-A002,152.22
2023-07-27,SKU-A002,159.95
2023-07-28,SKU-A002,173.93
2023-07-29,SKU-A002,165.15
2023-07-30,SKU-A002,167.56
2023-07-31,SKU-A002,142.54
2023-08-01,SKU-A002,168.53
2023-08-02,SKU-A002,153.8
2023-08-03,SKU-A002,147.2
2023-08-04,SKU-A002,162.87
2023-08-05,SKU-A002,134.16
2023-08-06,SKU-A002,177.26
2023-08-07,SKU-A002,179.85
2023-08-08,SKU-A002,164.58
2023-08-09,SKU-A002,148.72
2023-08-10,SKU-A002,149.53
2023-08-11,SKU-A002,162.93
2023-08-12,SKU-A002,124.6
2023-08-13,SKU-A002,168.53
2023-08-14,SKU-A002,176.69
2023-08-15,SKU-A002,160.22
2023-08-16,SKU-A002,157.15
2023-08-17,SKU-A002,168.55
2023-08-18,SKU-A002,171.4
2023-08-19,SKU-A002,183.94
2023-08-20,SKU-A002,165.8
2023-08-21,SKU-A002,153.85
2023-08-22,SKU-A002,157.71
2023-08-23,SKU-A002,168.56
2023-08-24,SKU-A002,191.74
2023-08-25,SKU-A002,160.09
2023-08-26,SKU-A002,147.74
2023-08-27,SKU-A002,150.82
2023-08-28,SKU-A002,130.14
2023-08-29,SKU-A002,171.06
2023-08-30,SKU-A002,142.53
2023-08-31,SKU-A002,144.69
2023-09-01,SKU-A002,135.55
2023-09-02,SKU-A002,150.02
2023-09-03,SKU-A002,178.46
2023-09-04,SKU-A002,146.76
2023-09-05,SKU-A002,139.37
2023-09-06,SKU-A002,171.89
2023-09-07,SKU-A002,163.13
2023-09-08,SKU-A002,176.17
2023-09-09,SKU-A002,181.37
2023-09-10,SKU-A002,168.74
2023-09-11,SKU-A002,146.99
2023-09-12,SKU-A002,166.8
2023-09-13,SKU-A002,177.32
2023-09-14,SKU-A002,159.05
2023-09-15,SKU-A002,144.64
2023-09-16,SKU-A002,187.49
2023-09-17,SKU-A002,161.88
2023-09-18,SKU-A002,161.99
2023-09-19,SKU-A002,169.16
2023-09-20,SKU-A002,186.27
2023-09-21,SKU-A002,173.34
2023-09-22,SKU-A002,163.27
2023-09-23,SKU-A002,180.4
2023-09-24,SKU-A002,205.11
2023-09-25,SKU-A002,192.3
2023-09-26,SKU-A002,180.25
2023-09-27,SKU-A002,149.97
2023-09-28,SKU-A002,232.18
2023-09-29,SKU-A002,148.68
2023-09-30,SKU-A002,162.63
2023-10-01,SKU-A002,157.1
2023-10-02,SKU-A002,196.34
2023-10-03,SKU-A002,175.99
2023-10-04,SKU-A002,144.83
2023-10-05,SKU-A002,173.42
2023-10-06,SKU-A002,178.13
2023-10-07,SKU-A002,163.53
2023-10-08,SKU-A002,148.33
2023-10-09,SKU-A002,156.68
2023-10-10,SKU-A002,161.54
2023-10-11,SKU-A002,169.29
2023-10-12,SKU-A002,160.14
2023-10-13,SKU-A002,181.31
2023-10-14,SKU-A002,152.89
2023-10-15,SKU-A002,139.71
2023-10-16,SKU-A002,156.44
2023-10-17,SKU-A002,191.67
2023-10-18,SKU-A002,159.25
2023-10-19,SKU-A002,208.4
2023-10-20,SKU-A002,177.21
2023-10-21,SKU-A002,149.28
2023-10-22,SKU-A002,154.85
2023-10-23,SKU-A002,173.02
2023-10-24,SKU-A002,149.06
2023-10-25,SKU-A002,208.97
2023-10-26,SKU-A002,152.21
2023-10-27,SKU-A002,180.41
2023-10-28,SKU-A002,193.55
2023-10-29,SKU-A002,167.08
2023-10-30,SKU-A002,152.13
2023-10-31,SKU-A002,164.32
2023-11-01,SKU-A002,208.82
2023-11-02,SKU-A002,217.48
2023-11-03,SKU-A002,203.67
2023-11-04,SKU-A002,179.1
2023-11-05,SKU-A002,203.43
2023-11-06,SKU-A002,191.36
2023-11-07,SKU-A002,165.89
2023-11-08,SKU-A002,190.95
2023-11-09,SKU-A002,178.56
2023-11-10,SKU-A002,212.62
2023-11-11,SKU-A002,235.51
2023-11-12,SKU-A002,234.07
2023-11-13,SKU-A002,193.06
2023-11-14,SKU-A002,194.84
2023-11-15,SKU-A002,214.34
2023-11-16,SKU-A002,220.63
2023-11-17,SKU-A002,195.67
2023-11-18,SKU-A002,200.32
2023-11-19,SKU-A002,239.95
2023-11-20,SKU-A002,200.92
2023-11-21,SKU-A002,194.55
2023-11-22,SKU-A002,204.76
2023-11-23,SKU-A002,212.51
2023-11-24,SKU-A002,185.5
2023-11-25,SKU-A002,198.55
2023-11-26,SKU-A002,183.06
2023-11-27,SKU-A002,198.05
2023-11-28,SKU-A002,234.4
2023-11-29,SKU-A002,215.25
2023-11-30,SKU-A002,201.18
2023-12-01,SKU-A002,187.0
2023-12-02,SKU-A002,197.49
2023-12-03,SKU-A002,220.47
2023-12-04,SKU-A002,193.27
2023-12-05,SKU-A002,227.21
2023-12-06,SKU-A002,179.58
2023-12-07,SKU-A002,197.86
2023-12-08,SKU-A002,232.14
2023-12-09,SKU-A002,168.89
2023-12-10,SKU-A002,222.8
2023-12-11,SKU-A002,171.53
2023-12-12,SKU-A002,201.23
2023-12-13,SKU-A002,199.84
2023-12-14,SKU-A002,216.66
2023-12-15,SKU-A002,149.55
2023-12-16,SKU-A002,170.41
2023-12-17,SKU-A002,193.21
2023-12-18,SKU-A002,203.38
2023-12-19,SKU-A002,187.7
2023-12-20,SKU-A002,199.04
2023-12-21,SKU-A002,182.76
2023-12-22,SKU-A002,196.0
2023-12-23,SKU-A002,188.48
2023-12-24,SKU-A002,206.88
2023-12-25,SKU-A002,212.57
2023-12-26,SKU-A002,226.94
2023-12-27,SKU-A002,191.7
2023-12-28,SKU-A002,197.41
2023-12-29,SKU-A002,203.58
2023-12-30,SKU-A002,197.8
2023-12-31,SKU-A002,201.9
2024-01-01,SKU-A002,176.43
2024-01-02,SKU-A002,209.05
2024-01-03,SKU-A002,187.34
2024-01-04,SKU-A002,186.64
2024-01-05,SKU-A002,175.99
2024-01-06,SKU-A002,222.36
2024-01-07,SKU-A002,200.41
2024-01-08,SKU-A002,222.17
2024-01-09,SKU-A002,207.38
2024-01-10,SKU-A002,174.05
2024-01-11,SKU-A002,184.51
2024-01-12,SKU-A002,215.57
2024-01-13,SKU-A002,189.87
2024-01-14,SKU-A002,184.4
2024-01-15,SKU-A002,199.76
2024-01-16,SKU-A002,199.8
2024-01-17,SKU-A002,185.72
2024-01-18,SKU-A002,197.29
2024-01-19,SKU-A002,194.72
2024-01-20,SKU-A002,159.11
2024-01-21,SKU-A002,211.27
2024-01-22,SKU-A002,189.11
2024-01-23,SKU-A002,224.8
2024-01-24,SKU-A002,183.4
2024-01-25,SKU-A002,176.16
2024-01-26,SKU-A002,222.83
2024-01-27,SKU-A002,176.07
2024-01-28,SKU-A002,192.07
2024-01-29,SKU-A002,212.88
2024-01-30,SKU-A002,197.24
2024-01-31,SKU-A002,174.88
2024-02-01,SKU-A002,172.18
2024-02-02,SKU-A002,165.73
2024-02-03,SKU-A002,190.66
2024-02-04,SKU-A002,178.94
2024-02-05,SKU-A002,220.21
2024-02-06,SKU-A002,141.25
2024-02-07,SKU-A002,168.64
2024-02-08,SKU-A002,151.02
2024-02-09,SKU-A002,188.49
2024-02-10,SKU-A002,182.87
2024-02-11,SKU-A002,181.73
2024-02-12,SKU-A002,155.9
2024-02-13,SKU-A002,156.45
2024-02-14,SKU-A002,134.78
2024-02-15,SKU-A002,197.85
2024-02-16,SKU-A002,177.59
2024-02-17,SKU-A002,164.62
2024-02-18,SKU-A002,184.76
2024-02-19,SKU-A002,181.69
2024-02-20,SKU-A002,185.47
2024-02-21,SKU-A002,141.64
2024-02-22,SKU-A002,156.98
2024-02-23,SKU-A002,172.32
2024-02-24,SKU-A002,175.02
2024-02-25,SKU-A002,185.17
2024-02-26,SKU-A002,152.01
2024-02-27,SKU-A002,171.17
2024-02-28,SKU-A002,206.23
2024-02-29,SKU-A002,180.7
2024-03-01,SKU-A002,183.71
2024-03-02,SKU-A002,168.71
2024-03-03,SKU-A002,181.98
2024-03-04,SKU-A002,199.46
2024-03-05,SKU-A002,170.83
2024-03-06,SKU-A002,189.68
2024-03-07,SKU-A002,154.27
2024-03-08,SKU-A002,178.99
2024-03-09,SKU-A002,184.29
2024-03-10,SKU-A002,156.35
2024-03-11,SKU-A002,187.56
2024-03-12,SKU-A002,157.65
2024-03-13,SKU-A002,155.46
2024-03-14,SKU-A002,169.02
2024-03-15,SKU-A002,201.63
2024-03-16,SKU-A002,174.26
2024-03-17,SKU-A002,184.83
2024-03-18,SKU-A002,156.7
2024-03-19,SKU-A002,170.35
2024-03-20,SKU-A002,149.2
2024-03-21,SKU-A002,159.41
2024-03-22,SKU-A002,183.14
2024-03-23,SKU-A002,168.4
2024-03-24,SKU-A002,193.53
2024-03-25,SKU-A002,165.64
2023-01-01,SKU-A003,134.65
2023-01-02,SKU-A003,124.34
2023-01-03,SKU-A003,157.83
2023-01-04,SKU-A003,147.33
2023-01-05,SKU-A003,116.76
2023-01-06,SKU-A003,143.0
2023-01-07,SKU-A003,137.7
2023-01-08,SKU-A003,163.21
2023-01-09,SKU-A003,133.89
2023-01-10,SKU-A003,135.68
2023-01-11,SKU-A003,131.79
2023-01-12,SKU-A003,130.11
2023-01-13,SKU-A003,134.33
2023-01-14,SKU-A003,125.63
2023-01-15,SKU-A003,130.46
2023-01-16,SKU-A003,123.66
2023-01-17,SKU-A003,124.98
2023-01-18,SKU-A003,124.26
2023-01-19,SKU-A003,136.61
2023-01-20,SKU-A003,134.7
2023-01-21,SKU-A003,128.29
2023-01-22,SKU-A003,148.53
2023-01-23,SKU-A003,142.32
2023-01-24,SKU-A003,137.79
2023-01-25,SKU-A003,137.43
2023-01-26,SKU-A003,161.85
2023-01-27,SKU-A003,145.83
2023-01-28,SKU-A003,148.65
2023-01-29,SKU-A003,112.36
2023-01-30,SKU-A003,135.3
2023-01-31,SKU-A003,117.33
2023-02-01,SKU-A003,114.2
2023-02-02,SKU-A003,123.71
2023-02-03,SKU-A003,111.3
2023-02-04,SKU-A003,125.47
2023-02-05,SKU-A003,107.21
2023-02-06,SKU-A003,126.19
2023-02-07,SKU-A003,100.95
2023-02-08,SKU-A003,116.3
2023-02-09,SKU-A003,124.4
2023-02-10,SKU-A003,125.8
2023-02-11,SKU-A003,117.95
2023-02-12,SKU-A003,142.49
2023-02-13,SKU-A003,114.59
2023-02-14,SKU-A003,114.17
2023-02-15,SKU-A003,86.81
2023-02-16,SKU-A003,140.55
2023-02-17,SKU-A003,115.21
2023-02-18,SKU-A003,105.66
2023-02-19,SKU-A003,135.29
2023-02-20,SKU-A003,134.3
2023-02-21,SKU-A003,120.95
2023-02-22,SKU-A003,102.67
2023-02-23,SKU-A003,124.68
2023-02-24,SKU-A003,112.36
2023-02-25,SKU-A003,105.86
2023-02-26,SKU-A003,132.15
2023-02-27,SKU-A003,94.49
2023-02-28,SKU-A003,126.54
2023-03-01,SKU-A003,125.28
2023-03-02,SKU-A003,144.18
2023-03-03,SKU-A003,123.73
2023-03-04,SKU-A003,95.48
2023-03-05,SKU-A003,110.0
2023-03-06,SKU-A003,120.7
2023-03-07,SKU-A003,124.17
2023-03-08,SKU-A003,131.61
2023-03-09,SKU-A003,96.75
2023-03-10,SKU-A003,116.1
2023-03-11,SKU-A003,131.54
2023-03-12,SKU-A003,138.37
2023-03-13,SKU-A003,142.15
2023-03-14,SKU-A003,115.47
2023-03-15,SKU-A003,133.14
2023-03-16,SKU-A003,140.44
2023-03-17,SKU-A003,134.37
2023-03-18,SKU-A003,128.77
2023-03-19,SKU-A003,130.02
2023-03-20,SKU-A003,110.85
2023-03-21,SKU-A003,103.08
2023-03-22,SKU-A003,131.92
2023-03-23,SKU-A003,116.17
2023-03-24,SKU-A003,119.97
2023-03-25,SKU-A003,113.46
2023-03-26,SKU-A003,115.68
2023-03-27,SKU-A003,123.13
2023-03-28,SKU-A003,108.26
2023-03-29,SKU-A003,121.22
2023-03-30,SKU-A003,123.35
2023-03-31,SKU-A003,119.53
2023-04-01,SKU-A003,111.65
2023-04-02,SKU-A003,129.82
2023-04-03,SKU-A003,142.72
2023-04-04,SKU-A003,113.4
2023-04-05,SKU-A003,135.19
2023-04-06,SKU-A003,131.12
2023-04-07,SKU-A003,89.12
2023-04-08,SKU-A003,111.58
2023-04-09,SKU-A003,113.09
2023-04-10,SKU-A003,129.93
2023-04-11,SKU-A003,122.91
2023-04-12,SKU-A003,126.32
2023-04-13,SKU-A003,128.26
2023-04-14,SKU-A003,110.07
2023-04-15,SKU-A003,111.9
2023-04-16,SKU-A003,106.27
2023-04-17,SKU-A003,118.78
2023-04-18,SKU-A003,119.4
2023-04-19,SKU-A003,122.87
2023-04-20,SKU-A003,112.23
2023-04-21,SKU-A003,131.63
2023-04-22,SKU-A003,131.78
2023-04-23,SKU-A003,139.26
2023-04-24,SKU-A003,129.38
2023-04-25,SKU-A003,123.16
2023-04-26,SKU-A003,128.96
2023-04-27,SKU-A003,128.23
2023-04-28,SKU-A003,113.29
2023-04-29,SKU-A003,136.34
2023-04-30,SKU-A003,141.45
2023-05-01,SKU-A003,144.53
2023-05-02,SKU-A003,121.52
2023-05-03,SKU-A003,124.97
2023-05-04,SKU-A003,126.08
2023-05-05,SKU-A003,121.14
2023-05-06,SKU-A003,128.53
2023-05-07,SKU-A003,119.77
2023-05-08,SKU-A003,118.93
2023-05-09,SKU-A003,142.11
2023-05-10,SKU-A003,123.22
2023-05-11,SKU-A003,122.08
2023-05-12,SKU-A003,131.77
2023-05-13,SKU-A003,123.11
2023-05-14,SKU-A003,124.81
2023-05-15,SKU-A003,120.62
2023-05-16,SKU-A003,106.92
2023-05-17,SKU-A003,121.05
2023-05-18,SKU-A003,107.95
2023-05-19,SKU-A003,123.95
2023-05-20,SKU-A003,107.46
2023-05-21,SKU-A003,132.37
2023-05-22,SKU-A003,130.4
2023-05-23,SKU-A003,124.86
2023-05-24,SKU-A003,120.37
2023-05-25,SKU-A003,126.52
2023-05-26,SKU-A003,98.29
2023-05-27,SKU-A003,108.61
2023-05-28,SKU-A003,119.87
2023-05-29,SKU-A003,125.75
2023-05-30,SKU-A003,120.74
2023-05-31,SKU-A003,109.78
2023-06-01,SKU-A003,120.87
2023-06-02,SKU-A003,113.92
2023-06-03,SKU-A003,106.65
2023-06-04,SKU-A003,123.26
2023-06-05,SKU-A003,116.88
2023-06-06,SKU-A003,133.58
2023-06-07,SKU-A003,127.3
2023-06-08,SKU-A003,128.14
2023-06-09,SKU-A003,123.26
2023-06-10,SKU-A003,109.44
2023-06-11,SKU-A003,108.39
2023-06-12,SKU-A003,102.06
2023-06-13,SKU-A003,153.68
2023-06-14,SKU-A003,106.74
2023-06-15,SKU-A003,117.08
2023-06-16,SKU-A003,115.31
2023-06-17,SKU-A003,116.27
2023-06-18,SKU-A003,112.7
2023-06-19,SKU-A003,97.49
2023-06-20,SKU-A003,107.83
2023-06-21,SKU-A003,103.19
2023-06-22,SKU-A003,118.21
2023-06-23,SKU-A003,111.61
2023-06-24,SKU-A003,111.6
2023-06-25,SKU-A003,122.33
2023-06-26,SKU-A003,112.88
2023-06-27,SKU-A003,130.87
2023-06-28,SKU-A003,115.25
2023-06-29,SKU-A003,122.52
2023-06-30,SKU-A003,104.15
2023-07-01,SKU-A003,127.68
2023-07-02,SKU-A003,115.1
2023-07-03,SKU-A003,124.78
2023-07-04,SKU-A003,123.87
2023-07-05,SKU-A003,117.91
2023-07-06,SKU-A003,122.57
2023-07-07,SKU-A003,115.44
2023-07-08,SKU-A003,136.0
2023-07-09,SKU-A003,131.13
2023-07-10,SKU-A003,125.79
2023-07-11,SKU-A003,106.09
2023-07-12,SKU-A003,107.07
2023-07-13,SKU-A003,112.26
2023-07-14,SKU-A003,117.25
2023-07-15,SKU-A003,125.49
2023-07-16,SKU-A003,109.56
2023-07-17,SKU-A003,134.17
2023-07-18,SKU-A003,120.27
2023-07-19,SKU-A003,96.38
2023-07-20,SKU-A003,114.63
2023-07-21,SKU-A003,89.63
2023-07-22,SKU-A003,111.4
2023-07-23,SKU-A003,113.82
2023-07-24,SKU-A003,113.11
2023-07-25,SKU-A003,116.51
2023-07-26,SKU-A003,115.72
2023-07-27,SKU-A003,113.37
2023-07-28,SKU-A003,138.26
2023-07-29,SKU-A003,134.86
2023-07-30,SKU-A003,106.93
2023-07-31,SKU-A003,135.37
2023-08-01,SKU-A003,101.28
2023-08-02,SKU-A003,110.87
2023-08-03,SKU-A003,138.65
2023-08-04,SKU-A003,94.01
2023-08-05,SKU-A003,127.41
2023-08-06,SKU-A003,105.75
2023-08-07,SKU-A003,118.93
2023-08-08,SKU-A003,118.52
2023-08-09,SKU-A003,140.81
2023-08-10,SKU-A003,111.08
2023-08-11,SKU-A003,119.9
2023-08-12,SKU-A003,128.17
2023-08-13,SKU-A003,117.77
2023-08-14,SKU-A003,111.02
2023-08-15,SKU-A003,120.09
2023-08-16,SKU-A003,121.93
2023-08-17,SKU-A003,131.32
2023-08-18,SKU-A003,109.67
2023-08-19,SKU-A003,115.55
2023-08-20,SKU-A003,124.73
2023-08-21,SKU-A003,118.93
2023-08-22,SKU-A003,118.74
2023-08-23,SKU-A003,120.75
2023-08-24,SKU-A003,112.72
2023-08-25,SKU-A003,111.51
2023-08-26,SKU-A003,126.24
2023-08-27,SKU-A003,108.05
2023-08-28,SKU-A003,134.88
2023-08-29,SKU-A003,123.66
2023-08-30,SKU-A003,105.96
2023-08-31,SKU-A003,124.47
2023-09-01,SKU-A003,125.59
2023-09-02,SKU-A003,132.67
2023-09-03,SKU-A003,137.4
2023-09-04,SKU-A003,119.33
2023-09-05,SKU-A003,115.3
2023-09-06,SKU-A003,116.52
2023-09-07,SKU-A003,112.1
2023-09-08,SKU-A003,114.9
2023-09-09,SKU-A003,127.15
2023-09-10,SKU-A003,123.98
2023-09-11,SKU-A003,117.99
2023-09-12,SKU-A003,115.08
2023-09-13,SKU-A003,127.98
2023-09-14,SKU-A003,117.93
2023-09-15,SKU-A003,111.56
2023-09-16,SKU-A003,122.12
2023-09-17,SKU-A003,120.8
2023-09-18,SKU-A003,111.27
2023-09-19,SKU-A003,133.79
2023-09-20,SKU-A003,134.04
2023-09-21,SKU-A003,124.51
2023-09-22,SKU-A003,125.6
2023-09-23,SKU-A003,130.32
2023-09-24,SKU-A003,123.72
2023-09-25,SKU-A003,134.68
2023-09-26,SKU-A003,143.77
2023-09-27,SKU-A003,125.1
2023-09-28,SKU-A003,129.39
2023-09-29,SKU-A003,134.55
2023-09-30,SKU-A003,120.2
2023-10-01,SKU-A003,110.84
2023-10-02,SKU-A003,134.99
2023-10-03,SKU-A003,105.66
2023-10-04,SKU-A003,145.51
2023-10-05,SKU-A003,134.63
2023-10-06,SKU-A003,126.56
2023-10-07,SKU-A003,124.96
2023-10-08,SKU-A003,145.14
2023-10-09,SKU-A003,113.17
2023-10-10,SKU-A003,110.65
2023-10-11,SKU-A003,117.34
2023-10-12,SKU-A003,121.35
2023-10-13,SKU-A003,112.53
2023-10-14,SKU-A003,126.32
2023-10-15,SKU-A003,126.13
2023-10-16,SKU-A003,114.88
2023-10-17,SKU-A003,143.57
2023-10-18,SKU-A003,108.06
2023-10-19,SKU-A003,109.45
2023-10-20,SKU-A003,129.08
2023-10-21,SKU-A003,122.18
2023-10-22,SKU-A003,129.61
2023-10-23,SKU-A003,117.34
2023-10-24,SKU-A003,112.44
2023-10-25,SKU-A003,117.06
2023-10-26,SKU-A003,116.63
2023-10-27,SKU-A003,130.99
2023-10-28,SKU-A003,119.09
2023-10-29,SKU-A003,133.83
2023-10-30,SKU-A003,131.8
2023-10-31,SKU-A003,137.19
2023-11-01,SKU-A003,160.52
2023-11-02,SKU-A003,159.16
2023-11-03,SKU-A003,159.02
2023-11-04,SKU-A003,143.78
2023-11-05,SKU-A003,146.83
2023-11-06,SKU-A003,128.25
2023-11-07,SKU-A003,153.44
2023-11-08,SKU-A003,142.02
2023-11-09,SKU-A003,154.8
2023-11-10,SKU-A003,156.31
2023-11-11,SKU-A003,134.04
2023-11-12,SKU-A003,138.08
2023-11-13,SKU-A003,145.99
2023-11-14,SKU-A003,144.02
2023-11-15,SKU-A003,152.16
2023-11-16,SKU-A003,136.5
2023-11-17,SKU-A003,150.79
2023-11-18,SKU-A003,130.23
2023-11-19,SKU-A003,124.71
2023-11-20,SKU-A003,158.8
2023-11-21,SKU-A003,134.84
2023-11-22,SKU-A003,143.71
2023-11-23,SKU-A003,133.56
2023-11-24,SKU-A003,133.69
2023-11-25,SKU-A003,145.7
2023-11-26,SKU-A003,145.59
2023-11-27,SKU-A003,162.13
2023-11-28,SKU-A003,155.83
2023-11-29,SKU-A003,147.43
2023-11-30,SKU-A003,159.54
2023-12-01,SKU-A003,163.82
2023-12-02,SKU-A003,155.48
2023-12-03,SKU-A003,145.8
2023-12-04,SKU-A003,162.73
2023-12-05,SKU-A003,171.65
2023-12-06,SKU-A003,158.53
2023-12-07,SKU-A003,171.73
2023-12-08,SKU-A003,161.74
2023-12-09,SKU-A003,160.84
2023-12-10,SKU-A003,137.86
2023-12-11,SKU-A003,137.61
2023-12-12,SKU-A003,150.26
2023-12-13,SKU-A003,131.07
2023-12-14,SKU-A003,143.86
2023-12-15,SKU-A003,161.21
2023-12-16,SKU-A003,143.05
2023-12-17,SKU-A003,157.29
2023-12-18,SKU-A003,134.96
2023-12-19,SKU-A003,145.16
2023-12-20,SKU-A003,163.18
2023-12-21,SKU-A003,153.54
2023-12-22,SKU-A003,154.54
2023-12-23,SKU-A003,171.34
2023-12-24,SKU-A003,166.52
2023-12-25,SKU-A003,140.76
2023-12-26,SKU-A003,166.82
2023-12-27,SKU-A003,143.92
2023-12-28,SKU-A003,151.03
2023-12-29,SKU-A003,151.44
2023-12-30,SKU-A003,164.02
2023-12-31,SKU-A003,137.92
2024-01-01,SKU-A003,156.7
2024-01-02,SKU-A003,157.58
2024-01-03,SKU-A003,161.01
2024-01-04,SKU-A003,148.92
2024-01-05,SKU-A003,163.34
2024-01-06,SKU-A003,143.02
2024-01-07,SKU-A003,165.09
2024-01-08,SKU-A003,155.69
2024-01-09,SKU-A003,134.93
2024-01-10,SKU-A003,156.4
2024-01-11,SKU-A003,153.71
2024-01-12,SKU-A003,147.39
2024-01-13,SKU-A003,142.9
2024-01-14,SKU-A003,148.81
2024-01-15,SKU-A003,134.58
2024-01-16,SKU-A003,171.76
2024-01-17,SKU-A003,138.35
2024-01-18,SKU-A003,143.91
2024-01-19,SKU-A003,165.36
2024-01-20,SKU-A003,158.75
2024-01-21,SKU-A003,160.37
2024-01-22,SKU-A003,169.85
2024-01-23,SKU-A003,148.18
2024-01-24,SKU-A003,139.49
2024-01-25,SKU-A003,161.94
2024-01-26,SKU-A003,161.4
2024-01-27,SKU-A003,148.1
2024-01-28,SKU-A003,136.99
2024-01-29,SKU-A003,166.73
2024-01-30,SKU-A003,158.88
2024-01-31,SKU-A003,135.79
2024-02-01,SKU-A003,136.0
2024-02-02,SKU-A003,109.68
2024-02-03,SKU-A003,121.07
2024-02-04,SKU-A003,113.49
2024-02-05,SKU-A003,119.27
2024-02-06,SKU-A003,116.97
2024-02-07,SKU-A003,119.6
2024-02-08,SKU-A003,135.49
2024-02-09,SKU-A003,130.41
2024-02-10,SKU-A003,134.39
2024-02-11,SKU-A003,139.91
2024-02-12,SKU-A003,122.56
2024-02-13,SKU-A003,127.95
2024-02-14,SKU-A003,133.4
2024-02-15,SKU-A003,147.28
2024-02-16,SKU-A003,137.72
2024-02-17,SKU-A003,143.47
2024-02-18,SKU-A003,139.19
2024-02-19,SKU-A003,139.66
2024-02-20,SKU-A003,105.97
2024-02-21,SKU-A003,137.61
2024-02-22,SKU-A003,129.71
2024-02-23,SKU-A003,127.85
2024-02-24,SKU-A003,120.97
2024-02-25,SKU-A003,122.2
2024-02-26,SKU-A003,132.2
2024-02-27,SKU-A003,137.25
2024-02-28,SKU-A003,109.54
2024-02-29,SKU-A003,129.91
2024-03-01,SKU-A003,120.7
2024-03-02,SKU-A003,116.09
2024-03-03,SKU-A003,132.05
2024-03-04,SKU-A003,123.51
2024-03-05,SKU-A003,119.61
2024-03-06,SKU-A003,118.33
2024-03-07,SKU-A003,130.81
2024-03-08,SKU-A003,127.37
2024-03-09,SKU-A003,114.56
2024-03-10,SKU-A003,117.56
2024-03-11,SKU-A003,125.39
2024-03-12,SKU-A003,132.38
2024-03-13,SKU-A003,115.14
2024-03-14,SKU-A003,133.4
2024-03-15,SKU-A003,117.86
2024-03-16,SKU-A003,160.01
2024-03-17,SKU-A003,116.51
2024-03-18,SKU-A003,118.32
2024-03-19,SKU-A003,130.02
2024-03-20,SKU-A003,117.03
2024-03-21,SKU-A003,137.58
2024-03-22,SKU-A003,149.15
2024-03-23,SKU-A003,123.2
2024-03-24,SKU-A003,129.87
2024-03-25,SKU-A003,121.7
2023-01-01,SKU-A004,145.06
2023-01-02,SKU-A004,124.86
2023-01-03,SKU-A004,152.45
2023-01-04,SKU-A004,148.16
2023-01-05,SKU-A004,140.59
2023-01-06,SKU-A004,127.73
2023-01-07,SKU-A004,135.91
2023-01-08,SKU-A004,126.25
2023-01-09,SKU-A004,140.49
2023-01-10,SKU-A004,131.7
2023-01-11,SKU-A004,110.15
2023-01-12,SKU-A004,145.74
2023-01-13,SKU-A004,137.5
2023-01-14,SKU-A004,147.51
2023-01-15,SKU-A004,133.87
2023-01-16,SKU-A004,137.56
2023-01-17,SKU-A004,148.01
2023-01-18,SKU-A004,139.86
2023-01-19,SKU-A004,138.76
2023-01-20,SKU-A004,171.71
2023-01-21,SKU-A004,133.68
2023-01-22,SKU-A004,137.51
2023-01-23,SKU-A004,155.15
2023-01-24,SKU-A004,126.61
2023-01-25,SKU-A004,123.98
2023-01-26,SKU-A004,119.61
2023-01-27,SKU-A004,141.76
2023-01-28,SKU-A004,142.82
2023-01-29,SKU-A004,144.15
2023-01-30,SKU-A004,120.61
2023-01-31,SKU-A004,147.19
2023-02-01,SKU-A004,126.72
2023-02-02,SKU-A004,112.18
2023-02-03,SKU-A004,113.66
2023-02-04,SKU-A004,120.92
2023-02-05,SKU-A004,117.48
2023-02-06,SKU-A004,120.59
2023-02-07,SKU-A004,101.17
2023-02-08,SKU-A004,111.45
2023-02-09,SKU-A004,99.8
2023-02-10,SKU-A004,120.57
2023-02-11,SKU-A004,119.45
2023-02-12,SKU-A004,112.4
2023-02-13,SKU-A004,116.88
2023-02-14,SKU-A004,96.05
2023-02-15,SKU-A004,123.24
2023-02-16,SKU-A004,108.35
2023-02-17,SKU-A004,115.09
2023-02-18,SKU-A004,126.21
2023-02-19,SKU-A004,105.17
2023-02-20,SKU-A004,127.18
2023-02-21,SKU-A004,115.13
2023-02-22,SKU-A004,114.07
2023-02-23,SKU-A004,120.03
2023-02-24,SKU-A004,99.77
2023-02-25,SKU-A004,120.51
2023-02-26,SKU-A004,114.54
2023-02-27,SKU-A004,125.53
2023-02-28,SKU-A004,111.46
2023-03-01,SKU-A004,109.84
2023-03-02,SKU-A004,118.11
2023-03-03,SKU-A004,113.3
2023-03-04,SKU-A004,100.79
2023-03-05,SKU-A004,111.84
2023-03-06,SKU-A004,128.31
2023-03-07,SKU-A004,113.02
2023-03-08,SKU-A004,104.3
2023-03-09,SKU-A004,122.17
2023-03-10,SKU-A004,93.29
2023-03-11,SKU-A004,90.31
2023-03-12,SKU-A004,114.14
2023-03-13,SKU-A004,116.25
2023-03-14,SKU-A004,116.72
2023-03-15,SKU-A004,104.22
2023-03-16,SKU-A004,112.59
2023-03-17,SKU-A004,98.57
2023-03-18,SKU-A004,116.8
2023-03-19,SKU-A004,96.19
2023-03-20,SKU-A004,112.7
2023-03-21,SKU-A004,117.35
2023-03-22,SKU-A004,94.67
2023-03-23,SKU-A004,108.58
2023-03-24,SKU-A004,123.34
2023-03-25,SKU-A004,131.93
2023-03-26,SKU-A004,97.61
2023-03-27,SKU-A004,118.37
2023-03-28,SKU-A004,100.67
2023-03-29,SKU-A004,99.46
2023-03-30,SKU-A004,132.58
2023-03-31,SKU-A004,122.16
2023-04-01,SKU-A004,105.62
2023-04-02,SKU-A004,117.16
2023-04-03,SKU-A004,121.94
2023-04-04,SKU-A004,116.78
2023-04-05,SKU-A004,140.05
2023-04-06,SKU-A004,121.61
2023-04-07,SKU-A004,81.14
2023-04-08,SKU-A004,111.58
2023-04-09,SKU-A004,106.58
2023-04-10,SKU-A004,112.59
2023-04-11,SKU-A004,115.06
2023-04-12,SKU-A004,107.61
2023-04-13,SKU-A004,102.76
2023-04-14,SKU-A004,130.32
2023-04-15,SKU-A004,121.73
2023-04-16,SKU-A004,107.49
2023-04-17,SKU-A004,122.7
2023-04-18,SKU-A004,122.68
2023-04-19,SKU-A004,129.36
2023-04-20,SKU-A004,103.26
2023-04-21,SKU-A004,123.93
2023-04-22,SKU-A004,108.34
2023-04-23,SKU-A004,128.2
2023-04-24,SKU-A004,113.06
2023-04-25,SKU-A004,89.69
2023-04-26,SKU-A004,115.67
2023-04-27,SKU-A004,95.23
2023-04-28,SKU-A004,112.88
2023-04-29,SKU-A004,114.69
2023-04-30,SKU-A004,110.86
2023-05-01,SKU-A004,98.67
2023-05-02,SKU-A004,102.87
2023-05-03,SKU-A004,105.94
2023-05-04,SKU-A004,112.68
2023-05-05,SKU-A004,129.99
2023-05-06,SKU-A004,123.49
2023-05-07,SKU-A004,110.23
2023-05-08,SKU-A004,129.89
2023-05-09,SKU-A004,100.2
2023-05-10,SKU-A004,123.32
2023-05-11,SKU-A004,113.66
2023-05-12,SKU-A004,118.32
2023-05-13,SKU-A004,122.87
2023-05-14,SKU-A004,108.06
2023-05-15,SKU-A004,124.75
2023-05-16,SKU-A004,115.65
2023-05-17,SKU-A004,142.91
2023-05-18,SKU-A004,112.38
2023-05-19,SKU-A004,130.11
2023-05-20,SKU-A004,123.13
2023-05-21,SKU-A004,102.67
2023-05-22,SKU-A004,131.21
2023-05-23,SKU-A004,104.0
2023-05-24,SKU-A004,90.84
2023-05-25,SKU-A004,125.57
2023-05-26,SKU-A004,128.02
2023-05-27,SKU-A004,116.61
2023-05-28,SKU-A004,113.11
2023-05-29,SKU-A004,133.89
2023-05-30,SKU-A004,124.1
2023-05-31,SKU-A004,108.74
2023-06-01,SKU-A004,122.05
2023-06-02,SKU-A004,99.86
2023-06-03,SKU-A004,107.58
2023-06-04,SKU-A004,102.06
2023-06-05,SKU-A004,89.16
2023-06-06,SKU-A004,100.69
2023-06-07,SKU-A004,127.71
2023-06-08,SKU-A004,101.63
2023-06-09,SKU-A004,107.82
2023-06-10,SKU-A004,100.97
2023-06-11,SKU-A004,123.79
2023-06-12,SKU-A004,114.09
2023-06-13,SKU-A004,119.62
2023-06-14,SKU-A004,112.94
2023-06-15,SKU-A004,100.98
2023-06-16,SKU-A004,103.22
2023-06-17,SKU-A004,123.62
2023-06-18,SKU-A004,113.58
2023-06-19,SKU-A004,122.96
2023-06-20,SKU-A004,78.69
2023-06-21,SKU-A004,126.78
2023-06-22,SKU-A004,108.76
2023-06-23,SKU-A004,138.78
2023-06-24,SKU-A004,108.62
2023-06-25,SKU-A004,114.7
2023-06-26,SKU-A004,121.84
2023-06-27,SKU-A004,104.58
2023-06-28,SKU-A004,124.28
2023-06-29,SKU-A004,107.22
2023-06-30,SKU-A004,129.01
2023-07-01,SKU-A004,123.45
2023-07-02,SKU-A004,120.13
2023-07-03,SKU-A004,106.43
2023-07-04,SKU-A004,112.23
2023-07-05,SKU-A004,118.0
2023-07-06,SKU-A004,91.77
2023-07-07,SKU-A004,108.46
2023-07-08,SKU-A004,125.25
2023-07-09,SKU-A004,100.45
2023-07-10,SKU-A004,129.13
2023-07-11,SKU-A004,107.7
2023-07-12,SKU-A004,118.42
2023-07-13,SKU-A004,101.9
2023-07-14,SKU-A004,120.28
2023-07-15,SKU-A004,120.06
2023-07-16,SKU-A004,127.67
2023-07-17,SKU-A004,130.14
2023-07-18,SKU-A004,129.03
2023-07-19,SKU-A004,117.3
2023-07-20,SKU-A004,101.18
2023-07-21,SKU-A004,129.89
2023-07-22,SKU-A004,100.35
2023-07-23,SKU-A004,110.11
2023-07-24,SKU-A004,123.36
2023-07-25,SKU-A004,120.09
2023-07-26,SKU-A004,133.04
2023-07-27,SKU-A004,115.1
2023-07-28,SKU-A004,96.15
2023-07-29,SKU-A004,112.09
2023-07-30,SKU-A004,117.17
2023-07-31,SKU-A004,111.29
2023-08-01,SKU-A004,131.15
2023-08-02,SKU-A004,112.5
2023-08-03,SKU-A004,99.15
2023-08-04,SKU-A004,120.58
2023-08-05,SKU-A004,102.44
2023-08-06,SKU-A004,134.5
2023-08-07,SKU-A004,118.44
2023-08-08,SKU-A004,99.64
2023-08-09,SKU-A004,127.59
2023-08-10,SKU-A004,142.13
2023-08-11,SKU-A004,92.95
2023-08-12,SKU-A004,125.68
2023-08-13,SKU-A004,120.99
2023-08-14,SKU-A004,117.54
2023-08-15,SKU-A004,119.45
2023-08-16,SKU-A004,121.15
2023-08-17,SKU-A004,107.84
2023-08-18,SKU-A004,131.54
2023-08-19,SKU-A004,100.5
2023-08-20,SKU-A004,137.74
2023-08-21,SKU-A004,132.92
2023-08-22,SKU-A004,102.41
2023-08-23,SKU-A004,115.72
2023-08-24,SKU-A004,131.78
2023-08-25,SKU-A004,110.3
2023-08-26,SKU-A004,114.02
2023-08-27,SKU-A004,111.35
2023-08-28,SKU-A004,129.03
2023-08-29,SKU-A004,109.09
2023-08-30,SKU-A004,115.84
2023-08-31,SKU-A004,122.05
2023-09-01,SKU-A004,116.02
2023-09-02,SKU-A004,108.64
2023-09-03,SKU-A004,103.32
2023-09-04,SKU-A004,101.35
2023-09-05,SKU-A004,105.18
2023-09-06,SKU-A004,99.12
2023-09-07,SKU-A004,110.33
2023-09-08,SKU-A004,121.91
2023-09-09,SKU-A004,119.16
2023-09-10,SKU-A004,109.28
2023-09-11,SKU-A004,107.15
2023-09-12,SKU-A004,107.45
2023-09-13,SKU-A004,103.04
2023-09-14,SKU-A004,104.77
2023-09-15,SKU-A004,126.73
2023-09-16,SKU-A004,102.92
2023-09-17,SKU-A004,118.94
2023-09-18,SKU-A004,111.82
2023-09-19,SKU-A004,146.11
2023-09-20,SKU-A004,98.6
2023-09-21,SKU-A004,121.02
2023-09-22,SKU-A004,115.11
2023-09-23,SKU-A004,110.22
2023-09-24,SKU-A004,122.46
2023-09-25,SKU-A004,120.69
2023-09-26,SKU-A004,106.94
2023-09-27,SKU-A004,123.78
2023-09-28,SKU-A004,123.39
2023-09-29,SKU-A004,133.77
2023-09-30,SKU-A004,112.2
2023-10-01,SKU-A004,135.63
2023-10-02,SKU-A004,116.89
2023-10-03,SKU-A004,96.9
2023-10-04,SKU-A004,125.04
2023-10-05,SKU-A004,118.26
2023-10-06,SKU-A004,109.28
2023-10-07,SKU-A004,129.73
2023-10-08,SKU-A004,113.95
2023-10-09,SKU-A004,130.72
2023-10-10,SKU-A004,118.37
2023-10-11,SKU-A004,127.77
2023-10-12,SKU-A004,126.99
2023-10-13,SKU-A004,124.7
2023-10-14,SKU-A004,107.79
2023-10-15,SKU-A004,129.77
2023-10-16,SKU-A004,119.69
2023-10-17,SKU-A004,142.0
2023-10-18,SKU-A004,124.88
2023-10-19,SKU-A004,127.97
2023-10-20,SKU-A004,110.94
2023-10-21,SKU-A004,115.0
2023-10-22,SKU-A004,120.68
2023-10-23,SKU-A004,106.45
2023-10-24,SKU-A004,106.47
2023-10-25,SKU-A004,118.44
2023-10-26,SKU-A004,118.81
2023-10-27,SKU-A004,121.98
2023-10-28,SKU-A004,132.3
2023-10-29,SKU-A004,115.26
2023-10-30,SKU-A004,127.44
2023-10-31,SKU-A004,118.18
2023-11-01,SKU-A004,141.62
2023-11-02,SKU-A004,146.72
2023-11-03,SKU-A004,120.59
2023-11-04,SKU-A004,144.63
2023-11-05,SKU-A004,136.73
2023-11-06,SKU-A004,133.48
2023-11-07,SKU-A004,122.74
2023-11-08,SKU-A004,139.02
2023-11-09,SKU-A004,122.91
2023-11-10,SKU-A004,153.85
2023-11-11,SKU-A004,141.39
2023-11-12,SKU-A004,125.19
2023-11-13,SKU-A004,136.57
2023-11-14,SKU-A004,152.67
2023-11-15,SKU-A004,137.51
2023-11-16,SKU-A004,141.07
2023-11-17,SKU-A004,140.11
2023-11-18,SKU-A004,142.85
2023-11-19,SKU-A004,125.2
2023-11-20,SKU-A004,143.84
2023-11-21,SKU-A004,138.1
2023-11-22,SKU-A004,177.64
2023-11-23,SKU-A004,142.04
2023-11-24,SKU-A004,139.34
2023-11-25,SKU-A004,155.61
2023-11-26,SKU-A004,142.77
2023-11-27,SKU-A004,147.4
2023-11-28,SKU-A004,134.75
2023-11-29,SKU-A004,162.1
2023-11-30,SKU-A004,137.58
2023-12-01,SKU-A004,148.89
2023-12-02,SKU-A004,157.43
2023-12-03,SKU-A004,141.3
2023-12-04,SKU-A004,144.75
2023-12-05,SKU-A004,151.38
2023-12-06,SKU-A004,152.49
2023-12-07,SKU-A004,132.58
2023-12-08,SKU-A004,146.91
2023-12-09,SKU-A004,134.26
2023-12-10,SKU-A004,136.54
2023-12-11,SKU-A004,137.66
2023-12-12,SKU-A004,158.66
2023-12-13,SKU-A004,162.97
2023-12-14,SKU-A004,174.35
2023-12-15,SKU-A004,144.43
2023-12-16,SKU-A004,135.63
2023-12-17,SKU-A004,134.22
2023-12-18,SKU-A004,163.24
2023-12-19,SKU-A004,127.88
2023-12-20,SKU-A004,141.65
2023-12-21,SKU-A004,138.88
2023-12-22,SKU-A004,164.96
2023-12-23,SKU-A004,133.9
2023-12-24,SKU-A004,157.73
2023-12-25,SKU-A004,160.14
2023-12-26,SKU-A004,143.51
2023-12-27,SKU-A004,150.66
2023-12-28,SKU-A004,128.14
2023-12-29,SKU-A004,144.48
2023-12-30,SKU-A004,143.09
2023-12-31,SKU-A004,116.51
2024-01-01,SKU-A004,150.24
2024-01-02,SKU-A004,149.59
2024-01-03,SKU-A004,126.57
2024-01-04,SKU-A004,129.76
2024-01-05,SKU-A004,137.25
2024-01-06,SKU-A004,139.75
2024-01-07,SKU-A004,142.29
2024-01-08,SKU-A004,134.99
2024-01-09,SKU-A004,134.46
2024-01-10,SKU-A004,149.27
2024-01-11,SKU-A004,140.51
2024-01-12,SKU-A004,144.68
2024-01-13,SKU-A004,143.33
2024-01-14,SKU-A004,151.08
2024-01-15,SKU-A004,144.23
2024-01-16,SKU-A004,155.69
2024-01-17,SKU-A004,147.18
2024-01-18,SKU-A004,156.06
2024-01-19,SKU-A004,160.11
2024-01-20,SKU-A004,129.68
2024-01-21,SKU-A004,156.51
2024-01-22,SKU-A004,166.23
2024-01-23,SKU-A004,135.26
2024-01-24,SKU-A004,145.87
2024-01-25,SKU-A004,142.24
2024-01-26,SKU-A004,151.25
2024-01-27,SKU-A004,152.17
2024-01-28,SKU-A004,138.81
2024-01-29,SKU-A004,161.14
2024-01-30,SKU-A004,136.76
2024-01-31,SKU-A004,144.87
2024-02-01,SKU-A004,133.57
2024-02-02,SKU-A004,144.05
2024-02-03,SKU-A004,116.33
2024-02-04,SKU-A004,130.92
2024-02-05,SKU-A004,124.62
2024-02-06,SKU-A004,104.37
2024-02-07,SKU-A004,111.45
2024-02-08,SKU-A004,108.66
2024-02-09,SKU-A004,116.58
2024-02-10,SKU-A004,117.58
2024-02-11,SKU-A004,122.61
2024-02-12,SKU-A004,136.69
2024-02-13,SKU-A004,127.09
2024-02-14,SKU-A004,152.21
2024-02-15,SKU-A004,119.65
2024-02-16,SKU-A004,131.29
2024-02-17,SKU-A004,127.1
2024-02-18,SKU-A004,139.41
2024-02-19,SKU-A004,118.22
2024-02-20,SKU-A004,132.02
2024-02-21,SKU-A004,140.86
2024-02-22,SKU-A004,114.45
2024-02-23,SKU-A004,121.74
2024-02-24,SKU-A004,128.28
2024-02-25,SKU-A004,117.74
2024-02-26,SKU-A004,112.81
2024-02-27,SKU-A004,143.3
2024-02-28,SKU-A004,120.12
2024-02-29,SKU-A004,142.23
2024-03-01,SKU-A004,117.03
2024-03-02,SKU-A004,120.44
2024-03-03,SKU-A004,131.77
2024-03-04,SKU-A004,120.5
2024-03-05,SKU-A004,112.73
2024-03-06,SKU-A004,114.77
2024-03-07,SKU-A004,125.96
2024-03-08,SKU-A004,115.42
2024-03-09,SKU-A004,123.93
2024-03-10,SKU-A004,97.57
2024-03-11,SKU-A004,116.71
2024-03-12,SKU-A004,120.99
2024-03-13,SKU-A004,117.27
2024-03-14,SKU-A004,111.88
2024-03-15,SKU-A004,113.15
2024-03-16,SKU-A004,123.9
2024-03-17,SKU-A004,139.86
2024-03-18,SKU-A004,107.43
2024-03-19,SKU-A004,120.08
2024-03-20,SKU-A004,134.2
2024-03-21,SKU-A004,126.99
2024-03-22,SKU-A004,122.2
2024-03-23,SKU-A004,118.21
2024-03-24,SKU-A004,123.45
2024-03-25,SKU-A004,122.19
2023-01-01,SKU-A005,188.53
2023-01-02,SKU-A005,249.41
2023-01-03,SKU-A005,240.71
2023-01-04,SKU-A005,210.57
2023-01-05,SKU-A005,240.54
2023-01-06,SKU-A005,271.46
2023-01-07,SKU-A005,213.92
2023-01-08,SKU-A005,250.06
2023-01-09,SKU-A005,232.58
2023-01-10,SKU-A005,221.42
2023-01-11,SKU-A005,205.2
2023-01-12,SKU-A005,215.6
2023-01-13,SKU-A005,218.7
2023-01-14,SKU-A005,182.75
2023-01-15,SKU-A005,236.23
2023-01-16,SKU-A005,220.33
2023-01-17,SKU-A005,235.06
2023-01-18,SKU-A005,218.67
2023-01-19,SKU-A005,282.86
2023-01-20,SKU-A005,195.61
2023-01-21,SKU-A005,209.28
2023-01-22,SKU-A005,240.09
2023-01-23,SKU-A005,271.19
2023-01-24,SKU-A005,208.42
2023-01-25,SKU-A005,261.43
2023-01-26,SKU-A005,210.0
2023-01-27,SKU-A005,251.55
2023-01-28,SKU-A005,228.78
2023-01-29,SKU-A005,269.28
2023-01-30,SKU-A005,260.96
2023-01-31,SKU-A005,215.47
2023-02-01,SKU-A005,244.82
2023-02-02,SKU-A005,168.73
2023-02-03,SKU-A005,184.01
2023-02-04,SKU-A005,223.88
2023-02-05,SKU-A005,176.25
2023-02-06,SKU-A005,178.07
2023-02-07,SKU-A005,192.62
2023-02-08,SKU-A005,198.73
2023-02-09,SKU-A005,197.57
2023-02-10,SKU-A005,176.39
2023-02-11,SKU-A005,194.14
2023-02-12,SKU-A005,202.48
2023-02-13,SKU-A005,218.8
2023-02-14,SKU-A005,196.82
2023-02-15,SKU-A005,167.22
2023-02-16,SKU-A005,191.33
2023-02-17,SKU-A005,179.23
2023-02-18,SKU-A005,215.68
2023-02-19,SKU-A005,159.58
2023-02-20,SKU-A005,201.58
2023-02-21,SKU-A005,171.16
2023-02-22,SKU-A005,215.08
2023-02-23,SKU-A005,205.75
2023-02-24,SKU-A005,195.47
2023-02-25,SKU-A005,200.9
2023-02-26,SKU-A005,185.18
2023-02-27,SKU-A005,204.24
2023-02-28,SKU-A005,190.71
2023-03-01,SKU-A005,205.42
2023-03-02,SKU-A005,192.88
2023-03-03,SKU-A005,145.3
2023-03-04,SKU-A005,182.28
2023-03-05,SKU-A005,220.45
2023-03-06,SKU-A005,219.3
2023-03-07,SKU-A005,194.09
2023-03-08,SKU-A005,189.83
2023-03-09,SKU-A005,185.98
2023-03-10,SKU-A005,204.16
2023-03-11,SKU-A005,203.27
2023-03-12,SKU-A005,174.11
2023-03-13,SKU-A005,204.96
2023-03-14,SKU-A005,215.74
2023-03-15,SKU-A005,174.77
2023-03-16,SKU-A005,189.25
2023-03-17,SKU-A005,201.52
2023-03-18,SKU-A005,206.45
2023-03-19,SKU-A005,185.07
2023-03-20,SKU-A005,183.12
2023-03-21,SKU-A005,184.4
2023-03-22,SKU-A005,200.4
2023-03-23,SKU-A005,201.29
2023-03-24,SKU-A005,192.95
2023-03-25,SKU-A005,167.79
2023-03-26,SKU-A005,173.0
2023-03-27,SKU-A005,205.47
2023-03-28,SKU-A005,170.69
2023-03-29,SKU-A005,197.91
2023-03-30,SKU-A005,186.96
2023-03-31,SKU-A005,182.5
2023-04-01,SKU-A005,194.37
2023-04-02,SKU-A005,225.39
2023-04-03,SKU-A005,199.43
2023-04-04,SKU-A005,188.53
2023-04-05,SKU-A005,166.51
2023-04-06,SKU-A005,203.83
2023-04-07,SKU-A005,215.61
2023-04-08,SKU-A005,205.75
2023-04-09,SKU-A005,216.3
2023-04-10,SKU-A005,203.44
2023-04-11,SKU-A005,170.12
2023-04-12,SKU-A005,193.8
2023-04-13,SKU-A005,204.55
2023-04-14,SKU-A005,208.3
2023-04-15,SKU-A005,185.6
2023-04-16,SKU-A005,193.73
2023-04-17,SKU-A005,201.85
2023-04-18,SKU-A005,218.91
2023-04-19,SKU-A005,213.98
2023-04-20,SKU-A005,207.32
2023-04-21,SKU-A005,202.7
2023-04-22,SKU-A005,176.1
2023-04-23,SKU-A005,174.75
2023-04-24,SKU-A005,193.75
2023-04-25,SKU-A005,215.08
2023-04-26,SKU-A005,203.03
2023-04-27,SKU-A005,206.21
2023-04-28,SKU-A005,167.59
2023-04-29,SKU-A005,168.41
2023-04-30,SKU-A005,216.9
2023-05-01,SKU-A005,195.31
2023-05-02,SKU-A005,171.39
2023-05-03,SKU-A005,212.65
2023-05-04,SKU-A005,201.01
2023-05-05,SKU-A005,251.61
2023-05-06,SKU-A005,219.76
2023-05-07,SKU-A005,202.89
2023-05-08,SKU-A005,193.62
2023-05-09,SKU-A005,200.88
2023-05-10,SKU-A005,194.67
2023-05-11,SKU-A005,169.67
2023-05-12,SKU-A005,214.13
2023-05-13,SKU-A005,201.96
2023-05-14,SKU-A005,145.2
2023-05-15,SKU-A005,185.02
2023-05-16,SKU-A005,181.47
2023-05-17,SKU-A005,215.48
2023-05-18,SKU-A005,196.32
2023-05-19,SKU-A005,225.12
2023-05-20,SKU-A005,167.44
2023-05-21,SKU-A005,177.18
2023-05-22,SKU-A005,217.45
2023-05-23,SKU-A005,185.21
2023-05-24,SKU-A005,177.71
2023-05-25,SKU-A005,187.76
2023-05-26,SKU-A005,183.46
2023-05-27,SKU-A005,207.9
2023-05-28,SKU-A005,218.82
2023-05-29,SKU-A005,168.15
2023-05-30,SKU-A005,192.53
2023-05-31,SKU-A005,198.33
2023-06-01,SKU-A005,195.71
2023-06-02,SKU-A005,209.87
2023-06-03,SKU-A005,196.55
2023-06-04,SKU-A005,183.49
2023-06-05,SKU-A005,173.58
2023-06-06,SKU-A005,160.28
2023-06-07,SKU-A005,187.61
2023-06-08,SKU-A005,194.92
2023-06-09,SKU-A005,212.0
2023-06-10,SKU-A005,187.7
2023-06-11,SKU-A005,238.44
2023-06-12,SKU-A005,193.48
2023-06-13,SKU-A005,185.92
2023-06-14,SKU-A005,202.19
2023-06-15,SKU-A005,176.92
2023-06-16,SKU-A005,199.11
2023-06-17,SKU-A005,156.54
2023-06-18,SKU-A005,208.01
2023-06-19,SKU-A005,196.65
2023-06-20,SKU-A005,199.42
2023-06-21,SKU-A005,198.44
2023-06-22,SKU-A005,171.71
2023-06-23,SKU-A005,178.81
2023-06-24,SKU-A005,225.12
2023-06-25,SKU-A005,205.09
2023-06-26,SKU-A005,184.67
2023-06-27,SKU-A005,203.84
2023-06-28,SKU-A005,203.66
2023-06-29,SKU-A005,232.75
2023-06-30,SKU-A005,216.98
2023-07-01,SKU-A005,203.93
2023-07-02,SKU-A005,187.86
2023-07-03,SKU-A005,229.81
2023-07-04,SKU-A005,194.52
2023-07-05,SKU-A005,180.16
2023-07-06,SKU-A005,173.67
2023-07-07,SKU-A005,180.45
2023-07-08,SKU-A005,189.87
2023-07-09,SKU-A005,211.12
2023-07-10,SKU-A005,213.96
2023-07-11,SKU-A005,218.49
2023-07-12,SKU-A005,199.84
2023-07-13,SKU-A005,212.64
2023-07-14,SKU-A005,239.49
2023-07-15,SKU-A005,214.25
2023-07-16,SKU-A005,227.31
2023-07-17,SKU-A005,168.97
2023-07-18,SKU-A005,183.47
2023-07-19,SKU-A005,183.36
2023-07-20,SKU-A005,147.3
2023-07-21,SKU-A005,198.97
2023-07-22,SKU-A005,223.78
2023-07-23,SKU-A005,187.68
2023-07-24,SKU-A005,201.46
2023-07-25,SKU-A005,181.84
2023-07-26,SKU-A005,188.7
2023-07-27,SKU-A005,203.35
2023-07-28,SKU-A005,175.63
2023-07-29,SKU-A005,220.16
2023-07-30,SKU-A005,162.21
2023-07-31,SKU-A005,204.32
2023-08-01,SKU-A005,189.12
2023-08-02,SKU-A005,226.34
2023-08-03,SKU-A005,212.77
2023-08-04,SKU-A005,159.45
2023-08-05,SKU-A005,153.17
2023-08-06,SKU-A005,179.9
2023-08-07,SKU-A005,189.33
2023-08-08,SKU-A005,195.27
2023-08-09,SKU-A005,199.45
2023-08-10,SKU-A005,211.59
2023-08-11,SKU-A005,173.4
2023-08-12,SKU-A005,165.32
2023-08-13,SKU-A005,203.9
2023-08-14,SKU-A005,192.46
2023-08-15,SKU-A005,197.36
2023-08-16,SKU-A005,187.32
2023-08-17,SKU-A005,196.18
2023-08-18,SKU-A005,227.39
2023-08-19,SKU-A005,169.12
2023-08-20,SKU-A005,176.65
2023-08-21,SKU-A005,211.74
2023-08-22,SKU-A005,229.18
2023-08-23,SKU-A005,195.99
2023-08-24,SKU-A005,176.23
2023-08-25,SKU-A005,162.44
2023-08-26,SKU-A005,204.94
2023-08-27,SKU-A005,176.68
2023-08-28,SKU-A005,241.0
2023-08-29,SKU-A005,244.18
2023-08-30,SKU-A005,204.57
2023-08-31,SKU-A005,209.5
2023-09-01,SKU-A005,202.34
2023-09-02,SKU-A005,226.04
2023-09-03,SKU-A005,204.63
2023-09-04,SKU-A005,205.95
2023-09-05,SKU-A005,230.35
2023-09-06,SKU-A005,216.65
2023-09-07,SKU-A005,244.94
2023-09-08,SKU-A005,174.33
2023-09-09,SKU-A005,194.69
2023-09-10,SKU-A005,188.22
2023-09-11,SKU-A005,221.04
2023-09-12,SKU-A005,196.06
2023-09-13,SKU-A005,216.69
2023-09-14,SKU-A005,183.53
2023-09-15,SKU-A005,203.76
2023-09-16,SKU-A005,248.69
2023-09-17,SKU-A005,236.4
2023-09-18,SKU-A005,170.5
2023-09-19,SKU-A005,212.65
2023-09-20,SKU-A005,221.38
2023-09-21,SKU-A005,196.69
2023-09-22,SKU-A005,185.34
2023-09-23,SKU-A005,218.5
2023-09-24,SKU-A005,208.05
2023-09-25,SKU-A005,216.59
2023-09-26,SKU-A005,203.33
2023-09-27,SKU-A005,250.1
2023-09-28,SKU-A005,189.29
2023-09-29,SKU-A005,197.2
2023-09-30,SKU-A005,216.23
2023-10-01,SKU-A005,220.37
2023-10-02,SKU-A005,180.85
2023-10-03,SKU-A005,231.12
2023-10-04,SKU-A005,179.5
2023-10-05,SKU-A005,207.04
2023-10-06,SKU-A005,201.23
2023-10-07,SKU-A005,193.79
2023-10-08,SKU-A005,228.39
2023-10-09,SKU-A005,163.17
2023-10-10,SKU-A005,193.56
2023-10-11,SKU-A005,190.41
2023-10-12,SKU-A005,223.82
2023-10-13,SKU-A005,236.57
2023-10-14,SKU-A005,222.1
2023-10-15,SKU-A005,233.8
2023-10-16,SKU-A005,165.96
2023-10-17,SKU-A005,210.83
2023-10-18,SKU-A005,181.89
2023-10-19,SKU-A005,200.87
2023-10-20,SKU-A005,212.56
2023-10-21,SKU-A005,209.82
2023-10-22,SKU-A005,233.92
2023-10-23,SKU-A005,171.06
2023-10-24,SKU-A005,192.57
2023-10-25,SKU-A005,180.54
2023-10-26,SKU-A005,177.65
2023-10-27,SKU-A005,227.33
2023-10-28,SKU-A005,211.95
2023-10-29,SKU-A005,237.8
2023-10-30,SKU-A005,230.9
2023-10-31,SKU-A005,210.02
2023-11-01,SKU-A005,232.38
2023-11-02,SKU-A005,269.26
2023-11-03,SKU-A005,237.76
2023-11-04,SKU-A005,228.32
2023-11-05,SKU-A005,229.32
2023-11-06,SKU-A005,253.27
2023-11-07,SKU-A005,274.81
2023-11-08,SKU-A005,252.14
2023-11-09,SKU-A005,274.21
2023-11-10,SKU-A005,253.04
2023-11-11,SKU-A005,243.41
2023-11-12,SKU-A005,302.54
2023-11-13,SKU-A005,285.74
2023-11-14,SKU-A005,255.35
2023-11-15,SKU-A005,236.13
2023-11-16,SKU-A005,221.64
2023-11-17,SKU-A005,259.44
2023-11-18,SKU-A005,247.2
2023-11-19,SKU-A005,260.84
2023-11-20,SKU-A005,258.22
2023-11-21,SKU-A005,260.43
2023-11-22,SKU-A005,273.76
2023-11-23,SKU-A005,258.31
2023-11-24,SKU-A005,238.93
2023-11-25,SKU-A005,238.13
2023-11-26,SKU-A005,263.6
2023-11-27,SKU-A005,232.64
2023-11-28,SKU-A005,266.31
2023-11-29,SKU-A005,266.31
2023-11-30,SKU-A005,252.18
2023-12-01,SKU-A005,238.42
2023-12-02,SKU-A005,219.84
2023-12-03,SKU-A005,232.17
2023-12-04,SKU-A005,222.83
2023-12-05,SKU-A005,253.92
2023-12-06,SKU-A005,245.2
2023-12-07,SKU-A005,236.32
2023-12-08,SKU-A005,270.04
2023-12-09,SKU-A005,256.18
2023-12-10,SKU-A005,254.73
2023-12-11,SKU-A005,264.39
2023-12-12,SKU-A005,273.45
2023-12-13,SKU-A005,224.02
2023-12-14,SKU-A005,267.43
2023-12-15,SKU-A005,220.32
2023-12-16,SKU-A005,239.44
2023-12-17,SKU-A005,273.41
2023-12-18,SKU-A005,267.47
2023-12-19,SKU-A005,267.06
2023-12-20,SKU-A005,258.09
2023-12-21,SKU-A005,281.26
2023-12-22,SKU-A005,225.94
2023-12-23,SKU-A005,249.2
2023-12-24,SKU-A005,255.9
2023-12-25,SKU-A005,293.27
2023-12-26,SKU-A005,274.43
2023-12-27,SKU-A005,274.74
2023-12-28,SKU-A005,241.06
2023-12-29,SKU-A005,297.63
2023-12-30,SKU-A005,264.36
2023-12-31,SKU-A005,236.73
2024-01-01,SKU-A005,299.68
2024-01-02,SKU-A005,229.0
2024-01-03,SKU-A005,239.55
2024-01-04,SKU-A005,251.54
2024-01-05,SKU-A005,237.62
2024-01-06,SKU-A005,265.99
2024-01-07,SKU-A005,261.37
2024-01-08,SKU-A005,258.4
2024-01-09,SKU-A005,291.88
2024-01-10,SKU-A005,225.78
2024-01-11,SKU-A005,282.15
2024-01-12,SKU-A005,241.13
2024-01-13,SKU-A005,284.11
2024-01-14,SKU-A005,292.51
2024-01-15,SKU-A005,300.03
2024-01-16,SKU-A005,253.36
2024-01-17,SKU-A005,235.2
2024-01-18,SKU-A005,263.26
2024-01-19,SKU-A005,256.19
2024-01-20,SKU-A005,224.2
2024-01-21,SKU-A005,271.15
2024-01-22,SKU-A005,240.13
2024-01-23,SKU-A005,284.57
2024-01-24,SKU-A005,275.71
2024-01-25,SKU-A005,252.41
2024-01-26,SKU-A005,258.45
2024-01-27,SKU-A005,253.31
2024-01-28,SKU-A005,249.36
2024-01-29,SKU-A005,316.15
2024-01-30,SKU-A005,240.55
2024-01-31,SKU-A005,259.23
2024-02-01,SKU-A005,233.83
2024-02-02,SKU-A005,208.09
2024-02-03,SKU-A005,203.58
2024-02-04,SKU-A005,190.51
2024-02-05,SKU-A005,237.87
2024-02-06,SKU-A005,228.94
2024-02-07,SKU-A005,224.46
2024-02-08,SKU-A005,187.42
2024-02-09,SKU-A005,225.24
2024-02-10,SKU-A005,221.21
2024-02-11,SKU-A005,209.59
2024-02-12,SKU-A005,190.17
2024-02-13,SKU-A005,215.0
2024-02-14,SKU-A005,199.8
2024-02-15,SKU-A005,217.71
2024-02-16,SKU-A005,217.47
2024-02-17,SKU-A005,210.0
2024-02-18,SKU-A005,232.96
2024-02-19,SKU-A005,215.25
2024-02-20,SKU-A005,226.48
2024-02-21,SKU-A005,224.48
2024-02-22,SKU-A005,235.61
2024-02-23,SKU-A005,198.68
2024-02-24,SKU-A005,210.36
2024-02-25,SKU-A005,234.2
2024-02-26,SKU-A005,219.86
2024-02-27,SKU-A005,238.16
2024-02-28,SKU-A005,231.09
2024-02-29,SKU-A005,208.84
2024-03-01,SKU-A005,233.77
2024-03-02,SKU-A005,212.49
2024-03-03,SKU-A005,235.34
2024-03-04,SKU-A005,252.24
2024-03-05,SKU-A005,238.01
2024-03-06,SKU-A005,260.55
2024-03-07,SKU-A005,188.57
2024-03-08,SKU-A005,207.46
2024-03-09,SKU-A005,212.82
2024-03-10,SKU-A005,210.37
2024-03-11,SKU-A005,224.94
2024-03-12,SKU-A005,211.12
2024-03-13,SKU-A005,238.84
2024-03-14,SKU-A005,236.63
2024-03-15,SKU-A005,225.99
2024-03-16,SKU-A005,199.31
2024-03-17,SKU-A005,228.64
2024-03-18,SKU-A005,231.09
2024-03-19,SKU-A005,225.15
2024-03-20,SKU-A005,219.14
2024-03-21,SKU-A005,244.92
2024-03-22,SKU-A005,208.43
2024-03-23,SKU-A005,211.91
2024-03-24,SKU-A005,231.37
2024-03-25,SKU-A005,228.89
2023-01-01,SKU-B001,306.89
2023-01-02,SKU-B001,309.12
2023-01-03,SKU-B001,332.25
2023-01-04,SKU-B001,367.45
2023-01-05,SKU-B001,367.46
2023-01-06,SKU-B001,292.57
2023-01-07,SKU-B001,360.07
2023-01-08,SKU-B001,342.25
2023-01-09,SKU-B001,314.84
2023-01-10,SKU-B001,407.71
2023-01-11,SKU-B001,352.38
2023-01-12,SKU-B001,368.58
2023-01-13,SKU-B001,418.57
2023-01-14,SKU-B001,328.16
2023-01-15,SKU-B001,333.47
2023-01-16,SKU-B001,387.65
2023-01-17,SKU-B001,307.34
2023-01-18,SKU-B001,347.04
2023-01-19,SKU-B001,346.25
2023-01-20,SKU-B001,372.81
2023-01-21,SKU-B001,356.6
2023-01-22,SKU-B001,318.75
2023-01-23,SKU-B001,372.91
2023-01-24,SKU-B001,369.28
2023-01-25,SKU-B001,314.83
2023-01-26,SKU-B001,325.28
2023-01-27,SKU-B001,329.95
2023-01-28,SKU-B001,312.06
2023-01-29,SKU-B001,375.66
2023-01-30,SKU-B001,335.8
2023-01-31,SKU-B001,337.13
2023-02-01,SKU-B001,257.8
2023-02-02,SKU-B001,276.29
2023-02-03,SKU-B001,330.28
2023-02-04,SKU-B001,309.14
2023-02-05,SKU-B001,241.21
2023-02-06,SKU-B001,259.25
2023-02-07,SKU-B001,305.94
2023-02-08,SKU-B001,273.39
2023-02-09,SKU-B001,271.82
2023-02-10,SKU-B001,263.01
2023-02-11,SKU-B001,249.51
2023-02-12,SKU-B001,290.49
2023-02-13,SKU-B001,276.84
2023-02-14,SKU-B001,320.53
2023-02-15,SKU-B001,285.87
2023-02-16,SKU-B001,260.08
2023-02-17,SKU-B001,307.74
2023-02-18,SKU-B001,326.49
2023-02-19,SKU-B001,266.71
2023-02-20,SKU-B001,238.95
2023-02-21,SKU-B001,274.11
2023-02-22,SKU-B001,249.11
2023-02-23,SKU-B001,335.04
2023-02-24,SKU-B001,248.05
2023-02-25,SKU-B001,278.51
2023-02-26,SKU-B001,330.25
2023-02-27,SKU-B001,312.97
2023-02-28,SKU-B001,273.2
2023-03-01,SKU-B001,265.48
2023-03-02,SKU-B001,282.77
2023-03-03,SKU-B001,281.1
2023-03-04,SKU-B001,330.99
2023-03-05,SKU-B001,283.58
2023-03-06,SKU-B001,249.26
2023-03-07,SKU-B001,316.36
2023-03-08,SKU-B001,317.83
2023-03-09,SKU-B001,281.56
2023-03-10,SKU-B001,310.26
2023-03-11,SKU-B001,289.57
2023-03-12,SKU-B001,253.45
2023-03-13,SKU-B001,285.8
2023-03-14,SKU-B001,255.26
2023-03-15,SKU-B001,269.94
2023-03-16,SKU-B001,261.2
2023-03-17,SKU-B001,297.74
2023-03-18,SKU-B001,293.55
2023-03-19,SKU-B001,250.3
2023-03-20,SKU-B001,261.8
2023-03-21,SKU-B001,288.15
2023-03-22,SKU-B001,301.58
2023-03-23,SKU-B001,290.33
2023-03-24,SKU-B001,224.89
2023-03-25,SKU-B001,325.24
2023-03-26,SKU-B001,339.19
2023-03-27,SKU-B001,333.79
2023-03-28,SKU-B001,303.95
2023-03-29,SKU-B001,307.63
2023-03-30,SKU-B001,269.56
2023-03-31,SKU-B001,293.77
2023-04-01,SKU-B001,255.9
2023-04-02,SKU-B001,291.88
2023-04-03,SKU-B001,247.33
2023-04-04,SKU-B001,305.22
2023-04-05,SKU-B001,278.24
2023-04-06,SKU-B001,310.47
2023-04-07,SKU-B001,293.69
2023-04-08,SKU-B001,275.26
2023-04-09,SKU-B001,312.69
2023-04-10,SKU-B001,254.79
2023-04-11,SKU-B001,280.89
2023-04-12,SKU-B001,273.07
2023-04-13,SKU-B001,309.89
2023-04-14,SKU-B001,286.37
2023-04-15,SKU-B001,296.31
2023-04-16,SKU-B001,303.66
2023-04-17,SKU-B001,221.2
2023-04-18,SKU-B001,261.99
2023-04-19,SKU-B001,291.93
2023-04-20,SKU-B001,317.7
2023-04-21,SKU-B001,305.07
2023-04-22,SKU-B001,326.29
2023-04-23,SKU-B001,282.29
2023-04-24,SKU-B001,291.56
2023-04-25,SKU-B001,274.33
2023-04-26,SKU-B001,276.18
2023-04-27,SKU-B001,264.86
2023-04-28,SKU-B001,273.12
2023-04-29,SKU-B001,283.26
2023-04-30,SKU-B001,270.03
2023-05-01,SKU-B001,289.52
2023-05-02,SKU-B001,236.54
2023-05-03,SKU-B001,301.07
2023-05-04,SKU-B001,293.89
2023-05-05,SKU-B001,301.63
2023-05-06,SKU-B001,275.51
2023-05-07,SKU-B001,274.24
2023-05-08,SKU-B001,317.06
2023-05-09,SKU-B001,284.42
2023-05-10,SKU-B001,345.93
2023-05-11,SKU-B001,248.5
2023-05-12,SKU-B001,281.8
2023-05-13,SKU-B001,256.53
2023-05-14,SKU-B001,266.33
2023-05-15,SKU-B001,266.25
2023-05-16,SKU-B001,275.15
2023-05-17,SKU-B001,311.45
2023-05-18,SKU-B001,256.13
2023-05-19,SKU-B001,306.51
2023-05-20,SKU-B001,247.62
2023-05-21,SKU-B001,277.37
2023-05-22,SKU-B001,326.94
2023-05-23,SKU-B001,302.31
2023-05-24,SKU-B001,296.88
2023-05-25,SKU-B001,307.17
2023-05-26,SKU-B001,305.62
2023-05-27,SKU-B001,307.13
2023-05-28,SKU-B001,329.42
2023-05-29,SKU-B001,259.3
2023-05-30,SKU-B001,287.1
2023-05-31,SKU-B001,307.45
2023-06-01,SKU-B001,304.91
2023-06-02,SKU-B001,299.42
2023-06-03,SKU-B001,320.93
2023-06-04,SKU-B001,269.03
2023-06-05,SKU-B001,244.66
2023-06-06,SKU-B001,319.98
2023-06-07,SKU-B001,283.43
2023-06-08,SKU-B001,267.71
2023-06-09,SKU-B001,284.5
2023-06-10,SKU-B001,271.08
2023-06-11,SKU-B001,312.4
2023-06-12,SKU-B001,309.08
2023-06-13,SKU-B001,292.48
2023-06-14,SKU-B001,299.08
2023-06-15,SKU-B001,284.49
2023-06-16,SKU-B001,313.05
2023-06-17,SKU-B001,215.7
2023-06-18,SKU-B001,250.04
2023-06-19,SKU-B001,282.46
2023-06-20,SKU-B001,271.74
2023-06-21,SKU-B001,256.33
2023-06-22,SKU-B001,301.45
2023-06-23,SKU-B001,255.56
2023-06-24,SKU-B001,289.91
2023-06-25,SKU-B001,287.25
2023-06-26,SKU-B001,285.35
2023-06-27,SKU-B001,259.89
2023-06-28,SKU-B001,278.17
2023-06-29,SKU-B001,318.97
2023-06-30,SKU-B001,299.35
2023-07-01,SKU-B001,311.41
2023-07-02,SKU-B001,281.47
2023-07-03,SKU-B001,234.89
2023-07-04,SKU-B001,270.4
2023-07-05,SKU-B001,279.48
2023-07-06,SKU-B001,321.2
2023-07-07,SKU-B001,316.46
2023-07-08,SKU-B001,296.05
2023-07-09,SKU-B001,259.26
2023-07-10,SKU-B001,287.56
2023-07-11,SKU-B001,276.37
2023-07-12,SKU-B001,276.9
2023-07-13,SKU-B001,248.48
2023-07-14,SKU-B001,297.25
2023-07-15,SKU-B001,283.08
2023-07-16,SKU-B001,307.05
2023-07-17,SKU-B001,241.98
2023-07-18,SKU-B001,251.6
2023-07-19,SKU-B001,388.71
2023-07-20,SKU-B001,258.72
2023-07-21,SKU-B001,292.27
2023-07-22,SKU-B001,296.6
2023-07-23,SKU-B001,255.83
2023-07-24,SKU-B001,333.67
2023-07-25,SKU-B001,282.18
2023-07-26,SKU-B001,288.37
2023-07-27,SKU-B001,336.31
2023-07-28,SKU-B001,261.38
2023-07-29,SKU-B001,270.11
2023-07-30,SKU-B001,274.2
2023-07-31,SKU-B001,244.71
2023-08-01,SKU-B001,292.07
2023-08-02,SKU-B001,297.75
2023-08-03,SKU-B001,289.44
2023-08-04,SKU-B001,303.02
2023-08-05,SKU-B001,309.06
2023-08-06,SKU-B001,293.94
2023-08-07,SKU-B001,277.29
2023-08-08,SKU-B001,319.29
2023-08-09,SKU-B001,264.24
2023-08-10,SKU-B001,324.37
2023-08-11,SKU-B001,278.73
2023-08-12,SKU-B001,306.25
2023-08-13,SKU-B001,336.76
2023-08-14,SKU-B001,219.27
2023-08-15,SKU-B001,278.81
2023-08-16,SKU-B001,272.74
2023-08-17,SKU-B001,333.39
2023-08-18,SKU-B001,272.68
2023-08-19,SKU-B001,362.76
2023-08-20,SKU-B001,240.51
2023-08-21,SKU-B001,294.44
2023-08-22,SKU-B001,273.32
2023-08-23,SKU-B001,298.94
2023-08-24,SKU-B001,268.21
2023-08-25,SKU-B001,271.5
2023-08-26,SKU-B001,232.11
2023-08-27,SKU-B001,287.59
2023-08-28,SKU-B001,241.47
2023-08-29,SKU-B001,246.89
2023-08-30,SKU-B001,287.01
2023-08-31,SKU-B001,281.05
2023-09-01,SKU-B001,319.85
2023-09-02,SKU-B001,251.5
2023-09-03,SKU-B001,302.47
2023-09-04,SKU-B001,299.65
2023-09-05,SKU-B001,281.72
2023-09-06,SKU-B001,267.33
2023-09-07,SKU-B001,288.16
2023-09-08,SKU-B001,315.83
2023-09-09,SKU-B001,279.72
2023-09-10,SKU-B001,314.8
2023-09-11,SKU-B001,282.62
2023-09-12,SKU-B001,340.03
2023-09-13,SKU-B001,291.28
2023-09-14,SKU-B001,285.48
2023-09-15,SKU-B001,244.27
2023-09-16,SKU-B001,249.56
2023-09-17,SKU-B001,301.51
2023-09-18,SKU-B001,284.04
2023-09-19,SKU-B001,298.66
2023-09-20,SKU-B001,270.93
2023-09-21,SKU-B001,286.29
2023-09-22,SKU-B001,272.71
2023-09-23,SKU-B001,299.11
2023-09-24,SKU-B001,284.38
2023-09-25,SKU-B001,344.21
2023-09-26,SKU-B001,270.91
2023-09-27,SKU-B001,322.82
2023-09-28,SKU-B001,260.41
2023-09-29,SKU-B001,277.35
2023-09-30,SKU-B001,266.56
2023-10-01,SKU-B001,326.92
2023-10-02,SKU-B001,303.3
2023-10-03,SKU-B001,294.7
2023-10-04,SKU-B001,297.51
2023-10-05,SKU-B001,259.65
2023-10-06,SKU-B001,331.1
2023-10-07,SKU-B001,330.72
2023-10-08,SKU-B001,289.84
2023-10-09,SKU-B001,291.22
2023-10-10,SKU-B001,309.5
2023-10-11,SKU-B001,285.83
2023-10-12,SKU-B001,285.13
2023-10-13,SKU-B001,276.74
2023-10-14,SKU-B001,280.97
2023-10-15,SKU-B001,277.25
2023-10-16,SKU-B001,311.89
2023-10-17,SKU-B001,281.52
2023-10-18,SKU-B001,278.66
2023-10-19,SKU-B001,272.97
2023-10-20,SKU-B001,247.92
2023-10-21,SKU-B001,335.81
2023-10-22,SKU-B001,305.62
2023-10-23,SKU-B001,315.91
2023-10-24,SKU-B001,275.82
2023-10-25,SKU-B001,332.9
2023-10-26,SKU-B001,295.23
2023-10-27,SKU-B001,332.8
2023-10-28,SKU-B001,290.7
2023-10-29,SKU-B001,289.82
2023-10-30,SKU-B001,275.95
2023-10-31,SKU-B001,293.35
2023-11-01,SKU-B001,355.83
2023-11-02,SKU-B001,392.25
2023-11-03,SKU-B001,393.62
2023-11-04,SKU-B001,352.0
2023-11-05,SKU-B001,384.44
2023-11-06,SKU-B001,271.39
2023-11-07,SKU-B001,335.95
2023-11-08,SKU-B001,356.65
2023-11-09,SKU-B001,374.97
2023-11-10,SKU-B001,361.66
2023-11-11,SKU-B001,347.91
2023-11-12,SKU-B001,336.28
2023-11-13,SKU-B001,326.58
2023-11-14,SKU-B001,404.19
2023-11-15,SKU-B001,381.82
2023-11-16,SKU-B001,387.16
2023-11-17,SKU-B001,349.92
2023-11-18,SKU-B001,334.28
2023-11-19,SKU-B001,365.58
2023-11-20,SKU-B001,348.95
2023-11-21,SKU-B001,346.0
2023-11-22,SKU-B001,348.98
2023-11-23,SKU-B001,331.53
2023-11-24,SKU-B001,324.7
2023-11-25,SKU-B001,342.78
2023-11-26,SKU-B001,309.97
2023-11-27,SKU-B001,366.95
2023-11-28,SKU-B001,373.87
2023-11-29,SKU-B001,327.7
2023-11-30,SKU-B001,297.33
2023-12-01,SKU-B001,361.14
2023-12-02,SKU-B001,356.7
2023-12-03,SKU-B001,350.45
2023-12-04,SKU-B001,311.55
2023-12-05,SKU-B001,294.82
2023-12-06,SKU-B001,399.07
2023-12-07,SKU-B001,343.71
2023-12-08,SKU-B001,364.43
2023-12-09,SKU-B001,347.93
2023-12-10,SKU-B001,361.85
2023-12-11,SKU-B001,313.28
2023-12-12,SKU-B001,337.2
2023-12-13,SKU-B001,311.09
2023-12-14,SKU-B001,318.81
2023-12-15,SKU-B001,329.69
2023-12-16,SKU-B001,298.18
2023-12-17,SKU-B001,336.84
2023-12-18,SKU-B001,329.68
2023-12-19,SKU-B001,316.04
2023-12-20,SKU-B001,346.31
2023-12-21,SKU-B001,349.82
2023-12-22,SKU-B001,326.12
2023-12-23,SKU-B001,407.96
2023-12-24,SKU-B001,370.82
2023-12-25,SKU-B001,382.42
2023-12-26,SKU-B001,340.79
2023-12-27,SKU-B001,375.9
2023-12-28,SKU-B001,372.24
2023-12-29,SKU-B001,321.02
2023-12-30,SKU-B001,330.69
2023-12-31,SKU-B001,434.03
2024-01-01,SKU-B001,338.5
2024-01-02,SKU-B001,364.31
2024-01-03,SKU-B001,344.18
2024-01-04,SKU-B001,374.24
2024-01-05,SKU-B001,321.81
2024-01-06,SKU-B001,321.52
2024-01-07,SKU-B001,382.99
2024-01-08,SKU-B001,356.12
2024-01-09,SKU-B001,279.28
2024-01-10,SKU-B001,351.13
2024-01-11,SKU-B001,345.24
2024-01-12,SKU-B001,370.9
2024-01-13,SKU-B001,359.72
2024-01-14,SKU-B001,360.34
2024-01-15,SKU-B001,353.04
2024-01-16,SKU-B001,358.89
2024-01-17,SKU-B001,317.46
2024-01-18,SKU-B001,327.17
2024-01-19,SKU-B001,326.11
2024-01-20,SKU-B001,312.09
2024-01-21,SKU-B001,373.26
2024-01-22,SKU-B001,381.59
2024-01-23,SKU-B001,368.29
2024-01-24,SKU-B001,333.4
2024-01-25,SKU-B001,335.26
2024-01-26,SKU-B001,338.07
2024-01-27,SKU-B001,382.68
2024-01-28,SKU-B001,365.86
2024-01-29,SKU-B001,400.69
2024-01-30,SKU-B001,322.92
2024-01-31,SKU-B001,344.3
2024-02-01,SKU-B001,256.12
2024-02-02,SKU-B001,251.64
2024-02-03,SKU-B001,287.9
2024-02-04,SKU-B001,282.73
2024-02-05,SKU-B001,277.65
2024-02-06,SKU-B001,248.32
2024-02-07,SKU-B001,298.06
2024-02-08,SKU-B001,284.27
2024-02-09,SKU-B001,318.71
2024-02-10,SKU-B001,308.26
2024-02-11,SKU-B001,254.79
2024-02-12,SKU-B001,303.84
2024-02-13,SKU-B001,275.29
2024-02-14,SKU-B001,336.51
2024-02-15,SKU-B001,291.66
2024-02-16,SKU-B001,278.06
2024-02-17,SKU-B001,280.86
2024-02-18,SKU-B001,249.44
2024-02-19,SKU-B001,329.17
2024-02-20,SKU-B001,353.44
2024-02-21,SKU-B001,242.91
2024-02-22,SKU-B001,285.37
2024-02-23,SKU-B001,289.44
2024-02-24,SKU-B001,275.56
2024-02-25,SKU-B001,327.61
2024-02-26,SKU-B001,328.48
2024-02-27,SKU-B001,285.62
2024-02-28,SKU-B001,352.17
2024-02-29,SKU-B001,293.63
2024-03-01,SKU-B001,285.76
2024-03-02,SKU-B001,300.75
2024-03-03,SKU-B001,271.3
2024-03-04,SKU-B001,334.48
2024-03-05,SKU-B001,310.47
2024-03-06,SKU-B001,282.58
2024-03-07,SKU-B001,287.45
2024-03-08,SKU-B001,266.72
2024-03-09,SKU-B001,300.35
2024-03-10,SKU-B001,255.67
2024-03-11,SKU-B001,292.93
2024-03-12,SKU-B001,277.99
2024-03-13,SKU-B001,309.15
2024-03-14,SKU-B001,322.82
2024-03-15,SKU-B001,315.49
2024-03-16,SKU-B001,289.38
2024-03-17,SKU-B001,272.53
2024-03-18,SKU-B001,284.32
2024-03-19,SKU-B001,292.46
2024-03-20,SKU-B001,306.96
2024-03-21,SKU-B001,276.65
2024-03-22,SKU-B001,265.2
2024-03-23,SKU-B001,297.97
2024-03-24,SKU-B001,332.03
2024-03-25,SKU-B001,346.79
2023-01-01,SKU-B002,354.48
2023-01-02,SKU-B002,294.94
2023-01-03,SKU-B002,296.98
2023-01-04,SKU-B002,328.71
2023-01-05,SKU-B002,280.96
2023-01-06,SKU-B002,338.7
2023-01-07,SKU-B002,316.14
2023-01-08,SKU-B002,328.17
2023-01-09,SKU-B002,295.9
2023-01-10,SKU-B002,340.1
2023-01-11,SKU-B002,331.34
2023-01-12,SKU-B002,308.22
2023-01-13,SKU-B002,342.87
2023-01-14,SKU-B002,247.6
2023-01-15,SKU-B002,327.56
2023-01-16,SKU-B002,315.19
2023-01-17,SKU-B002,297.07
2023-01-18,SKU-B002,322.83
2023-01-19,SKU-B002,331.41
2023-01-20,SKU-B002,298.76
2023-01-21,SKU-B002,315.14
2023-01-22,SKU-B002,317.26
2023-01-23,SKU-B002,328.79
2023-01-24,SKU-B002,350.89
2023-01-25,SKU-B002,306.24
2023-01-26,SKU-B002,353.38
2023-01-27,SKU-B002,284.13
2023-01-28,SKU-B002,326.62
2023-01-29,SKU-B002,273.26
2023-01-30,SKU-B002,320.67
2023-01-31,SKU-B002,337.92
2023-02-01,SKU-B002,319.21
2023-02-02,SKU-B002,267.08
2023-02-03,SKU-B002,246.04
2023-02-04,SKU-B002,293.0
2023-02-05,SKU-B002,266.99
2023-02-06,SKU-B002,268.55
2023-02-07,SKU-B002,290.24
2023-02-08,SKU-B002,294.93
2023-02-09,SKU-B002,220.29
2023-02-10,SKU-B002,267.49
2023-02-11,SKU-B002,265.74
2023-02-12,SKU-B002,237.94
2023-02-13,SKU-B002,223.33
2023-02-14,SKU-B002,264.53
2023-02-15,SKU-B002,254.09
2023-02-16,SKU-B002,247.23
2023-02-17,SKU-B002,262.8
2023-02-18,SKU-B002,257.2
2023-02-19,SKU-B002,266.99
2023-02-20,SKU-B002,308.25
2023-02-21,SKU-B002,265.81
2023-02-22,SKU-B002,316.36
2023-02-23,SKU-B002,299.59
2023-02-24,SKU-B002,292.32
2023-02-25,SKU-B002,247.52
2023-02-26,SKU-B002,259.07
2023-02-27,SKU-B002,242.56
2023-02-28,SKU-B002,277.91
2023-03-01,SKU-B002,265.19
2023-03-02,SKU-B002,278.68
2023-03-03,SKU-B002,275.05
2023-03-04,SKU-B002,271.53
2023-03-05,SKU-B002,257.7
2023-03-06,SKU-B002,241.46
2023-03-07,SKU-B002,255.55
2023-03-08,SKU-B002,286.21
2023-03-09,SKU-B002,262.98
2023-03-10,SKU-B002,265.77
2023-03-11,SKU-B002,290.34
2023-03-12,SKU-B002,280.33
2023-03-13,SKU-B002,228.5
2023-03-14,SKU-B002,265.4
2023-03-15,SKU-B002,244.54
2023-03-16,SKU-B002,266.19
2023-03-17,SKU-B002,277.98
2023-03-18,SKU-B002,281.17
2023-03-19,SKU-B002,311.74
2023-03-20,SKU-B002,254.55
2023-03-21,SKU-B002,260.04
2023-03-22,SKU-B002,283.06
2023-03-23,SKU-B002,293.36
2023-03-24,SKU-B002,240.7
2023-03-25,SKU-B002,286.17
2023-03-26,SKU-B002,285.65
2023-03-27,SKU-B002,264.13
2023-03-28,SKU-B002,260.71
2023-03-29,SKU-B002,287.56
2023-03-30,SKU-B002,279.53
2023-03-31,SKU-B002,278.87
2023-04-01,SKU-B002,248.97
2023-04-02,SKU-B002,222.83
2023-04-03,SKU-B002,265.92
2023-04-04,SKU-B002,261.28
2023-04-05,SKU-B002,280.61
2023-04-06,SKU-B002,248.33
2023-04-07,SKU-B002,285.36
2023-04-08,SKU-B002,279.46
2023-04-09,SKU-B002,249.1
2023-04-10,SKU-B002,293.7
2023-04-11,SKU-B002,259.69
2023-04-12,SKU-B002,250.39
2023-04-13,SKU-B002,275.48
2023-04-14,SKU-B002,268.5
2023-04-15,SKU-B002,245.01
2023-04-16,SKU-B002,285.37
2023-04-17,SKU-B002,268.78
2023-04-18,SKU-B002,249.02
2023-04-19,SKU-B002,222.74
2023-04-20,SKU-B002,280.43
2023-04-21,SKU-B002,271.82
2023-04-22,SKU-B002,272.4
2023-04-23,SKU-B002,305.68
2023-04-24,SKU-B002,203.48
2023-04-25,SKU-B002,302.93
2023-04-26,SKU-B002,305.47
2023-04-27,SKU-B002,243.55
2023-04-28,SKU-B002,296.33
2023-04-29,SKU-B002,248.08
2023-04-30,SKU-B002,242.03
2023-05-01,SKU-B002,266.96
2023-05-02,SKU-B002,318.0
2023-05-03,SKU-B002,279.29
2023-05-04,SKU-B002,271.09
2023-05-05,SKU-B002,293.23
2023-05-06,SKU-B002,253.4
2023-05-07,SKU-B002,309.49
2023-05-08,SKU-B002,311.47
2023-05-09,SKU-B002,281.33
2023-05-10,SKU-B002,249.19
2023-05-11,SKU-B002,298.42
2023-05-12,SKU-B002,277.91
2023-05-13,SKU-B002,287.18
2023-05-14,SKU-B002,300.25
2023-05-15,SKU-B002,281.79
2023-05-16,SKU-B002,246.43
2023-05-17,SKU-B002,309.74
2023-05-18,SKU-B002,277.77
2023-05-19,SKU-B002,279.0
2023-05-20,SKU-B002,286.73
2023-05-21,SKU-B002,278.75
2023-05-22,SKU-B002,290.33
2023-05-23,SKU-B002,275.82
2023-05-24,SKU-B002,265.95
2023-05-25,SKU-B002,256.14
2023-05-26,SKU-B002,257.21
2023-05-27,SKU-B002,263.16
2023-05-28,SKU-B002,296.98
2023-05-29,SKU-B002,261.96
2023-05-30,SKU-B002,267.97
2023-05-31,SKU-B002,268.28
2023-06-01,SKU-B002,279.69
2023-06-02,SKU-B002,282.78
2023-06-03,SKU-B002,317.86
2023-06-04,SKU-B002,228.88
2023-06-05,SKU-B002,259.72
2023-06-06,SKU-B002,280.94
2023-06-07,SKU-B002,221.28
2023-06-08,SKU-B002,311.91
2023-06-09,SKU-B002,262.85
2023-06-10,SKU-B002,244.97
2023-06-11,SKU-B002,291.67
2023-06-12,SKU-B002,207.94
2023-06-13,SKU-B002,271.7
2023-06-14,SKU-B002,239.92
2023-06-15,SKU-B002,265.78
2023-06-16,SKU-B002,276.11
2023-06-17,SKU-B002,287.22
2023-06-18,SKU-B002,277.18
2023-06-19,SKU-B002,321.51
2023-06-20,SKU-B002,268.03
2023-06-21,SKU-B002,257.4
2023-06-22,SKU-B002,298.89
2023-06-23,SKU-B002,264.8
2023-06-24,SKU-B002,277.62
2023-06-25,SKU-B002,162.52
2023-06-26,SKU-B002,278.63
2023-06-27,SKU-B002,264.72
2023-06-28,SKU-B002,255.24
2023-06-29,SKU-B002,249.43
2023-06-30,SKU-B002,290.7
2023-07-01,SKU-B002,212.89
2023-07-02,SKU-B002,350.16
2023-07-03,SKU-B002,297.46
2023-07-04,SKU-B002,276.77
2023-07-05,SKU-B002,317.28
2023-07-06,SKU-B002,274.34
2023-07-07,SKU-B002,243.46
2023-07-08,SKU-B002,294.32
2023-07-09,SKU-B002,223.96
2023-07-10,SKU-B002,283.12
2023-07-11,SKU-B002,298.97
2023-07-12,SKU-B002,281.48
2023-07-13,SKU-B002,229.02
2023-07-14,SKU-B002,272.85
2023-07-15,SKU-B002,264.21
2023-07-16,SKU-B002,247.89
2023-07-17,SKU-B002,206.43
2023-07-18,SKU-B002,236.26
2023-07-19,SKU-B002,254.4
2023-07-20,SKU-B002,297.44
2023-07-21,SKU-B002,340.51
2023-07-22,SKU-B002,290.42
2023-07-23,SKU-B002,246.97
2023-07-24,SKU-B002,256.72
2023-07-25,SKU-B002,296.51
2023-07-26,SKU-B002,284.17
2023-07-27,SKU-B002,278.32
2023-07-28,SKU-B002,274.32
2023-07-29,SKU-B002,299.78
2023-07-30,SKU-B002,327.22
2023-07-31,SKU-B002,268.41
2023-08-01,SKU-B002,272.4
2023-08-02,SKU-B002,281.58
2023-08-03,SKU-B002,256.07
2023-08-04,SKU-B002,210.36
2023-08-05,SKU-B002,281.42
2023-08-06,SKU-B002,249.02
2023-08-07,SKU-B002,303.26
2023-08-08,SKU-B002,273.32
2023-08-09,SKU-B002,308.13
2023-08-10,SKU-B002,245.91
2023-08-11,SKU-B002,298.53
2023-08-12,SKU-B002,225.54
2023-08-13,SKU-B002,293.5
2023-08-14,SKU-B002,262.49
2023-08-15,SKU-B002,293.58
2023-08-16,SKU-B002,259.38
2023-08-17,SKU-B002,286.93
2023-08-18,SKU-B002,282.22
2023-08-19,SKU-B002,279.1
2023-08-20,SKU-B002,280.72
2023-08-21,SKU-B002,313.48
2023-08-22,SKU-B002,254.26
2023-08-23,SKU-B002,306.25
2023-08-24,SKU-B002,259.83
2023-08-25,SKU-B002,301.14
2023-08-26,SKU-B002,331.13
2023-08-27,SKU-B002,248.21
2023-08-28,SKU-B002,212.36
2023-08-29,SKU-B002,273.73
2023-08-30,SKU-B002,251.16
2023-08-31,SKU-B002,255.57
2023-09-01,SKU-B002,266.33
2023-09-02,SKU-B002,260.96
2023-09-03,SKU-B002,312.95
2023-09-04,SKU-B002,304.92
2023-09-05,SKU-B002,305.85
2023-09-06,SKU-B002,336.38
2023-09-07,SKU-B002,254.92
2023-09-08,SKU-B002,209.33
2023-09-09,SKU-B002,328.88
2023-09-10,SKU-B002,282.05
2023-09-11,SKU-B002,274.0
2023-09-12,SKU-B002,227.85
2023-09-13,SKU-B002,239.82
2023-09-14,SKU-B002,293.89
2023-09-15,SKU-B002,271.86
2023-09-16,SKU-B002,218.77
2023-09-17,SKU-B002,250.87
2023-09-18,SKU-B002,303.51
2023-09-19,SKU-B002,309.63
2023-09-20,SKU-B002,281.53
2023-09-21,SKU-B002,350.83
2023-09-22,SKU-B002,303.1
2023-09-23,SKU-B002,323.86
2023-09-24,SKU-B002,311.29
2023-09-25,SKU-B002,298.06
2023-09-26,SKU-B002,240.72
2023-09-27,SKU-B002,233.86
2023-09-28,SKU-B002,256.62
2023-09-29,SKU-B002,283.09
2023-09-30,SKU-B002,276.33
2023-10-01,SKU-B002,286.25
2023-10-02,SKU-B002,275.86
2023-10-03,SKU-B002,289.07
2023-10-04,SKU-B002,302.59
2023-10-05,SKU-B002,276.73
2023-10-06,SKU-B002,268.95
2023-10-07,SKU-B002,207.31
2023-10-08,SKU-B002,299.71
2023-10-09,SKU-B002,256.25
2023-10-10,SKU-B002,252.71
2023-10-11,SKU-B002,299.73
2023-10-12,SKU-B002,301.11
2023-10-13,SKU-B002,294.85
2023-10-14,SKU-B002,302.11
2023-10-15,SKU-B002,248.04
2023-10-16,SKU-B002,270.95
2023-10-17,SKU-B002,262.51
2023-10-18,SKU-B002,322.83
2023-10-19,SKU-B002,299.97
2023-10-20,SKU-B002,270.73
2023-10-21,SKU-B002,299.47
2023-10-22,SKU-B002,287.18
2023-10-23,SKU-B002,274.21
2023-10-24,SKU-B002,289.7
2023-10-25,SKU-B002,299.89
2023-10-26,SKU-B002,273.69
2023-10-27,SKU-B002,244.43
2023-10-28,SKU-B002,286.91
2023-10-29,SKU-B002,270.6
2023-10-30,SKU-B002,247.34
2023-10-31,SKU-B002,257.36
2023-11-01,SKU-B002,326.66
2023-11-02,SKU-B002,334.02
2023-11-03,SKU-B002,348.21
2023-11-04,SKU-B002,327.79
2023-11-05,SKU-B002,345.36
2023-11-06,SKU-B002,323.64
2023-11-07,SKU-B002,347.99
2023-11-08,SKU-B002,344.28
2023-11-09,SKU-B002,348.72
2023-11-10,SKU-B002,371.72
2023-11-11,SKU-B002,326.3
2023-11-12,SKU-B002,291.71
2023-11-13,SKU-B002,331.82
2023-11-14,SKU-B002,355.33
2023-11-15,SKU-B002,334.65
2023-11-16,SKU-B002,342.45
2023-11-17,SKU-B002,288.55
2023-11-18,SKU-B002,312.09
2023-11-19,SKU-B002,348.44
2023-11-20,SKU-B002,354.81
2023-11-21,SKU-B002,314.46
2023-11-22,SKU-B002,344.06
2023-11-23,SKU-B002,315.61
2023-11-24,SKU-B002,303.99
2023-11-25,SKU-B002,336.39
2023-11-26,SKU-B002,340.3
2023-11-27,SKU-B002,345.1
2023-11-28,SKU-B002,353.97
2023-11-29,SKU-B002,379.06
2023-11-30,SKU-B002,359.86
2023-12-01,SKU-B002,325.29
2023-12-02,SKU-B002,359.73
2023-12-03,SKU-B002,296.14
2023-12-04,SKU-B002,337.65
2023-12-05,SKU-B002,362.89
2023-12-06,SKU-B002,353.05
2023-12-07,SKU-B002,357.04
2023-12-08,SKU-B002,385.69
2023-12-09,SKU-B002,315.67
2023-12-10,SKU-B002,356.32
2023-12-11,SKU-B002,332.89
2023-12-12,SKU-B002,364.88
2023-12-13,SKU-B002,338.57
2023-12-14,SKU-B002,356.19
2023-12-15,SKU-B002,376.46
2023-12-16,SKU-B002,352.3
2023-12-17,SKU-B002,330.13
2023-12-18,SKU-B002,326.0
2023-12-19,SKU-B002,317.43
2023-12-20,SKU-B002,363.28
2023-12-21,SKU-B002,370.58
2023-12-22,SKU-B002,329.48
2023-12-23,SKU-B002,288.15
2023-12-24,SKU-B002,319.29
2023-12-25,SKU-B002,347.57
2023-12-26,SKU-B002,311.12
2023-12-27,SKU-B002,284.42
2023-12-28,SKU-B002,324.5
2023-12-29,SKU-B002,282.37
2023-12-30,SKU-B002,344.96
2023-12-31,SKU-B002,325.81
2024-01-01,SKU-B002,338.06
2024-01-02,SKU-B002,370.79
2024-01-03,SKU-B002,312.56
2024-01-04,SKU-B002,279.84
2024-01-05,SKU-B002,335.92
2024-01-06,SKU-B002,349.12
2024-01-07,SKU-B002,298.98
2024-01-08,SKU-B002,327.09
2024-01-09,SKU-B002,327.7
2024-01-10,SKU-B002,337.67
2024-01-11,SKU-B002,320.72
2024-01-12,SKU-B002,407.46
2024-01-13,SKU-B002,330.16
2024-01-14,SKU-B002,342.08
2024-01-15,SKU-B002,324.38
2024-01-16,SKU-B002,267.38
2024-01-17,SKU-B002,373.81
2024-01-18,SKU-B002,253.9
2024-01-19,SKU-B002,373.28
2024-01-20,SKU-B002,302.53
2024-01-21,SKU-B002,301.59
2024-01-22,SKU-B002,334.69
2024-01-23,SKU-B002,395.67
2024-01-24,SKU-B002,346.12
2024-01-25,SKU-B002,332.67
2024-01-26,SKU-B002,317.48
2024-01-27,SKU-B002,355.03
2024-01-28,SKU-B002,328.1
2024-01-29,SKU-B002,356.81
2024-01-30,SKU-B002,286.08
2024-01-31,SKU-B002,352.01
2024-02-01,SKU-B002,290.15
2024-02-02,SKU-B002,245.83
2024-02-03,SKU-B002,254.53
2024-02-04,SKU-B002,277.98
2024-02-05,SKU-B002,269.06
2024-02-06,SKU-B002,289.63
2024-02-07,SKU-B002,244.08
2024-02-08,SKU-B002,258.67
2024-02-09,SKU-B002,337.98
2024-02-10,SKU-B002,259.87
2024-02-11,SKU-B002,270.92
2024-02-12,SKU-B002,277.55
2024-02-13,SKU-B002,274.91
2024-02-14,SKU-B002,314.22
2024-02-15,SKU-B002,267.23
2024-02-16,SKU-B002,305.01
2024-02-17,SKU-B002,259.83
2024-02-18,SKU-B002,302.93
2024-02-19,SKU-B002,276.88
2024-02-20,SKU-B002,277.96
2024-02-21,SKU-B002,280.28
2024-02-22,SKU-B002,297.21
2024-02-23,SKU-B002,251.16
2024-02-24,SKU-B002,257.1
2024-02-25,SKU-B002,336.66
2024-02-26,SKU-B002,296.23
2024-02-27,SKU-B002,273.35
2024-02-28,SKU-B002,299.9
2024-02-29,SKU-B002,281.38
2024-03-01,SKU-B002,223.5
2024-03-02,SKU-B002,287.33
2024-03-03,SKU-B002,279.88
2024-03-04,SKU-B002,292.38
2024-03-05,SKU-B002,262.71
2024-03-06,SKU-B002,277.41
2024-03-07,SKU-B002,313.48
2024-03-08,SKU-B002,279.34
2024-03-09,SKU-B002,272.03
2024-03-10,SKU-B002,293.06
2024-03-11,SKU-B002,273.04
2024-03-12,SKU-B002,311.73
2024-03-13,SKU-B002,278.93
2024-03-14,SKU-B002,293.19
2024-03-15,SKU-B002,265.02
2024-03-16,SKU-B002,250.69
2024-03-17,SKU-B002,302.74
2024-03-18,SKU-B002,290.69
2024-03-19,SKU-B002,300.66
2024-03-20,SKU-B002,303.33
2024-03-21,SKU-B002,245.05
2024-03-22,SKU-B002,287.11
2024-03-23,SKU-B002,230.95
2024-03-24,SKU-B002,297.76
2024-03-25,SKU-B002,255.37
2023-01-01,SKU-B003,102.85
2023-01-02,SKU-B003,107.49
2023-01-03,SKU-B003,118.67
2023-01-04,SKU-B003,92.86
2023-01-05,SKU-B003,113.48
2023-01-06,SKU-B003,108.77
2023-01-07,SKU-B003,116.22
2023-01-08,SKU-B003,92.89
2023-01-09,SKU-B003,107.75
2023-01-10,SKU-B003,117.63
2023-01-11,SKU-B003,119.93
2023-01-12,SKU-B003,100.83
2023-01-13,SKU-B003,105.23
2023-01-14,SKU-B003,124.26
2023-01-15,SKU-B003,95.0
2023-01-16,SKU-B003,107.34
2023-01-17,SKU-B003,109.34
2023-01-18,SKU-B003,109.32
2023-01-19,SKU-B003,99.37
2023-01-20,SKU-B003,116.42
2023-01-21,SKU-B003,115.74
2023-01-22,SKU-B003,124.07
2023-01-23,SKU-B003,100.65
2023-01-24,SKU-B003,103.45
2023-01-25,SKU-B003,117.62
2023-01-26,SKU-B003,124.07
2023-01-27,SKU-B003,107.7
2023-01-28,SKU-B003,94.08
2023-01-29,SKU-B003,105.85
2023-01-30,SKU-B003,116.45
2023-01-31,SKU-B003,113.89
2023-02-01,SKU-B003,99.82
2023-02-02,SKU-B003,107.11
2023-02-03,SKU-B003,85.97
2023-02-04,SKU-B003,81.73
2023-02-05,SKU-B003,79.05
2023-02-06,SKU-B003,88.75
2023-02-07,SKU-B003,99.0
2023-02-08,SKU-B003,105.36
2023-02-09,SKU-B003,91.82
2023-02-10,SKU-B003,90.0
2023-02-11,SKU-B003,88.67
2023-02-12,SKU-B003,100.88
2023-02-13,SKU-B003,83.03
2023-02-14,SKU-B003,88.93
2023-02-15,SKU-B003,89.18
2023-02-16,SKU-B003,89.64
2023-02-17,SKU-B003,106.11
2023-02-18,SKU-B003,81.88
2023-02-19,SKU-B003,111.92
2023-02-20,SKU-B003,84.01
2023-02-21,SKU-B003,82.53
2023-02-22,SKU-B003,83.97
2023-02-23,SKU-B003,95.72
2023-02-24,SKU-B003,89.78
2023-02-25,SKU-B003,99.97
2023-02-26,SKU-B003,82.52
2023-02-27,SKU-B003,74.9
2023-02-28,SKU-B003,86.59
2023-03-01,SKU-B003,92.43
2023-03-02,SKU-B003,76.73
2023-03-03,SKU-B003,88.97
2023-03-04,SKU-B003,94.74
2023-03-05,SKU-B003,82.69
2023-03-06,SKU-B003,82.54
2023-03-07,SKU-B003,80.11
2023-03-08,SKU-B003,88.65
2023-03-09,SKU-B003,94.04
2023-03-10,SKU-B003,114.6
2023-03-11,SKU-B003,100.41
2023-03-12,SKU-B003,78.63
2023-03-13,SKU-B003,76.16
2023-03-14,SKU-B003,88.97
2023-03-15,SKU-B003,104.07
2023-03-16,SKU-B003,95.86
2023-03-17,SKU-B003,85.24
2023-03-18,SKU-B003,98.96
2023-03-19,SKU-B003,102.34
2023-03-20,SKU-B003,103.1
2023-03-21,SKU-B003,80.41
2023-03-22,SKU-B003,93.91
2023-03-23,SKU-B003,78.49
2023-03-24,SKU-B003,82.76
2023-03-25,SKU-B003,78.52
2023-03-26,SKU-B003,87.64
2023-03-27,SKU-B003,77.11
2023-03-28,SKU-B003,96.96
2023-03-29,SKU-B003,89.89
2023-03-30,SKU-B003,82.25
2023-03-31,SKU-B003,94.37
2023-04-01,SKU-B003,103.75
2023-04-02,SKU-B003,93.12
2023-04-03,SKU-B003,84.78
2023-04-04,SKU-B003,87.48
2023-04-05,SKU-B003,89.09
2023-04-06,SKU-B003,83.73
2023-04-07,SKU-B003,74.67
2023-04-08,SKU-B003,86.64
2023-04-09,SKU-B003,101.19
2023-04-10,SKU-B003,82.62
2023-04-11,SKU-B003,72.72
2023-04-12,SKU-B003,89.25
2023-04-13,SKU-B003,99.95
2023-04-14,SKU-B003,74.6
2023-04-15,SKU-B003,91.76
2023-04-16,SKU-B003,93.75
2023-04-17,SKU-B003,94.88
2023-04-18,SKU-B003,95.06
2023-04-19,SKU-B003,95.53
2023-04-20,SKU-B003,75.86
2023-04-21,SKU-B003,95.6
2023-04-22,SKU-B003,102.44
2023-04-23,SKU-B003,88.09
2023-04-24,SKU-B003,93.42
2023-04-25,SKU-B003,80.98
2023-04-26,SKU-B003,101.78
2023-04-27,SKU-B003,84.54
2023-04-28,SKU-B003,104.9
2023-04-29,SKU-B003,86.69
2023-04-30,SKU-B003,96.18
2023-05-01,SKU-B003,85.32
2023-05-02,SKU-B003,106.96
2023-05-03,SKU-B003,72.41
2023-05-04,SKU-B003,93.43
2023-05-05,SKU-B003,71.45
2023-05-06,SKU-B003,79.31
2023-05-07,SKU-B003,107.1
2023-05-08,SKU-B003,98.27
2023-05-09,SKU-B003,72.08
2023-05-10,SKU-B003,90.08
2023-05-11,SKU-B003,84.57
2023-05-12,SKU-B003,95.25
2023-05-13,SKU-B003,106.75
2023-05-14,SKU-B003,96.01
2023-05-15,SKU-B003,94.05
2023-05-16,SKU-B003,94.71
2023-05-17,SKU-B003,80.35
2023-05-18,SKU-B003,96.45
2023-05-19,SKU-B003,98.42
2023-05-20,SKU-B003,84.67
2023-05-21,SKU-B003,84.4
2023-05-22,SKU-B003,103.18
2023-05-23,SKU-B003,92.05
2023-05-24,SKU-B003,79.97
2023-05-25,SKU-B003,86.37
2023-05-26,SKU-B003,86.07
2023-05-27,SKU-B003,89.6
2023-05-28,SKU-B003,89.53
2023-05-29,SKU-B003,87.95
2023-05-30,SKU-B003,105.21
2023-05-31,SKU-B003,97.66
2023-06-01,SKU-B003,101.7
2023-06-02,SKU-B003,73.19
2023-06-03,SKU-B003,89.4
2023-06-04,SKU-B003,98.94
2023-06-05,SKU-B003,94.91
2023-06-06,SKU-B003,82.31
2023-06-07,SKU-B003,81.63
2023-06-08,SKU-B003,97.03
2023-06-09,SKU-B003,86.51
2023-06-10,SKU-B003,94.24
2023-06-11,SKU-B003,89.83
2023-06-12,SKU-B003,87.37
2023-06-13,SKU-B003,89.51
2023-06-14,SKU-B003,80.99
2023-06-15,SKU-B003,103.7
2023-06-16,SKU-B003,93.36
2023-06-17,SKU-B003,101.0
2023-06-18,SKU-B003,83.69
2023-06-19,SKU-B003,83.6
2023-06-20,SKU-B003,85.58
2023-06-21,SKU-B003,80.72
2023-06-22,SKU-B003,94.54
2023-06-23,SKU-B003,94.85
2023-06-24,SKU-B003,83.86
2023-06-25,SKU-B003,85.59
2023-06-26,SKU-B003,91.85
2023-06-27,SKU-B003,81.72
2023-06-28,SKU-B003,84.8
2023-06-29,SKU-B003,102.48
2023-06-30,SKU-B003,81.78
2023-07-01,SKU-B003,83.84
2023-07-02,SKU-B003,110.96
2023-07-03,SKU-B003,69.4
2023-07-04,SKU-B003,77.86
2023-07-05,SKU-B003,104.62
2023-07-06,SKU-B003,84.82
2023-07-07,SKU-B003,92.98
2023-07-08,SKU-B003,107.52
2023-07-09,SKU-B003,82.07
2023-07-10,SKU-B003,83.2
2023-07-11,SKU-B003,92.2
2023-07-12,SKU-B003,87.83
2023-07-13,SKU-B003,83.81
2023-07-14,SKU-B003,87.32
2023-07-15,SKU-B003,76.6
2023-07-16,SKU-B003,92.71
2023-07-17,SKU-B003,96.02
2023-07-18,SKU-B003,87.08
2023-07-19,SKU-B003,86.53
2023-07-20,SKU-B003,93.46
2023-07-21,SKU-B003,83.71
2023-07-22,SKU-B003,85.78
2023-07-23,SKU-B003,87.93
2023-07-24,SKU-B003,101.76
2023-07-25,SKU-B003,88.11
2023-07-26,SKU-B003,87.53
2023-07-27,SKU-B003,87.08
2023-07-28,SKU-B003,85.12
2023-07-29,SKU-B003,79.9
2023-07-30,SKU-B003,80.32
2023-07-31,SKU-B003,96.29
2023-08-01,SKU-B003,83.47
2023-08-02,SKU-B003,89.4
2023-08-03,SKU-B003,84.3
2023-08-04,SKU-B003,76.66
2023-08-05,SKU-B003,84.41
2023-08-06,SKU-B003,101.12
2023-08-07,SKU-B003,84.87
2023-08-08,SKU-B003,82.52
2023-08-09,SKU-B003,84.76
2023-08-10,SKU-B003,85.6
2023-08-11,SKU-B003,90.65
2023-08-12,SKU-B003,84.91
2023-08-13,SKU-B003,87.73
2023-08-14,SKU-B003,84.21
2023-08-15,SKU-B003,91.82
2023-08-16,SKU-B003,91.41
2023-08-17,SKU-B003,90.52
2023-08-18,SKU-B003,94.3
2023-08-19,SKU-B003,87.74
2023-08-20,SKU-B003,99.51
2023-08-21,SKU-B003,92.82
2023-08-22,SKU-B003,101.99
2023-08-23,SKU-B003,87.92
2023-08-24,SKU-B003,91.08
2023-08-25,SKU-B003,82.52
2023-08-26,SKU-B003,88.79
2023-08-27,SKU-B003,95.99
2023-08-28,SKU-B003,85.37
2023-08-29,SKU-B003,102.05
2023-08-30,SKU-B003,88.89
2023-08-31,SKU-B003,102.87
2023-09-01,SKU-B003,81.06
2023-09-02,SKU-B003,87.99
2023-09-03,SKU-B003,86.03
2023-09-04,SKU-B003,99.55
2023-09-05,SKU-B003,96.25
2023-09-06,SKU-B003,89.8
2023-09-07,SKU-B003,86.4
2023-09-08,SKU-B003,90.25
2023-09-09,SKU-B003,97.0
2023-09-10,SKU-B003,98.0
2023-09-11,SKU-B003,89.97
2023-09-12,SKU-B003,86.49
2023-09-13,SKU-B003,91.43
2023-09-14,SKU-B003,91.67
2023-09-15,SKU-B003,92.78
2023-09-16,SKU-B003,86.45
2023-09-17,SKU-B003,106.14
2023-09-18,SKU-B003,84.88
2023-09-19,SKU-B003,104.1
2023-09-20,SKU-B003,103.04
2023-09-21,SKU-B003,99.03
2023-09-22,SKU-B003,107.36
2023-09-23,SKU-B003,95.53
2023-09-24,SKU-B003,87.7
2023-09-25,SKU-B003,85.85
2023-09-26,SKU-B003,84.53
2023-09-27,SKU-B003,98.07
2023-09-28,SKU-B003,77.27
2023-09-29,SKU-B003,77.79
2023-09-30,SKU-B003,104.31
2023-10-01,SKU-B003,99.65
2023-10-02,SKU-B003,94.29
2023-10-03,SKU-B003,98.86
2023-10-04,SKU-B003,97.52
2023-10-05,SKU-B003,88.9
2023-10-06,SKU-B003,77.4
2023-10-07,SKU-B003,102.1
2023-10-08,SKU-B003,94.59
2023-10-09,SKU-B003,78.24
2023-10-10,SKU-B003,91.87
2023-10-11,SKU-B003,86.39
2023-10-12,SKU-B003,89.56
2023-10-13,SKU-B003,87.66
2023-10-14,SKU-B003,95.55
2023-10-15,SKU-B003,88.74
2023-10-16,SKU-B003,80.24
2023-10-17,SKU-B003,96.65
2023-10-18,SKU-B003,94.97
2023-10-19,SKU-B003,77.82
2023-10-20,SKU-B003,94.29
2023-10-21,SKU-B003,98.59
2023-10-22,SKU-B003,89.26
2023-10-23,SKU-B003,92.31
2023-10-24,SKU-B003,83.77
2023-10-25,SKU-B003,74.93
2023-10-26,SKU-B003,95.32
2023-10-27,SKU-B003,89.85
2023-10-28,SKU-B003,94.5
2023-10-29,SKU-B003,88.54
2023-10-30,SKU-B003,88.31
2023-10-31,SKU-B003,92.11
2023-11-01,SKU-B003,108.22
2023-11-02,SKU-B003,116.57
2023-11-03,SKU-B003,104.99
2023-11-04,SKU-B003,95.84
2023-11-05,SKU-B003,110.1
2023-11-06,SKU-B003,97.11
2023-11-07,SKU-B003,86.07
2023-11-08,SKU-B003,98.97
2023-11-09,SKU-B003,104.88
2023-11-10,SKU-B003,101.68
2023-11-11,SKU-B003,95.03
2023-11-12,SKU-B003,106.81
2023-11-13,SKU-B003,119.75
2023-11-14,SKU-B003,116.28
2023-11-15,SKU-B003,108.91
2023-11-16,SKU-B003,117.11
2023-11-17,SKU-B003,104.89
2023-11-18,SKU-B003,100.93
2023-11-19,SKU-B003,114.94
2023-11-20,SKU-B003,99.13
2023-11-21,SKU-B003,111.86
2023-11-22,SKU-B003,108.63
2023-11-23,SKU-B003,105.61
2023-11-24,SKU-B003,104.76
2023-11-25,SKU-B003,119.08
2023-11-26,SKU-B003,94.61
2023-11-27,SKU-B003,111.3
2023-11-28,SKU-B003,106.3
2023-11-29,SKU-B003,102.24
2023-11-30,SKU-B003,109.24
2023-12-01,SKU-B003,111.73
2023-12-02,SKU-B003,108.36
2023-12-03,SKU-B003,111.1
2023-12-04,SKU-B003,121.6
2023-12-05,SKU-B003,103.52
2023-12-06,SKU-B003,112.67
2023-12-07,SKU-B003,93.32
2023-12-08,SKU-B003,113.02
2023-12-09,SKU-B003,92.17
2023-12-10,SKU-B003,114.59
2023-12-11,SKU-B003,104.67
2023-12-12,SKU-B003,110.41
2023-12-13,SKU-B003,95.88
2023-12-14,SKU-B003,109.16
2023-12-15,SKU-B003,116.34
2023-12-16,SKU-B003,114.51
2023-12-17,SKU-B003,108.8
2023-12-18,SKU-B003,108.9
2023-12-19,SKU-B003,119.24
2023-12-20,SKU-B003,115.57
2023-12-21,SKU-B003,103.36
2023-12-22,SKU-B003,103.77
2023-12-23,SKU-B003,102.87
2023-12-24,SKU-B003,108.66
2023-12-25,SKU-B003,98.57
2023-12-26,SKU-B003,89.62
2023-12-27,SKU-B003,107.03
2023-12-28,SKU-B003,111.26
2023-12-29,SKU-B003,110.67
2023-12-30,SKU-B003,118.74
2023-12-31,SKU-B003,97.41
2024-01-01,SKU-B003,104.4
2024-01-02,SKU-B003,96.07
2024-01-03,SKU-B003,111.22
2024-01-04,SKU-B003,108.08
2024-01-05,SKU-B003,104.71
2024-01-06,SKU-B003,109.4
2024-01-07,SKU-B003,102.69
2024-01-08,SKU-B003,99.86
2024-01-09,SKU-B003,123.22
2024-01-10,SKU-B003,116.31
2024-01-11,SKU-B003,107.39
2024-01-12,SKU-B003,95.21
2024-01-13,SKU-B003,107.13
2024-01-14,SKU-B003,114.21
2024-01-15,SKU-B003,110.58
2024-01-16,SKU-B003,118.12
2024-01-17,SKU-B003,120.08
2024-01-18,SKU-B003,108.31
2024-01-19,SKU-B003,104.87
2024-01-20,SKU-B003,104.64
2024-01-21,SKU-B003,105.37
2024-01-22,SKU-B003,117.2
2024-01-23,SKU-B003,105.28
2024-01-24,SKU-B003,94.01
2024-01-25,SKU-B003,113.27
2024-01-26,SKU-B003,108.21
2024-01-27,SKU-B003,104.91
2024-01-28,SKU-B003,91.48
2024-01-29,SKU-B003,119.61
2024-01-30,SKU-B003,115.36
2024-01-31,SKU-B003,98.91
2024-02-01,SKU-B003,92.3
2024-02-02,SKU-B003,81.21
2024-02-03,SKU-B003,78.73
2024-02-04,SKU-B003,72.11
2024-02-05,SKU-B003,97.94
2024-02-06,SKU-B003,98.85
2024-02-07,SKU-B003,88.17
2024-02-08,SKU-B003,90.42
2024-02-09,SKU-B003,106.71
2024-02-10,SKU-B003,84.18
2024-02-11,SKU-B003,80.33
2024-02-12,SKU-B003,92.11
2024-02-13,SKU-B003,95.9
2024-02-14,SKU-B003,88.31
2024-02-15,SKU-B003,78.18
2024-02-16,SKU-B003,84.09
2024-02-17,SKU-B003,97.13
2024-02-18,SKU-B003,97.4
2024-02-19,SKU-B003,75.99
2024-02-20,SKU-B003,80.02
2024-02-21,SKU-B003,82.15
2024-02-22,SKU-B003,90.77
2024-02-23,SKU-B003,110.8
2024-02-24,SKU-B003,88.44
2024-02-25,SKU-B003,91.56
2024-02-26,SKU-B003,83.85
2024-02-27,SKU-B003,114.21
2024-02-28,SKU-B003,85.61
2024-02-29,SKU-B003,86.42
2024-03-01,SKU-B003,92.42
2024-03-02,SKU-B003,79.14
2024-03-03,SKU-B003,98.28
2024-03-04,SKU-B003,90.95
2024-03-05,SKU-B003,83.47
2024-03-06,SKU-B003,85.69
2024-03-07,SKU-B003,74.04
2024-03-08,SKU-B003,86.06
2024-03-09,SKU-B003,70.63
2024-03-10,SKU-B003,87.0
2024-03-11,SKU-B003,86.6
2024-03-12,SKU-B003,85.77
2024-03-13,SKU-B003,85.83
2024-03-14,SKU-B003,83.5
2024-03-15,SKU-B003,102.14
2024-03-16,SKU-B003,103.98
2024-03-17,SKU-B003,89.55
2024-03-18,SKU-B003,101.34
2024-03-19,SKU-B003,88.32
2024-03-20,SKU-B003,88.36
2024-03-21,SKU-B003,83.64
2024-03-22,SKU-B003,97.34
2024-03-23,SKU-B003,96.63
2024-03-24,SKU-B003,79.51
2024-03-25,SKU-B003,92.53
2023-01-01,SKU-C001,259.59
2023-01-02,SKU-C001,218.57
2023-01-03,SKU-C001,250.79
2023-01-04,SKU-C001,301.18
2023-01-05,SKU-C001,269.69
2023-01-06,SKU-C001,235.65
2023-01-07,SKU-C001,272.29
2023-01-08,SKU-C001,262.24
2023-01-09,SKU-C001,253.38
2023-01-10,SKU-C001,247.66
2023-01-11,SKU-C001,260.4
2023-01-12,SKU-C001,247.57
2023-01-13,SKU-C001,256.68
2023-01-14,SKU-C001,276.49
2023-01-15,SKU-C001,278.17
2023-01-16,SKU-C001,232.4
2023-01-17,SKU-C001,250.37
2023-01-18,SKU-C001,295.39
2023-01-19,SKU-C001,299.52
2023-01-20,SKU-C001,268.62
2023-01-21,SKU-C001,295.52
2023-01-22,SKU-C001,286.84
2023-01-23,SKU-C001,257.81
2023-01-24,SKU-C001,217.42
2023-01-25,SKU-C001,259.39
2023-01-26,SKU-C001,232.95
2023-01-27,SKU-C001,263.72
2023-01-28,SKU-C001,298.65
2023-01-29,SKU-C001,266.21
2023-01-30,SKU-C001,243.82
2023-01-31,SKU-C001,235.51
2023-02-01,SKU-C001,174.85
2023-02-02,SKU-C001,176.11
2023-02-03,SKU-C001,252.71
2023-02-04,SKU-C001,236.02
2023-02-05,SKU-C001,214.64
2023-02-06,SKU-C001,214.19
2023-02-07,SKU-C001,216.4
2023-02-08,SKU-C001,217.29
2023-02-09,SKU-C001,247.74
2023-02-10,SKU-C001,226.04
2023-02-11,SKU-C001,174.63
2023-02-12,SKU-C001,240.62
2023-02-13,SKU-C001,175.81
2023-02-14,SKU-C001,208.86
2023-02-15,SKU-C001,187.64
2023-02-16,SKU-C001,218.58
2023-02-17,SKU-C001,190.47
2023-02-18,SKU-C001,187.88
2023-02-19,SKU-C001,195.08
2023-02-20,SKU-C001,235.43
2023-02-21,SKU-C001,213.78
2023-02-22,SKU-C001,232.29
2023-02-23,SKU-C001,247.33
2023-02-24,SKU-C001,223.03
2023-02-25,SKU-C001,230.24
2023-02-26,SKU-C001,196.89
2023-02-27,SKU-C001,216.09
2023-02-28,SKU-C001,193.04
2023-03-01,SKU-C001,229.97
2023-03-02,SKU-C001,237.63
2023-03-03,SKU-C001,238.94
2023-03-04,SKU-C001,217.41
2023-03-05,SKU-C001,237.46
2023-03-06,SKU-C001,214.91
2023-03-07,SKU-C001,205.91
2023-03-08,SKU-C001,228.99
2023-03-09,SKU-C001,233.86
2023-03-10,SKU-C001,265.92
2023-03-11,SKU-C001,233.97
2023-03-12,SKU-C001,194.31
2023-03-13,SKU-C001,197.0
2023-03-14,SKU-C001,190.0
2023-03-15,SKU-C001,219.92
2023-03-16,SKU-C001,194.42
2023-03-17,SKU-C001,247.82
2023-03-18,SKU-C001,211.98
2023-03-19,SKU-C001,232.23
2023-03-20,SKU-C001,221.63
2023-03-21,SKU-C001,225.81
2023-03-22,SKU-C001,195.91
2023-03-23,SKU-C001,217.67
2023-03-24,SKU-C001,209.16
2023-03-25,SKU-C001,216.24
2023-03-26,SKU-C001,221.16
2023-03-27,SKU-C001,233.25
2023-03-28,SKU-C001,208.41
2023-03-29,SKU-C001,236.38
2023-03-30,SKU-C001,225.68
2023-03-31,SKU-C001,254.09
2023-04-01,SKU-C001,146.77
2023-04-02,SKU-C001,204.67
2023-04-03,SKU-C001,245.9
2023-04-04,SKU-C001,163.98
2023-04-05,SKU-C001,250.84
2023-04-06,SKU-C001,220.46
2023-04-07,SKU-C001,174.43
2023-04-08,SKU-C001,234.45
2023-04-09,SKU-C001,195.92
2023-04-10,SKU-C001,198.97
2023-04-11,SKU-C001,250.53
2023-04-12,SKU-C001,210.41
2023-04-13,SKU-C001,198.02
2023-04-14,SKU-C001,262.37
2023-04-15,SKU-C001,239.0
2023-04-16,SKU-C001,211.63
2023-04-17,SKU-C001,201.78
2023-04-18,SKU-C001,214.5
2023-04-19,SKU-C001,253.13
2023-04-20,SKU-C001,197.66
2023-04-21,SKU-C001,191.36
2023-04-22,SKU-C001,246.63
2023-04-23,SKU-C001,212.9
2023-04-24,SKU-C001,221.22
2023-04-25,SKU-C001,230.44
2023-04-26,SKU-C001,210.62
2023-04-27,SKU-C001,166.55
2023-04-28,SKU-C001,214.52
2023-04-29,SKU-C001,246.04
2023-04-30,SKU-C001,266.25
2023-05-01,SKU-C001,216.62
2023-05-02,SKU-C001,218.58
2023-05-03,SKU-C001,248.82
2023-05-04,SKU-C001,232.15
2023-05-05,SKU-C001,225.66
2023-05-06,SKU-C001,176.37
2023-05-07,SKU-C001,210.27
2023-05-08,SKU-C001,223.97
2023-05-09,SKU-C001,186.51
2023-05-10,SKU-C001,211.42
2023-05-11,SKU-C001,256.41
2023-05-12,SKU-C001,213.82
2023-05-13,SKU-C001,188.32
2023-05-14,SKU-C001,178.52
2023-05-15,SKU-C001,219.21
2023-05-16,SKU-C001,206.95
2023-05-17,SKU-C001,200.67
2023-05-18,SKU-C001,224.45
2023-05-19,SKU-C001,225.71
2023-05-20,SKU-C001,223.34
2023-05-21,SKU-C001,227.17
2023-05-22,SKU-C001,192.95
2023-05-23,SKU-C001,205.73
2023-05-24,SKU-C001,212.56
2023-05-25,SKU-C001,218.49
2023-05-26,SKU-C001,241.13
2023-05-27,SKU-C001,203.91
2023-05-28,SKU-C001,202.86
2023-05-29,SKU-C001,251.98
2023-05-30,SKU-C001,223.19
2023-05-31,SKU-C001,189.47
2023-06-01,SKU-C001,208.66
2023-06-02,SKU-C001,188.62
2023-06-03,SKU-C001,190.79
2023-06-04,SKU-C001,186.53
2023-06-05,SKU-C001,198.22
2023-06-06,SKU-C001,260.15
2023-06-07,SKU-C001,237.42
2023-06-08,SKU-C001,245.49
2023-06-09,SKU-C001,239.13
2023-06-10,SKU-C001,212.65
2023-06-11,SKU-C001,224.34
2023-06-12,SKU-C001,217.84
2023-06-13,SKU-C001,192.48
2023-06-14,SKU-C001,190.45
2023-06-15,SKU-C001,235.19
2023-06-16,SKU-C001,189.28
2023-06-17,SKU-C001,220.07
2023-06-18,SKU-C001,229.87
2023-06-19,SKU-C001,232.07
2023-06-20,SKU-C001,223.77
2023-06-21,SKU-C001,189.76
2023-06-22,SKU-C001,227.52
2023-06-23,SKU-C001,212.83
2023-06-24,SKU-C001,194.65
2023-06-25,SKU-C001,172.75
2023-06-26,SKU-C001,225.67
2023-06-27,SKU-C001,182.25
2023-06-28,SKU-C001,178.91
2023-06-29,SKU-C001,253.84
2023-06-30,SKU-C001,189.92
2023-07-01,SKU-C001,206.88
2023-07-02,SKU-C001,217.56
2023-07-03,SKU-C001,217.54
2023-07-04,SKU-C001,193.94
2023-07-05,SKU-C001,200.7
2023-07-06,SKU-C001,233.55
2023-07-07,SKU-C001,210.06
2023-07-08,SKU-C001,215.62
2023-07-09,SKU-C001,169.26
2023-07-10,SKU-C001,203.72
2023-07-11,SKU-C001,234.77
2023-07-12,SKU-C001,200.39
2023-07-13,SKU-C001,195.59
2023-07-14,SKU-C001,224.36
2023-07-15,SKU-C001,229.23
2023-07-16,SKU-C001,223.51
2023-07-17,SKU-C001,204.02
2023-07-18,SKU-C001,232.56
2023-07-19,SKU-C001,251.65
2023-07-20,SKU-C001,241.72
2023-07-21,SKU-C001,182.48
2023-07-22,SKU-C001,279.9
2023-07-23,SKU-C001,187.67
2023-07-24,SKU-C001,189.85
2023-07-25,SKU-C001,223.05
2023-07-26,SKU-C001,214.42
2023-07-27,SKU-C001,224.32
2023-07-28,SKU-C001,244.94
2023-07-29,SKU-C001,236.7
2023-07-30,SKU-C001,197.18
2023-07-31,SKU-C001,218.13
2023-08-01,SKU-C001,238.51
2023-08-02,SKU-C001,239.43
2023-08-03,SKU-C001,241.0
2023-08-04,SKU-C001,234.37
2023-08-05,SKU-C001,232.01
2023-08-06,SKU-C001,205.55
2023-08-07,SKU-C001,188.13
2023-08-08,SKU-C001,225.88
2023-08-09,SKU-C001,206.9
2023-08-10,SKU-C001,243.74
2023-08-11,SKU-C001,197.87
2023-08-12,SKU-C001,208.54
2023-08-13,SKU-C001,207.54
2023-08-14,SKU-C001,237.8
2023-08-15,SKU-C001,233.15
2023-08-16,SKU-C001,217.37
2023-08-17,SKU-C001,223.23
2023-08-18,SKU-C001,251.92
2023-08-19,SKU-C001,178.73
2023-08-20,SKU-C001,233.17
2023-08-21,SKU-C001,240.39
2023-08-22,SKU-C001,243.32
2023-08-23,SKU-C001,234.41
2023-08-24,SKU-C001,200.26
2023-08-25,SKU-C001,205.37
2023-08-26,SKU-C001,231.43
2023-08-27,SKU-C001,204.32
2023-08-28,SKU-C001,212.81
2023-08-29,SKU-C001,184.5
2023-08-30,SKU-C001,191.3
2023-08-31,SKU-C001,224.69
2023-09-01,SKU-C001,212.39
2023-09-02,SKU-C001,205.19
2023-09-03,SKU-C001,217.59
2023-09-04,SKU-C001,228.22
2023-09-05,SKU-C001,216.04
2023-09-06,SKU-C001,225.46
2023-09-07,SKU-C001,223.66
2023-09-08,SKU-C001,216.31
2023-09-09,SKU-C001,221.54
2023-09-10,SKU-C001,202.57
2023-09-11,SKU-C001,210.95
2023-09-12,SKU-C001,182.02
2023-09-13,SKU-C001,196.58
2023-09-14,SKU-C001,196.15
2023-09-15,SKU-C001,213.25
2023-09-16,SKU-C001,246.43
2023-09-17,SKU-C001,221.75
2023-09-18,SKU-C001,225.22
2023-09-19,SKU-C001,201.55
2023-09-20,SKU-C001,228.23
2023-09-21,SKU-C001,258.78
2023-09-22,SKU-C001,220.15
2023-09-23,SKU-C001,204.18
2023-09-24,SKU-C001,196.81
2023-09-25,SKU-C001,227.8
2023-09-26,SKU-C001,201.71
2023-09-27,SKU-C001,237.61
2023-09-28,SKU-C001,200.21
2023-09-29,SKU-C001,186.28
2023-09-30,SKU-C001,232.61
2023-10-01,SKU-C001,194.17
2023-10-02,SKU-C001,235.38
2023-10-03,SKU-C001,244.75
2023-10-04,SKU-C001,209.43
2023-10-05,SKU-C001,226.82
2023-10-06,SKU-C001,252.5
2023-10-07,SKU-C001,212.26
2023-10-08,SKU-C001,257.01
2023-10-09,SKU-C001,215.26
2023-10-10,SKU-C001,202.07
2023-10-11,SKU-C001,224.53
2023-10-12,SKU-C001,227.32
2023-10-13,SKU-C001,247.05
2023-10-14,SKU-C001,241.7
2023-10-15,SKU-C001,230.51
2023-10-16,SKU-C001,236.74
2023-10-17,SKU-C001,226.46
2023-10-18,SKU-C001,239.73
2023-10-19,SKU-C001,211.33
2023-10-20,SKU-C001,199.16
2023-10-21,SKU-C001,227.14
2023-10-22,SKU-C001,280.94
2023-10-23,SKU-C001,240.17
2023-10-24,SKU-C001,207.5
2023-10-25,SKU-C001,252.92
2023-10-26,SKU-C001,182.3
2023-10-27,SKU-C001,217.28
2023-10-28,SKU-C001,231.37
2023-10-29,SKU-C001,208.18
2023-10-30,SKU-C001,209.92
2023-10-31,SKU-C001,219.13
2023-11-01,SKU-C001,255.64
2023-11-02,SKU-C001,250.43
2023-11-03,SKU-C001,243.95
2023-11-04,SKU-C001,233.66
2023-11-05,SKU-C001,246.55
2023-11-06,SKU-C001,265.32
2023-11-07,SKU-C001,289.36
2023-11-08,SKU-C001,253.19
2023-11-09,SKU-C001,241.33
2023-11-10,SKU-C001,302.42
2023-11-11,SKU-C001,242.86
2023-11-12,SKU-C001,269.72
2023-11-13,SKU-C001,247.39
2023-11-14,SKU-C001,252.13
2023-11-15,SKU-C001,276.12
2023-11-16,SKU-C001,277.76
2023-11-17,SKU-C001,295.34
2023-11-18,SKU-C001,282.31
2023-11-19,SKU-C001,271.17
2023-11-20,SKU-C001,281.4
2023-11-21,SKU-C001,245.55
2023-11-22,SKU-C001,294.15
2023-11-23,SKU-C001,279.48
2023-11-24,SKU-C001,278.57
2023-11-25,SKU-C001,280.95
2023-11-26,SKU-C001,235.92
2023-11-27,SKU-C001,243.44
2023-11-28,SKU-C001,270.92
2023-11-29,SKU-C001,271.22
2023-11-30,SKU-C001,280.56
2023-12-01,SKU-C001,270.43
2023-12-02,SKU-C001,264.14
2023-12-03,SKU-C001,295.44
2023-12-04,SKU-C001,275.77
2023-12-05,SKU-C001,284.4
2023-12-06,SKU-C001,294.15
2023-12-07,SKU-C001,295.67
2023-12-08,SKU-C001,275.18
2023-12-09,SKU-C001,284.05
2023-12-10,SKU-C001,274.1
2023-12-11,SKU-C001,291.61
2023-12-12,SKU-C001,317.82
2023-12-13,SKU-C001,245.76
2023-12-14,SKU-C001,252.11
2023-12-15,SKU-C001,302.79
2023-12-16,SKU-C001,272.51
2023-12-17,SKU-C001,259.18
2023-12-18,SKU-C001,253.48
2023-12-19,SKU-C001,288.87
2023-12-20,SKU-C001,280.72
2023-12-21,SKU-C001,312.12
2023-12-22,SKU-C001,266.65
2023-12-23,SKU-C001,288.19
2023-12-24,SKU-C001,304.52
2023-12-25,SKU-C001,237.61
2023-12-26,SKU-C001,245.88
2023-12-27,SKU-C001,274.63
2023-12-28,SKU-C001,256.35
2023-12-29,SKU-C001,259.65
2023-12-30,SKU-C001,254.49
2023-12-31,SKU-C001,265.63
2024-01-01,SKU-C001,249.26
2024-01-02,SKU-C001,241.14
2024-01-03,SKU-C001,277.26
2024-01-04,SKU-C001,271.64
2024-01-05,SKU-C001,290.18
2024-01-06,SKU-C001,280.3
2024-01-07,SKU-C001,278.2
2024-01-08,SKU-C001,285.35
2024-01-09,SKU-C001,249.22
2024-01-10,SKU-C001,258.27
2024-01-11,SKU-C001,275.06
2024-01-12,SKU-C001,289.39
2024-01-13,SKU-C001,283.16
2024-01-14,SKU-C001,264.58
2024-01-15,SKU-C001,265.16
2024-01-16,SKU-C001,274.64
2024-01-17,SKU-C001,244.17
2024-01-18,SKU-C001,287.66
2024-01-19,SKU-C001,286.03
2024-01-20,SKU-C001,289.46
2024-01-21,SKU-C001,290.88
2024-01-22,SKU-C001,291.0
2024-01-23,SKU-C001,228.54
2024-01-24,SKU-C001,274.29
2024-01-25,SKU-C001,238.44
2024-01-26,SKU-C001,248.8
2024-01-27,SKU-C001,266.6
2024-01-28,SKU-C001,295.15
2024-01-29,SKU-C001,276.71
2024-01-30,SKU-C001,274.57
2024-01-31,SKU-C001,308.29
2024-02-01,SKU-C001,229.89
2024-02-02,SKU-C001,204.1
2024-02-03,SKU-C001,194.49
2024-02-04,SKU-C001,205.8
2024-02-05,SKU-C001,227.17
2024-02-06,SKU-C001,191.37
2024-02-07,SKU-C001,234.29
2024-02-08,SKU-C001,231.5
2024-02-09,SKU-C001,209.22
2024-02-10,SKU-C001,227.1
2024-02-11,SKU-C001,236.06
2024-02-12,SKU-C001,211.19
2024-02-13,SKU-C001,240.79
2024-02-14,SKU-C001,209.39
2024-02-15,SKU-C001,237.68
2024-02-16,SKU-C001,256.57
2024-02-17,SKU-C001,231.97
2024-02-18,SKU-C001,197.4
2024-02-19,SKU-C001,226.95
2024-02-20,SKU-C001,226.8
2024-02-21,SKU-C001,206.4
2024-02-22,SKU-C001,197.78
2024-02-23,SKU-C001,216.83
2024-02-24,SKU-C001,243.95
2024-02-25,SKU-C001,242.88
2024-02-26,SKU-C001,251.18
2024-02-27,SKU-C001,224.21
2024-02-28,SKU-C001,267.8
2024-02-29,SKU-C001,206.88
2024-03-01,SKU-C001,234.8
2024-03-02,SKU-C001,220.03
2024-03-03,SKU-C001,257.62
2024-03-04,SKU-C001,226.0
2024-03-05,SKU-C001,202.95
2024-03-06,SKU-C001,230.59
2024-03-07,SKU-C001,201.04
2024-03-08,SKU-C001,206.47
2024-03-09,SKU-C001,245.49
2024-03-10,SKU-C001,224.98
2024-03-11,SKU-C001,243.99
2024-03-12,SKU-C001,206.52
2024-03-13,SKU-C001,253.6
2024-03-14,SKU-C001,221.7
2024-03-15,SKU-C001,183.09
2024-03-16,SKU-C001,206.12
2024-03-17,SKU-C001,195.27
2024-03-18,SKU-C001,193.85
2024-03-19,SKU-C001,236.67
2024-03-20,SKU-C001,233.55
2024-03-21,SKU-C001,238.45
2024-03-22,SKU-C001,209.68
2024-03-23,SKU-C001,237.21
2024-03-24,SKU-C001,193.88
2024-03-25,SKU-C001,215.25
2023-01-01,SKU-C002,274.31
2023-01-02,SKU-C002,271.51
2023-01-03,SKU-C002,282.69
2023-01-04,SKU-C002,278.88
2023-01-05,SKU-C002,293.64
2023-01-06,SKU-C002,261.08
2023-01-07,SKU-C002,286.73
2023-01-08,SKU-C002,278.23
2023-01-09,SKU-C002,277.44
2023-01-10,SKU-C002,274.95
2023-01-11,SKU-C002,223.02
2023-01-12,SKU-C002,315.36
2023-01-13,SKU-C002,251.13
2023-01-14,SKU-C002,253.81
2023-01-15,SKU-C002,264.54
2023-01-16,SKU-C002,242.14
2023-01-17,SKU-C002,311.4
2023-01-18,SKU-C002,257.76
2023-01-19,SKU-C002,256.3
2023-01-20,SKU-C002,252.98
2023-01-21,SKU-C002,281.68
2023-01-22,SKU-C002,303.4
2023-01-23,SKU-C002,277.93
2023-01-24,SKU-C002,254.18
2023-01-25,SKU-C002,301.7
2023-01-26,SKU-C002,278.13
2023-01-27,SKU-C002,255.31
2023-01-28,SKU-C002,270.05
2023-01-29,SKU-C002,274.64
2023-01-30,SKU-C002,277.03
2023-01-31,SKU-C002,271.67
2023-02-01,SKU-C002,226.9
2023-02-02,SKU-C002,268.57
2023-02-03,SKU-C002,290.57
2023-02-04,SKU-C002,230.24
2023-02-05,SKU-C002,205.52
2023-02-06,SKU-C002,202.49
2023-02-07,SKU-C002,244.72
2023-02-08,SKU-C002,189.46
2023-02-09,SKU-C002,222.14
2023-02-10,SKU-C002,235.21
2023-02-11,SKU-C002,230.36
2023-02-12,SKU-C002,217.06
2023-02-13,SKU-C002,267.88
2023-02-14,SKU-C002,244.26
2023-02-15,SKU-C002,215.52
2023-02-16,SKU-C002,243.94
2023-02-17,SKU-C002,222.01
2023-02-18,SKU-C002,214.46
2023-02-19,SKU-C002,216.91
2023-02-20,SKU-C002,252.95
2023-02-21,SKU-C002,213.46
2023-02-22,SKU-C002,224.5
2023-02-23,SKU-C002,249.23
2023-02-24,SKU-C002,232.99
2023-02-25,SKU-C002,231.54
2023-02-26,SKU-C002,210.99
2023-02-27,SKU-C002,278.91
2023-02-28,SKU-C002,244.6
2023-03-01,SKU-C002,172.35
2023-03-02,SKU-C002,255.6
2023-03-03,SKU-C002,196.87
2023-03-04,SKU-C002,194.91
2023-03-05,SKU-C002,210.18
2023-03-06,SKU-C002,254.5
2023-03-07,SKU-C002,219.8
2023-03-08,SKU-C002,230.74
2023-03-09,SKU-C002,188.1
2023-03-10,SKU-C002,250.32
2023-03-11,SKU-C002,219.87
2023-03-12,SKU-C002,196.69
2023-03-13,SKU-C002,233.27
2023-03-14,SKU-C002,237.0
2023-03-15,SKU-C002,227.82
2023-03-16,SKU-C002,255.15
2023-03-17,SKU-C002,239.1
2023-03-18,SKU-C002,259.91
2023-03-19,SKU-C002,224.6
2023-03-20,SKU-C002,228.32
2023-03-21,SKU-C002,245.41
2023-03-22,SKU-C002,252.08
2023-03-23,SKU-C002,218.25
2023-03-24,SKU-C002,268.54
2023-03-25,SKU-C002,228.39
2023-03-26,SKU-C002,225.88
2023-03-27,SKU-C002,235.77
2023-03-28,SKU-C002,206.35
2023-03-29,SKU-C002,188.42
2023-03-30,SKU-C002,272.33
2023-03-31,SKU-C002,249.84
2023-04-01,SKU-C002,204.75
2023-04-02,SKU-C002,228.8
2023-04-03,SKU-C002,239.81
2023-04-04,SKU-C002,214.6
2023-04-05,SKU-C002,258.14
2023-04-06,SKU-C002,214.43
2023-04-07,SKU-C002,248.13
2023-04-08,SKU-C002,211.33
2023-04-09,SKU-C002,237.11
2023-04-10,SKU-C002,260.73
2023-04-11,SKU-C002,236.34
2023-04-12,SKU-C002,214.51
2023-04-13,SKU-C002,230.59
2023-04-14,SKU-C002,241.99
2023-04-15,SKU-C002,215.84
2023-04-16,SKU-C002,216.58
2023-04-17,SKU-C002,265.47
2023-04-18,SKU-C002,257.18
2023-04-19,SKU-C002,210.46
2023-04-20,SKU-C002,195.6
2023-04-21,SKU-C002,196.38
2023-04-22,SKU-C002,200.19
2023-04-23,SKU-C002,219.02
2023-04-24,SKU-C002,223.73
2023-04-25,SKU-C002,194.06
2023-04-26,SKU-C002,228.93
2023-04-27,SKU-C002,159.6
2023-04-28,SKU-C002,228.57
2023-04-29,SKU-C002,261.84
2023-04-30,SKU-C002,197.83
2023-05-01,SKU-C002,160.09
2023-05-02,SKU-C002,229.13
2023-05-03,SKU-C002,241.23
2023-05-04,SKU-C002,216.07
2023-05-05,SKU-C002,230.51
2023-05-06,SKU-C002,254.58
2023-05-07,SKU-C002,263.6
2023-05-08,SKU-C002,238.85
2023-05-09,SKU-C002,197.26
2023-05-10,SKU-C002,229.11
2023-05-11,SKU-C002,202.58
2023-05-12,SKU-C002,224.89
2023-05-13,SKU-C002,219.76
2023-05-14,SKU-C002,212.28
2023-05-15,SKU-C002,259.92
2023-05-16,SKU-C002,220.04
2023-05-17,SKU-C002,191.62
2023-05-18,SKU-C002,233.78
2023-05-19,SKU-C002,240.72
2023-05-20,SKU-C002,226.31
2023-05-21,SKU-C002,207.58
2023-05-22,SKU-C002,215.33
2023-05-23,SKU-C002,211.77
2023-05-24,SKU-C002,213.67
2023-05-25,SKU-C002,209.19
2023-05-26,SKU-C002,220.08
2023-05-27,SKU-C002,194.34
2023-05-28,SKU-C002,230.66
2023-05-29,SKU-C002,207.32
2023-05-30,SKU-C002,244.93
2023-05-31,SKU-C002,233.68
2023-06-01,SKU-C002,254.66
2023-06-02,SKU-C002,189.58
2023-06-03,SKU-C002,252.49
2023-06-04,SKU-C002,217.85
2023-06-05,SKU-C002,234.51
2023-06-06,SKU-C002,240.64
2023-06-07,SKU-C002,242.25
2023-06-08,SKU-C002,221.84
2023-06-09,SKU-C002,230.74
2023-06-10,SKU-C002,218.35
2023-06-11,SKU-C002,236.91
2023-06-12,SKU-C002,200.19
2023-06-13,SKU-C002,229.56
2023-06-14,SKU-C002,255.28
2023-06-15,SKU-C002,265.86
2023-06-16,SKU-C002,244.57
2023-06-17,SKU-C002,253.48
2023-06-18,SKU-C002,232.21
2023-06-19,SKU-C002,244.22
2023-06-20,SKU-C002,264.41
2023-06-21,SKU-C002,219.08
2023-06-22,SKU-C002,184.3
2023-06-23,SKU-C002,216.42
2023-06-24,SKU-C002,224.49
2023-06-25,SKU-C002,201.58
2023-06-26,SKU-C002,193.1
2023-06-27,SKU-C002,209.06
2023-06-28,SKU-C002,192.35
2023-06-29,SKU-C002,240.91
2023-06-30,SKU-C002,258.85
2023-07-01,SKU-C002,235.51
2023-07-02,SKU-C002,188.57
2023-07-03,SKU-C002,224.87
2023-07-04,SKU-C002,200.71
2023-07-05,SKU-C002,226.49
2023-07-06,SKU-C002,201.48
2023-07-07,SKU-C002,242.41
2023-07-08,SKU-C002,236.04
2023-07-09,SKU-C002,212.84
2023-07-10,SKU-C002,231.54
2023-07-11,SKU-C002,221.52
2023-07-12,SKU-C002,259.24
2023-07-13,SKU-C002,176.96
2023-07-14,SKU-C002,229.42
2023-07-15,SKU-C002,248.22
2023-07-16,SKU-C002,211.72
2023-07-17,SKU-C002,208.71
2023-07-18,SKU-C002,224.03
2023-07-19,SKU-C002,199.15
2023-07-20,SKU-C002,207.83
2023-07-21,SKU-C002,196.76
2023-07-22,SKU-C002,215.94
2023-07-23,SKU-C002,172.53
2023-07-24,SKU-C002,206.28
2023-07-25,SKU-C002,232.6
2023-07-26,SKU-C002,211.34
2023-07-27,SKU-C002,210.58
2023-07-28,SKU-C002,240.28
2023-07-29,SKU-C002,255.66
2023-07-30,SKU-C002,203.17
2023-07-31,SKU-C002,247.19
2023-08-01,SKU-C002,180.18
2023-08-02,SKU-C002,200.67
2023-08-03,SKU-C002,231.98
2023-08-04,SKU-C002,225.67
2023-08-05,SKU-C002,222.52
2023-08-06,SKU-C002,239.41
2023-08-07,SKU-C002,215.2
2023-08-08,SKU-C002,237.07
2023-08-09,SKU-C002,208.69
2023-08-10,SKU-C002,205.54
2023-08-11,SKU-C002,177.25
2023-08-12,SKU-C002,235.07
2023-08-13,SKU-C002,200.06
2023-08-14,SKU-C002,242.56
2023-08-15,SKU-C002,242.6
2023-08-16,SKU-C002,214.66
2023-08-17,SKU-C002,221.66
2023-08-18,SKU-C002,224.16
2023-08-19,SKU-C002,215.02
2023-08-20,SKU-C002,186.59
2023-08-21,SKU-C002,252.42
2023-08-22,SKU-C002,206.76
2023-08-23,SKU-C002,231.62
2023-08-24,SKU-C002,226.22
2023-08-25,SKU-C002,226.17
2023-08-26,SKU-C002,224.55
2023-08-27,SKU-C002,240.25
2023-08-28,SKU-C002,199.83
2023-08-29,SKU-C002,242.05
2023-08-30,SKU-C002,223.3
2023-08-31,SKU-C002,220.42
2023-09-01,SKU-C002,214.59
2023-09-02,SKU-C002,222.96
2023-09-03,SKU-C002,237.11
2023-09-04,SKU-C002,197.4
2023-09-05,SKU-C002,184.95
2023-09-06,SKU-C002,217.72
2023-09-07,SKU-C002,239.85
2023-09-08,SKU-C002,217.15
2023-09-09,SKU-C002,255.0
2023-09-10,SKU-C002,253.28
2023-09-11,SKU-C002,255.69
2023-09-12,SKU-C002,256.8
2023-09-13,SKU-C002,229.84
2023-09-14,SKU-C002,236.71
2023-09-15,SKU-C002,208.38
2023-09-16,SKU-C002,162.96
2023-09-17,SKU-C002,233.02
2023-09-18,SKU-C002,206.32
2023-09-19,SKU-C002,219.24
2023-09-20,SKU-C002,167.45
2023-09-21,SKU-C002,244.13
2023-09-22,SKU-C002,219.2
2023-09-23,SKU-C002,210.37
2023-09-24,SKU-C002,197.57
2023-09-25,SKU-C002,205.32
2023-09-26,SKU-C002,204.53
2023-09-27,SKU-C002,201.7
2023-09-28,SKU-C002,191.67
2023-09-29,SKU-C002,218.94
2023-09-30,SKU-C002,216.02
2023-10-01,SKU-C002,243.15
2023-10-02,SKU-C002,183.95
2023-10-03,SKU-C002,213.54
2023-10-04,SKU-C002,203.43
2023-10-05,SKU-C002,231.35
2023-10-06,SKU-C002,222.43
2023-10-07,SKU-C002,242.85
2023-10-08,SKU-C002,265.26
2023-10-09,SKU-C002,223.61
2023-10-10,SKU-C002,235.59
2023-10-11,SKU-C002,206.57
2023-10-12,SKU-C002,220.67
2023-10-13,SKU-C002,224.1
2023-10-14,SKU-C002,272.01
2023-10-15,SKU-C002,197.68
2023-10-16,SKU-C002,220.47
2023-10-17,SKU-C002,223.93
2023-10-18,SKU-C002,206.38
2023-10-19,SKU-C002,231.46
2023-10-20,SKU-C002,223.78
2023-10-21,SKU-C002,226.16
2023-10-22,SKU-C002,207.07
2023-10-23,SKU-C002,240.08
2023-10-24,SKU-C002,202.32
2023-10-25,SKU-C002,214.97
2023-10-26,SKU-C002,242.6
2023-10-27,SKU-C002,255.07
2023-10-28,SKU-C002,206.36
2023-10-29,SKU-C002,237.48
2023-10-30,SKU-C002,221.41
2023-10-31,SKU-C002,247.0
2023-11-01,SKU-C002,270.52
2023-11-02,SKU-C002,306.45
2023-11-03,SKU-C002,302.71
2023-11-04,SKU-C002,245.89
2023-11-05,SKU-C002,260.53
2023-11-06,SKU-C002,250.91
2023-11-07,SKU-C002,266.08
2023-11-08,SKU-C002,226.7
2023-11-09,SKU-C002,229.94
2023-11-10,SKU-C002,290.99
2023-11-11,SKU-C002,275.58
2023-11-12,SKU-C002,284.93
2023-11-13,SKU-C002,247.32
2023-11-14,SKU-C002,243.99
2023-11-15,SKU-C002,263.42
2023-11-16,SKU-C002,299.14
2023-11-17,SKU-C002,269.49
2023-11-18,SKU-C002,271.91
2023-11-19,SKU-C002,294.45
2023-11-20,SKU-C002,276.35
2023-11-21,SKU-C002,271.85
2023-11-22,SKU-C002,277.4
2023-11-23,SKU-C002,263.38
2023-11-24,SKU-C002,303.35
2023-11-25,SKU-C002,265.31
2023-11-26,SKU-C002,251.33
2023-11-27,SKU-C002,283.1
2023-11-28,SKU-C002,289.09
2023-11-29,SKU-C002,256.93
2023-11-30,SKU-C002,284.02
2023-12-01,SKU-C002,292.0
2023-12-02,SKU-C002,191.6
2023-12-03,SKU-C002,228.47
2023-12-04,SKU-C002,276.63
2023-12-05,SKU-C002,246.44
2023-12-06,SKU-C002,305.76
2023-12-07,SKU-C002,274.86
2023-12-08,SKU-C002,265.2
2023-12-09,SKU-C002,268.89
2023-12-10,SKU-C002,258.86
2023-12-11,SKU-C002,252.91
2023-12-12,SKU-C002,270.21
2023-12-13,SKU-C002,290.17
2023-12-14,SKU-C002,232.35
2023-12-15,SKU-C002,272.87
2023-12-16,SKU-C002,257.2
2023-12-17,SKU-C002,269.33
2023-12-18,SKU-C002,250.32
2023-12-19,SKU-C002,270.61
2023-12-20,SKU-C002,243.03
2023-12-21,SKU-C002,266.87
2023-12-22,SKU-C002,261.41
2023-12-23,SKU-C002,229.55
2023-12-24,SKU-C002,276.77
2023-12-25,SKU-C002,203.53
2023-12-26,SKU-C002,258.74
2023-12-27,SKU-C002,233.46
2023-12-28,SKU-C002,273.06
2023-12-29,SKU-C002,259.6
2023-12-30,SKU-C002,285.73
2023-12-31,SKU-C002,262.61
2024-01-01,SKU-C002,262.35
2024-01-02,SKU-C002,292.57
2024-01-03,SKU-C002,256.62
2024-01-04,SKU-C002,266.47
2024-01-05,SKU-C002,299.46
2024-01-06,SKU-C002,282.12
2024-01-07,SKU-C002,312.05
2024-01-08,SKU-C002,277.49
2024-01-09,SKU-C002,255.07
2024-01-10,SKU-C002,291.41
2024-01-11,SKU-C002,287.96
2024-01-12,SKU-C002,260.84
2024-01-13,SKU-C002,279.26
2024-01-14,SKU-C002,265.14
2024-01-15,SKU-C002,278.29
2024-01-16,SKU-C002,267.72
2024-01-17,SKU-C002,264.02
2024-01-18,SKU-C002,305.24
2024-01-19,SKU-C002,277.28
2024-01-20,SKU-C002,236.77
2024-01-21,SKU-C002,271.64
2024-01-22,SKU-C002,260.12
2024-01-23,SKU-C002,273.98
2024-01-24,SKU-C002,272.31
2024-01-25,SKU-C002,275.16
2024-01-26,SKU-C002,228.35
2024-01-27,SKU-C002,231.29
2024-01-28,SKU-C002,298.57
2024-01-29,SKU-C002,266.2
2024-01-30,SKU-C002,297.13
2024-01-31,SKU-C002,278.74
2024-02-01,SKU-C002,210.22
2024-02-02,SKU-C002,184.02
2024-02-03,SKU-C002,233.89
2024-02-04,SKU-C002,234.0
2024-02-05,SKU-C002,261.96
2024-02-06,SKU-C002,217.66
2024-02-07,SKU-C002,223.97
2024-02-08,SKU-C002,181.24
2024-02-09,SKU-C002,208.46
2024-02-10,SKU-C002,227.78
2024-02-11,SKU-C002,214.24
2024-02-12,SKU-C002,202.37
2024-02-13,SKU-C002,254.31
2024-02-14,SKU-C002,258.49
2024-02-15,SKU-C002,197.94
2024-02-16,SKU-C002,224.38
2024-02-17,SKU-C002,212.42
2024-02-18,SKU-C002,255.78
2024-02-19,SKU-C002,227.49
2024-02-20,SKU-C002,235.64
2024-02-21,SKU-C002,200.89
2024-02-22,SKU-C002,252.17
2024-02-23,SKU-C002,215.29
2024-02-24,SKU-C002,264.28
2024-02-25,SKU-C002,246.81
2024-02-26,SKU-C002,207.27
2024-02-27,SKU-C002,233.96
2024-02-28,SKU-C002,227.53
2024-02-29,SKU-C002,216.98
2024-03-01,SKU-C002,238.98
2024-03-02,SKU-C002,221.4
2024-03-03,SKU-C002,222.6
2024-03-04,SKU-C002,207.63
2024-03-05,SKU-C002,205.07
2024-03-06,SKU-C002,223.67
2024-03-07,SKU-C002,225.97
2024-03-08,SKU-C002,246.3
2024-03-09,SKU-C002,191.19
2024-03-10,SKU-C002,224.44
2024-03-11,SKU-C002,258.01
2024-03-12,SKU-C002,206.49
2024-03-13,SKU-C002,198.2
2024-03-14,SKU-C002,200.84
2024-03-15,SKU-C002,239.77
2024-03-16,SKU-C002,193.12
2024-03-17,SKU-C002,222.25
2024-03-18,SKU-C002,206.63
2024-03-19,SKU-C002,208.74
2024-03-20,SKU-C002,214.83
2024-03-21,SKU-C002,213.27
2024-03-22,SKU-C002,213.42
2024-03-23,SKU-C002,220.52
2024-03-24,SKU-C002,227.83
2024-03-25,SKU-C002,211.44
