fecha,sku,nombre,cantidad
2024-01-01,SKU-001,Aceite de Oliva 1L,25
2024-01-01,SKU-002,Arroz 5kg,79
2024-01-01,SKU-003,Leche Entera 1L,118
2024-01-01,SKU-004,Azucar 2kg,49
2024-01-01,SKU-005,Sal 1kg,30
2024-01-01,SKU-006,Frijoles Negros 1kg,36
2024-01-01,SKU-007,Pasta Espagueti 400g,62
2024-01-01,SKU-008,Cafe Molido 500g,19
2024-01-01,SKU-009,Atun en Lata 160g,82
2024-01-01,SKU-010,Jabon de Bano,33
2024-01-01,SKU-011,Papel Higienico 12 rollos,25
2024-01-01,SKU-012,Detergente 1kg,20
2024-01-01,SKU-013,Galletas Surtidas,41
2024-01-01,SKU-014,Agua Mineral 600ml,169
2024-01-02,SKU-001,Aceite de Oliva 1L,20
2024-01-02,SKU-002,Arroz 5kg,84
2024-01-02,SKU-003,Leche Entera 1L,115
2024-01-02,SKU-004,Azucar 2kg,44
2024-01-02,SKU-005,Sal 1kg,31
2024-01-02,SKU-006,Frijoles Negros 1kg,43
2024-01-02,SKU-007,Pasta Espagueti 400g,48
2024-01-02,SKU-008,Cafe Molido 500g,23
2024-01-02,SKU-009,Atun en Lata 160g,58
2024-01-02,SKU-010,Jabon de Bano,36
2024-01-02,SKU-011,Papel Higienico 12 rollos,28
2024-01-02,SKU-012,Detergente 1kg,19
2024-01-02,SKU-013,Galletas Surtidas,46
2024-01-02,SKU-014,Agua Mineral 600ml,143
2024-01-03,SKU-001,Aceite de Oliva 1L,26
2024-01-03,SKU-002,Arroz 5kg,91
2024-01-03,SKU-003,Leche Entera 1L,138
2024-01-03,SKU-004,Azucar 2kg,46
2024-01-03,SKU-005,Sal 1kg,29
2024-01-03,SKU-006,Frijoles Negros 1kg,45
2024-01-03,SKU-007,Pasta Espagueti 400g,47
2024-01-03,SKU-008,Cafe Molido 500g,19
2024-01-03,SKU-009,Atun en Lata 160g,72
2024-01-03,SKU-010,Jabon de Bano,38
2024-01-03,SKU-011,Papel Higienico 12 rollos,31
2024-01-03,SKU-012,Detergente 1kg,17
2024-01-03,SKU-013,Galletas Surtidas,41
2024-01-03,SKU-014,Agua Mineral 600ml,126
2024-01-04,SKU-001,Aceite de Oliva 1L,22
2024-01-04,SKU-002,Arroz 5kg,84
2024-01-04,SKU-003,Leche Entera 1L,155
2024-01-04,SKU-004,Azucar 2kg,46
2024-01-04,SKU-005,Sal 1kg,30
2024-01-04,SKU-006,Frijoles Negros 1kg,42
2024-01-04,SKU-007,Pasta Espagueti 400g,69
2024-01-04,SKU-008,Cafe Molido 500g,21
2024-01-04,SKU-009,Atun en Lata 160g,72
2024-01-04,SKU-010,Jabon de Bano,33
2024-01-04,SKU-011,Papel Higienico 12 rollos,24
2024-01-04,SKU-012,Detergente 1kg,21
2024-01-04,SKU-013,Galletas Surtidas,51
2024-01-04,SKU-014,Agua Mineral 600ml,161
2024-01-05,SKU-001,Aceite de Oliva 1L,28
2024-01-05,SKU-002,Arroz 5kg,70
2024-01-05,SKU-003,Leche Entera 1L,116
2024-01-05,SKU-004,Azucar 2kg,49
2024-01-05,SKU-005,Sal 1kg,33
2024-01-05,SKU-006,Frijoles Negros 1kg,47
2024-01-05,SKU-007,Pasta Espagueti 400g,63
2024-01-05,SKU-008,Cafe Molido 500g,29
2024-01-05,SKU-009,Atun en Lata 160g,80
2024-01-05,SKU-010,Jabon de Bano,33
2024-01-05,SKU-011,Papel Higienico 12 rollos,35
2024-01-05,SKU-012,Detergente 1kg,21
2024-01-05,SKU-013,Galletas Surtidas,51
2024-01-05,SKU-014,Agua Mineral 600ml,192
2024-01-06,SKU-001,Aceite de Oliva 1L,25
2024-01-06,SKU-002,Arroz 5kg,86
2024-01-06,SKU-003,Leche Entera 1L,130
2024-01-06,SKU-004,Azucar 2kg,51
2024-01-06,SKU-005,Sal 1kg,28
2024-01-06,SKU-006,Frijoles Negros 1kg,50
2024-01-06,SKU-007,Pasta Espagueti 400g,71
2024-01-06,SKU-008,Cafe Molido 500g,27
2024-01-06,SKU-009,Atun en Lata 160g,70
2024-01-06,SKU-010,Jabon de Bano,43
2024-01-06,SKU-011,Papel Higienico 12 rollos,36
2024-01-06,SKU-012,Detergente 1kg,21
2024-01-06,SKU-013,Galletas Surtidas,51
2024-01-06,SKU-014,Agua Mineral 600ml,159
2024-01-07,SKU-001,Aceite de Oliva 1L,20
2024-01-07,SKU-002,Arroz 5kg,49
2024-01-07,SKU-003,Leche Entera 1L,42
2024-01-07,SKU-004,Azucar 2kg,30
2024-01-07,SKU-005,Sal 1kg,20
2024-01-07,SKU-006,Frijoles Negros 1kg,38
2024-01-07,SKU-007,Pasta Espagueti 400g,53
2024-01-07,SKU-008,Cafe Molido 500g,21
2024-01-07,SKU-009,Atun en Lata 160g,63
2024-01-07,SKU-010,Jabon de Bano,28
2024-01-07,SKU-011,Papel Higienico 12 rollos,21
2024-01-07,SKU-012,Detergente 1kg,18
2024-01-07,SKU-013,Galletas Surtidas,34
2024-01-07,SKU-014,Agua Mineral 600ml,120
2024-01-08,SKU-001,Aceite de Oliva 1L,30
2024-01-08,SKU-002,Arroz 5kg,89
2024-01-08,SKU-003,Leche Entera 1L,95
2024-01-08,SKU-004,Azucar 2kg,52
2024-01-08,SKU-005,Sal 1kg,29
2024-01-08,SKU-006,Frijoles Negros 1kg,34
2024-01-08,SKU-007,Pasta Espagueti 400g,62
2024-01-08,SKU-008,Cafe Molido 500g,22
2024-01-08,SKU-009,Atun en Lata 160g,60
2024-01-08,SKU-010,Jabon de Bano,31
2024-01-08,SKU-011,Papel Higienico 12 rollos,28
2024-01-08,SKU-012,Detergente 1kg,18
2024-01-08,SKU-013,Galletas Surtidas,52
2024-01-08,SKU-014,Agua Mineral 600ml,157
2024-01-09,SKU-001,Aceite de Oliva 1L,26
2024-01-09,SKU-002,Arroz 5kg,81
2024-01-09,SKU-003,Leche Entera 1L,129
2024-01-09,SKU-004,Azucar 2kg,52
2024-01-09,SKU-005,Sal 1kg,33
2024-01-09,SKU-006,Frijoles Negros 1kg,34
2024-01-09,SKU-007,Pasta Espagueti 400g,61
2024-01-09,SKU-008,Cafe Molido 500g,18
2024-01-09,SKU-009,Atun en Lata 160g,61
2024-01-09,SKU-010,Jabon de Bano,31
2024-01-09,SKU-011,Papel Higienico 12 rollos,29
2024-01-09,SKU-012,Detergente 1kg,18
2024-01-09,SKU-013,Galletas Surtidas,47
2024-01-09,SKU-014,Agua Mineral 600ml,121
2024-01-10,SKU-001,Aceite de Oliva 1L,28
2024-01-10,SKU-002,Arroz 5kg,90
2024-01-10,SKU-003,Leche Entera 1L,139
2024-01-10,SKU-004,Azucar 2kg,44
2024-01-10,SKU-005,Sal 1kg,30
2024-01-10,SKU-006,Frijoles Negros 1kg,42
2024-01-10,SKU-007,Pasta Espagueti 400g,62
2024-01-10,SKU-008,Cafe Molido 500g,20
2024-01-10,SKU-009,Atun en Lata 160g,63
2024-01-10,SKU-010,Jabon de Bano,30
2024-01-10,SKU-011,Papel Higienico 12 rollos,27
2024-01-10,SKU-012,Detergente 1kg,18
2024-01-10,SKU-013,Galletas Surtidas,37
2024-01-10,SKU-014,Agua Mineral 600ml,167
2024-01-11,SKU-001,Aceite de Oliva 1L,25
2024-01-11,SKU-002,Arroz 5kg,89
2024-01-11,SKU-003,Leche Entera 1L,121
2024-01-11,SKU-004,Azucar 2kg,61
2024-01-11,SKU-005,Sal 1kg,30
2024-01-11,SKU-006,Frijoles Negros 1kg,43
2024-01-11,SKU-007,Pasta Espagueti 400g,53
2024-01-11,SKU-008,Cafe Molido 500g,23
2024-01-11,SKU-009,Atun en Lata 160g,79
2024-01-11,SKU-010,Jabon de Bano,35
2024-01-11,SKU-011,Papel Higienico 12 rollos,24
2024-01-11,SKU-012,Detergente 1kg,16
2024-01-11,SKU-013,Galletas Surtidas,39
2024-01-11,SKU-014,Agua Mineral 600ml,124
2024-01-12,SKU-001,Aceite de Oliva 1L,22
2024-01-12,SKU-002,Arroz 5kg,92
2024-01-12,SKU-003,Leche Entera 1L,164
2024-01-12,SKU-004,Azucar 2kg,51
2024-01-12,SKU-005,Sal 1kg,34
2024-01-12,SKU-006,Frijoles Negros 1kg,43
2024-01-12,SKU-007,Pasta Espagueti 400g,73
2024-01-12,SKU-008,Cafe Molido 500g,23
2024-01-12,SKU-009,Atun en Lata 160g,91
2024-01-12,SKU-010,Jabon de Bano,38
2024-01-12,SKU-011,Papel Higienico 12 rollos,29
2024-01-12,SKU-012,Detergente 1kg,18
2024-01-12,SKU-013,Galletas Surtidas,59
2024-01-12,SKU-014,Agua Mineral 600ml,148
2024-01-13,SKU-001,Aceite de Oliva 1L,32
2024-01-13,SKU-002,Arroz 5kg,85
2024-01-13,SKU-003,Leche Entera 1L,92
2024-01-13,SKU-004,Azucar 2kg,45
2024-01-13,SKU-005,Sal 1kg,35
2024-01-13,SKU-006,Frijoles Negros 1kg,48
2024-01-13,SKU-007,Pasta Espagueti 400g,85
2024-01-13,SKU-008,Cafe Molido 500g,29
2024-01-13,SKU-009,Atun en Lata 160g,95
2024-01-13,SKU-010,Jabon de Bano,44
2024-01-13,SKU-011,Papel Higienico 12 rollos,35
2024-01-13,SKU-012,Detergente 1kg,23
2024-01-13,SKU-013,Galletas Surtidas,54
2024-01-13,SKU-014,Agua Mineral 600ml,207
2024-01-14,SKU-001,Aceite de Oliva 1L,15
2024-01-14,SKU-002,Arroz 5kg,60
2024-01-14,SKU-003,Leche Entera 1L,95
2024-01-14,SKU-004,Azucar 2kg,33
2024-01-14,SKU-005,Sal 1kg,24
2024-01-14,SKU-006,Frijoles Negros 1kg,39
2024-01-14,SKU-007,Pasta Espagueti 400g,47
2024-01-14,SKU-008,Cafe Molido 500g,17
2024-01-14,SKU-009,Atun en Lata 160g,52
2024-01-14,SKU-010,Jabon de Bano,27
2024-01-14,SKU-011,Papel Higienico 12 rollos,23
2024-01-14,SKU-012,Detergente 1kg,15
2024-01-14,SKU-013,Galletas Surtidas,35
2024-01-14,SKU-014,Agua Mineral 600ml,123
2024-01-15,SKU-001,Aceite de Oliva 1L,29
2024-01-15,SKU-002,Arroz 5kg,107
2024-01-15,SKU-003,Leche Entera 1L,146
2024-01-15,SKU-004,Azucar 2kg,45
2024-01-15,SKU-005,Sal 1kg,31
2024-01-15,SKU-006,Frijoles Negros 1kg,46
2024-01-15,SKU-007,Pasta Espagueti 400g,56
2024-01-15,SKU-008,Cafe Molido 500g,25
2024-01-15,SKU-009,Atun en Lata 160g,65
2024-01-15,SKU-010,Jabon de Bano,30
2024-01-15,SKU-011,Papel Higienico 12 rollos,28
2024-01-15,SKU-012,Detergente 1kg,21
2024-01-15,SKU-013,Galletas Surtidas,50
2024-01-15,SKU-014,Agua Mineral 600ml,157
2024-01-16,SKU-001,Aceite de Oliva 1L,24
2024-01-16,SKU-002,Arroz 5kg,95
2024-01-16,SKU-003,Leche Entera 1L,116
2024-01-16,SKU-004,Azucar 2kg,48
2024-01-16,SKU-005,Sal 1kg,35
2024-01-16,SKU-006,Frijoles Negros 1kg,31
2024-01-16,SKU-007,Pasta Espagueti 400g,65
2024-01-16,SKU-008,Cafe Molido 500g,20
2024-01-16,SKU-009,Atun en Lata 160g,60
2024-01-16,SKU-010,Jabon de Bano,30
2024-01-16,SKU-011,Papel Higienico 12 rollos,24
2024-01-16,SKU-012,Detergente 1kg,14
2024-01-16,SKU-013,Galletas Surtidas,43
2024-01-16,SKU-014,Agua Mineral 600ml,127
2024-01-17,SKU-001,Aceite de Oliva 1L,24
2024-01-17,SKU-002,Arroz 5kg,85
2024-01-17,SKU-003,Leche Entera 1L,83
2024-01-17,SKU-004,Azucar 2kg,43
2024-01-17,SKU-005,Sal 1kg,31
2024-01-17,SKU-006,Frijoles Negros 1kg,38
2024-01-17,SKU-007,Pasta Espagueti 400g,51
2024-01-17,SKU-008,Cafe Molido 500g,23
2024-01-17,SKU-009,Atun en Lata 160g,57
2024-01-17,SKU-010,Jabon de Bano,33
2024-01-17,SKU-011,Papel Higienico 12 rollos,28
2024-01-17,SKU-012,Detergente 1kg,16
2024-01-17,SKU-013,Galletas Surtidas,43
2024-01-17,SKU-014,Agua Mineral 600ml,139
2024-01-18,SKU-001,Aceite de Oliva 1L,29
2024-01-18,SKU-002,Arroz 5kg,98
2024-01-18,SKU-003,Leche Entera 1L,131
2024-01-18,SKU-004,Azucar 2kg,51
2024-01-18,SKU-005,Sal 1kg,33
2024-01-18,SKU-006,Frijoles Negros 1kg,44
2024-01-18,SKU-007,Pasta Espagueti 400g,69
2024-01-18,SKU-008,Cafe Molido 500g,24
2024-01-18,SKU-009,Atun en Lata 160g,77
2024-01-18,SKU-010,Jabon de Bano,34
2024-01-18,SKU-011,Papel Higienico 12 rollos,27
2024-01-18,SKU-012,Detergente 1kg,15
2024-01-18,SKU-013,Galletas Surtidas,44
2024-01-18,SKU-014,Agua Mineral 600ml,164
2024-01-19,SKU-001,Aceite de Oliva 1L,32
2024-01-19,SKU-002,Arroz 5kg,96
2024-01-19,SKU-003,Leche Entera 1L,140
2024-01-19,SKU-004,Azucar 2kg,44
2024-01-19,SKU-005,Sal 1kg,35
2024-01-19,SKU-006,Frijoles Negros 1kg,43
2024-01-19,SKU-007,Pasta Espagueti 400g,60
2024-01-19,SKU-008,Cafe Molido 500g,27
2024-01-19,SKU-009,Atun en Lata 160g,90
2024-01-19,SKU-010,Jabon de Bano,40
2024-01-19,SKU-011,Papel Higienico 12 rollos,32
2024-01-19,SKU-012,Detergente 1kg,18
2024-01-19,SKU-013,Galletas Surtidas,50
2024-01-19,SKU-014,Agua Mineral 600ml,195
2024-01-20,SKU-001,Aceite de Oliva 1L,29
2024-01-20,SKU-002,Arroz 5kg,99
2024-01-20,SKU-003,Leche Entera 1L,132
2024-01-20,SKU-004,Azucar 2kg,62
2024-01-20,SKU-005,Sal 1kg,32
2024-01-20,SKU-006,Frijoles Negros 1kg,57
2024-01-20,SKU-007,Pasta Espagueti 400g,81
2024-01-20,SKU-008,Cafe Molido 500g,31
2024-01-20,SKU-009,Atun en Lata 160g,79
2024-01-20,SKU-010,Jabon de Bano,45
2024-01-20,SKU-011,Papel Higienico 12 rollos,33
2024-01-20,SKU-012,Detergente 1kg,18
2024-01-20,SKU-013,Galletas Surtidas,50
2024-01-20,SKU-014,Agua Mineral 600ml,202
2024-01-21,SKU-001,Aceite de Oliva 1L,24
2024-01-21,SKU-002,Arroz 5kg,63
2024-01-21,SKU-003,Leche Entera 1L,84
2024-01-21,SKU-004,Azucar 2kg,30
2024-01-21,SKU-005,Sal 1kg,23
2024-01-21,SKU-006,Frijoles Negros 1kg,29
2024-01-21,SKU-007,Pasta Espagueti 400g,47
2024-01-21,SKU-008,Cafe Molido 500g,16
2024-01-21,SKU-009,Atun en Lata 160g,62
2024-01-21,SKU-010,Jabon de Bano,29
2024-01-21,SKU-011,Papel Higienico 12 rollos,22
2024-01-21,SKU-012,Detergente 1kg,18
2024-01-21,SKU-013,Galletas Surtidas,40
2024-01-21,SKU-014,Agua Mineral 600ml,132
2024-01-22,SKU-001,Aceite de Oliva 1L,34
2024-01-22,SKU-002,Arroz 5kg,97
2024-01-22,SKU-003,Leche Entera 1L,153
2024-01-22,SKU-004,Azucar 2kg,36
2024-01-22,SKU-005,Sal 1kg,35
2024-01-22,SKU-006,Frijoles Negros 1kg,36
2024-01-22,SKU-007,Pasta Espagueti 400g,59
2024-01-22,SKU-008,Cafe Molido 500g,20
2024-01-22,SKU-009,Atun en Lata 160g,63
2024-01-22,SKU-010,Jabon de Bano,38
2024-01-22,SKU-011,Papel Higienico 12 rollos,25
2024-01-22,SKU-012,Detergente 1kg,18
2024-01-22,SKU-013,Galletas Surtidas,50
2024-01-22,SKU-014,Agua Mineral 600ml,147
2024-01-23,SKU-001,Aceite de Oliva 1L,30
2024-01-23,SKU-002,Arroz 5kg,85
2024-01-23,SKU-003,Leche Entera 1L,118
2024-01-23,SKU-004,Azucar 2kg,51
2024-01-23,SKU-005,Sal 1kg,38
2024-01-23,SKU-006,Frijoles Negros 1kg,33
2024-01-23,SKU-007,Pasta Espagueti 400g,53
2024-01-23,SKU-008,Cafe Molido 500g,23
2024-01-23,SKU-009,Atun en Lata 160g,67
2024-01-23,SKU-010,Jabon de Bano,31
2024-01-23,SKU-011,Papel Higienico 12 rollos,24
2024-01-23,SKU-012,Detergente 1kg,15
2024-01-23,SKU-013,Galletas Surtidas,42
2024-01-23,SKU-014,Agua Mineral 600ml,123
2024-01-24,SKU-001,Aceite de Oliva 1L,24
2024-01-24,SKU-002,Arroz 5kg,86
2024-01-24,SKU-003,Leche Entera 1L,172
2024-01-24,SKU-004,Azucar 2kg,48
2024-01-24,SKU-005,Sal 1kg,33
2024-01-24,SKU-006,Frijoles Negros 1kg,41
2024-01-24,SKU-007,Pasta Espagueti 400g,63
2024-01-24,SKU-008,Cafe Molido 500g,18
2024-01-24,SKU-009,Atun en Lata 160g,66
2024-01-24,SKU-010,Jabon de Bano,29
2024-01-24,SKU-011,Papel Higienico 12 rollos,29
2024-01-24,SKU-012,Detergente 1kg,14
2024-01-24,SKU-013,Galletas Surtidas,47
2024-01-24,SKU-014,Agua Mineral 600ml,143
2024-01-25,SKU-001,Aceite de Oliva 1L,29
2024-01-25,SKU-002,Arroz 5kg,79
2024-01-25,SKU-003,Leche Entera 1L,142
2024-01-25,SKU-004,Azucar 2kg,44
2024-01-25,SKU-005,Sal 1kg,36
2024-01-25,SKU-006,Frijoles Negros 1kg,36
2024-01-25,SKU-007,Pasta Espagueti 400g,50
2024-01-25,SKU-008,Cafe Molido 500g,23
2024-01-25,SKU-009,Atun en Lata 160g,67
2024-01-25,SKU-010,Jabon de Bano,41
2024-01-25,SKU-011,Papel Higienico 12 rollos,32
2024-01-25,SKU-012,Detergente 1kg,15
2024-01-25,SKU-013,Galletas Surtidas,40
2024-01-25,SKU-014,Agua Mineral 600ml,175
2024-01-26,SKU-001,Aceite de Oliva 1L,28
2024-01-26,SKU-002,Arroz 5kg,112
2024-01-26,SKU-003,Leche Entera 1L,144
2024-01-26,SKU-004,Azucar 2kg,60
2024-01-26,SKU-005,Sal 1kg,31
2024-01-26,SKU-006,Frijoles Negros 1kg,42
2024-01-26,SKU-007,Pasta Espagueti 400g,58
2024-01-26,SKU-008,Cafe Molido 500g,23
2024-01-26,SKU-009,Atun en Lata 160g,67
2024-01-26,SKU-010,Jabon de Bano,44
2024-01-26,SKU-011,Papel Higienico 12 rollos,28
2024-01-26,SKU-012,Detergente 1kg,21
2024-01-26,SKU-013,Galletas Surtidas,53
2024-01-26,SKU-014,Agua Mineral 600ml,168
2024-01-27,SKU-001,Aceite de Oliva 1L,28
2024-01-27,SKU-002,Arroz 5kg,94
2024-01-27,SKU-003,Leche Entera 1L,185
2024-01-27,SKU-004,Azucar 2kg,41
2024-01-27,SKU-005,Sal 1kg,37
2024-01-27,SKU-006,Frijoles Negros 1kg,51
2024-01-27,SKU-007,Pasta Espagueti 400g,75
2024-01-27,SKU-008,Cafe Molido 500g,27
2024-01-27,SKU-009,Atun en Lata 160g,99
2024-01-27,SKU-010,Jabon de Bano,44
2024-01-27,SKU-011,Papel Higienico 12 rollos,31
2024-01-27,SKU-012,Detergente 1kg,19
2024-01-27,SKU-013,Galletas Surtidas,48
2024-01-27,SKU-014,Agua Mineral 600ml,155
2024-01-28,SKU-001,Aceite de Oliva 1L,22
2024-01-28,SKU-002,Arroz 5kg,74
2024-01-28,SKU-003,Leche Entera 1L,110
2024-01-28,SKU-004,Azucar 2kg,36
2024-01-28,SKU-005,Sal 1kg,23
2024-01-28,SKU-006,Frijoles Negros 1kg,32
2024-01-28,SKU-007,Pasta Espagueti 400g,46
2024-01-28,SKU-008,Cafe Molido 500g,19
2024-01-28,SKU-009,Atun en Lata 160g,70
2024-01-28,SKU-010,Jabon de Bano,35
2024-01-28,SKU-011,Papel Higienico 12 rollos,24
2024-01-28,SKU-012,Detergente 1kg,16
2024-01-28,SKU-013,Galletas Surtidas,42
2024-01-28,SKU-014,Agua Mineral 600ml,110
2024-01-29,SKU-001,Aceite de Oliva 1L,23
2024-01-29,SKU-002,Arroz 5kg,94
2024-01-29,SKU-003,Leche Entera 1L,133
2024-01-29,SKU-004,Azucar 2kg,64
2024-01-29,SKU-005,Sal 1kg,33
2024-01-29,SKU-006,Frijoles Negros 1kg,43
2024-01-29,SKU-007,Pasta Espagueti 400g,72
2024-01-29,SKU-008,Cafe Molido 500g,25
2024-01-29,SKU-009,Atun en Lata 160g,63
2024-01-29,SKU-010,Jabon de Bano,36
2024-01-29,SKU-011,Papel Higienico 12 rollos,33
2024-01-29,SKU-012,Detergente 1kg,16
2024-01-29,SKU-013,Galletas Surtidas,47
2024-01-29,SKU-014,Agua Mineral 600ml,137
2024-01-30,SKU-001,Aceite de Oliva 1L,30
2024-01-30,SKU-002,Arroz 5kg,78
2024-01-30,SKU-003,Leche Entera 1L,128
2024-01-30,SKU-004,Azucar 2kg,54
2024-01-30,SKU-005,Sal 1kg,37
2024-01-30,SKU-006,Frijoles Negros 1kg,33
2024-01-30,SKU-007,Pasta Espagueti 400g,53
2024-01-30,SKU-008,Cafe Molido 500g,24
2024-01-30,SKU-009,Atun en Lata 160g,70
2024-01-30,SKU-010,Jabon de Bano,32
2024-01-30,SKU-011,Papel Higienico 12 rollos,27
2024-01-30,SKU-012,Detergente 1kg,19
2024-01-30,SKU-013,Galletas Surtidas,40
2024-01-30,SKU-014,Agua Mineral 600ml,155
2024-01-31,SKU-001,Aceite de Oliva 1L,35
2024-01-31,SKU-002,Arroz 5kg,93
2024-01-31,SKU-003,Leche Entera 1L,108
2024-01-31,SKU-004,Azucar 2kg,55
2024-01-31,SKU-005,Sal 1kg,36
2024-01-31,SKU-006,Frijoles Negros 1kg,33
2024-01-31,SKU-007,Pasta Espagueti 400g,49
2024-01-31,SKU-008,Cafe Molido 500g,23
2024-01-31,SKU-009,Atun en Lata 160g,79
2024-01-31,SKU-010,Jabon de Bano,31
2024-01-31,SKU-011,Papel Higienico 12 rollos,24
2024-01-31,SKU-012,Detergente 1kg,18
2024-01-31,SKU-013,Galletas Surtidas,45
2024-01-31,SKU-014,Agua Mineral 600ml,119
2024-02-01,SKU-001,Aceite de Oliva 1L,31
2024-02-01,SKU-002,Arroz 5kg,87
2024-02-01,SKU-003,Leche Entera 1L,172
2024-02-01,SKU-004,Azucar 2kg,53
2024-02-01,SKU-005,Sal 1kg,37
2024-02-01,SKU-006,Frijoles Negros 1kg,42
2024-02-01,SKU-007,Pasta Espagueti 400g,64
2024-02-01,SKU-008,Cafe Molido 500g,24
2024-02-01,SKU-009,Atun en Lata 160g,69
2024-02-01,SKU-010,Jabon de Bano,37
2024-02-01,SKU-011,Papel Higienico 12 rollos,30
2024-02-01,SKU-012,Detergente 1kg,21
2024-02-01,SKU-013,Galletas Surtidas,46
2024-02-01,SKU-014,Agua Mineral 600ml,144
2024-02-02,SKU-001,Aceite de Oliva 1L,35
2024-02-02,SKU-002,Arroz 5kg,100
2024-02-02,SKU-003,Leche Entera 1L,149
2024-02-02,SKU-004,Azucar 2kg,66
2024-02-02,SKU-005,Sal 1kg,36
2024-02-02,SKU-006,Frijoles Negros 1kg,47
2024-02-02,SKU-007,Pasta Espagueti 400g,71
2024-02-02,SKU-008,Cafe Molido 500g,29
2024-02-02,SKU-009,Atun en Lata 160g,79
2024-02-02,SKU-010,Jabon de Bano,39
2024-02-02,SKU-011,Papel Higienico 12 rollos,28
2024-02-02,SKU-012,Detergente 1kg,21
2024-02-02,SKU-013,Galletas Surtidas,50
2024-02-02,SKU-014,Agua Mineral 600ml,177
2024-02-03,SKU-001,Aceite de Oliva 1L,28
2024-02-03,SKU-002,Arroz 5kg,95
2024-02-03,SKU-003,Leche Entera 1L,183
2024-02-03,SKU-004,Azucar 2kg,54
2024-02-03,SKU-005,Sal 1kg,37
2024-02-03,SKU-006,Frijoles Negros 1kg,52
2024-02-03,SKU-007,Pasta Espagueti 400g,68
2024-02-03,SKU-008,Cafe Molido 500g,25
2024-02-03,SKU-009,Atun en Lata 160g,90
2024-02-03,SKU-010,Jabon de Bano,35
2024-02-03,SKU-011,Papel Higienico 12 rollos,32
2024-02-03,SKU-012,Detergente 1kg,20
2024-02-03,SKU-013,Galletas Surtidas,48
2024-02-03,SKU-014,Agua Mineral 600ml,188
2024-02-04,SKU-001,Aceite de Oliva 1L,24
2024-02-04,SKU-002,Arroz 5kg,63
2024-02-04,SKU-003,Leche Entera 1L,65
2024-02-04,SKU-004,Azucar 2kg,39
2024-02-04,SKU-005,Sal 1kg,25
2024-02-04,SKU-006,Frijoles Negros 1kg,32
2024-02-04,SKU-007,Pasta Espagueti 400g,48
2024-02-04,SKU-008,Cafe Molido 500g,20
2024-02-04,SKU-009,Atun en Lata 160g,61
2024-02-04,SKU-010,Jabon de Bano,29
2024-02-04,SKU-011,Papel Higienico 12 rollos,21
2024-02-04,SKU-012,Detergente 1kg,17
2024-02-04,SKU-013,Galletas Surtidas,44
2024-02-04,SKU-014,Agua Mineral 600ml,135
2024-02-05,SKU-001,Aceite de Oliva 1L,27
2024-02-05,SKU-002,Arroz 5kg,103
2024-02-05,SKU-003,Leche Entera 1L,160
2024-02-05,SKU-004,Azucar 2kg,47
2024-02-05,SKU-005,Sal 1kg,37
2024-02-05,SKU-006,Frijoles Negros 1kg,42
2024-02-05,SKU-007,Pasta Espagueti 400g,65
2024-02-05,SKU-008,Cafe Molido 500g,23
2024-02-05,SKU-009,Atun en Lata 160g,61
2024-02-05,SKU-010,Jabon de Bano,41
2024-02-05,SKU-011,Papel Higienico 12 rollos,27
2024-02-05,SKU-012,Detergente 1kg,21
2024-02-05,SKU-013,Galletas Surtidas,41
2024-02-05,SKU-014,Agua Mineral 600ml,139
2024-02-06,SKU-001,Aceite de Oliva 1L,29
2024-02-06,SKU-002,Arroz 5kg,81
2024-02-06,SKU-003,Leche Entera 1L,156
2024-02-06,SKU-004,Azucar 2kg,53
2024-02-06,SKU-005,Sal 1kg,34
2024-02-06,SKU-006,Frijoles Negros 1kg,40
2024-02-06,SKU-007,Pasta Espagueti 400g,51
2024-02-06,SKU-008,Cafe Molido 500g,20
2024-02-06,SKU-009,Atun en Lata 160g,67
2024-02-06,SKU-010,Jabon de Bano,33
2024-02-06,SKU-011,Papel Higienico 12 rollos,25
2024-02-06,SKU-012,Detergente 1kg,16
2024-02-06,SKU-013,Galletas Surtidas,39
2024-02-06,SKU-014,Agua Mineral 600ml,154
2024-02-07,SKU-001,Aceite de Oliva 1L,32
2024-02-07,SKU-002,Arroz 5kg,100
2024-02-07,SKU-003,Leche Entera 1L,127
2024-02-07,SKU-004,Azucar 2kg,56
2024-02-07,SKU-005,Sal 1kg,39
2024-02-07,SKU-006,Frijoles Negros 1kg,45
2024-02-07,SKU-007,Pasta Espagueti 400g,66
2024-02-07,SKU-008,Cafe Molido 500g,23
2024-02-07,SKU-009,Atun en Lata 160g,68
2024-02-07,SKU-010,Jabon de Bano,30
2024-02-07,SKU-011,Papel Higienico 12 rollos,26
2024-02-07,SKU-012,Detergente 1kg,17
2024-02-07,SKU-013,Galletas Surtidas,43
2024-02-07,SKU-014,Agua Mineral 600ml,143
2024-02-08,SKU-001,Aceite de Oliva 1L,27
2024-02-08,SKU-002,Arroz 5kg,100
2024-02-08,SKU-003,Leche Entera 1L,144
2024-02-08,SKU-004,Azucar 2kg,69
2024-02-08,SKU-005,Sal 1kg,31
2024-02-08,SKU-006,Frijoles Negros 1kg,46
2024-02-08,SKU-007,Pasta Espagueti 400g,61
2024-02-08,SKU-008,Cafe Molido 500g,25
2024-02-08,SKU-009,Atun en Lata 160g,69
2024-02-08,SKU-010,Jabon de Bano,38
2024-02-08,SKU-011,Papel Higienico 12 rollos,31
2024-02-08,SKU-012,Detergente 1kg,18
2024-02-08,SKU-013,Galletas Surtidas,48
2024-02-08,SKU-014,Agua Mineral 600ml,136
2024-02-09,SKU-001,Aceite de Oliva 1L,33
2024-02-09,SKU-002,Arroz 5kg,93
2024-02-09,SKU-003,Leche Entera 1L,142
2024-02-09,SKU-004,Azucar 2kg,67
2024-02-09,SKU-005,Sal 1kg,36
2024-02-09,SKU-006,Frijoles Negros 1kg,43
2024-02-09,SKU-007,Pasta Espagueti 400g,74
2024-02-09,SKU-008,Cafe Molido 500g,24
2024-02-09,SKU-009,Atun en Lata 160g,86
2024-02-09,SKU-010,Jabon de Bano,39
2024-02-09,SKU-011,Papel Higienico 12 rollos,31
2024-02-09,SKU-012,Detergente 1kg,24
2024-02-09,SKU-013,Galletas Surtidas,47
2024-02-09,SKU-014,Agua Mineral 600ml,153
2024-02-10,SKU-001,Aceite de Oliva 1L,40
2024-02-10,SKU-002,Arroz 5kg,92
2024-02-10,SKU-003,Leche Entera 1L,155
2024-02-10,SKU-004,Azucar 2kg,51
2024-02-10,SKU-005,Sal 1kg,34
2024-02-10,SKU-006,Frijoles Negros 1kg,52
2024-02-10,SKU-007,Pasta Espagueti 400g,84
2024-02-10,SKU-008,Cafe Molido 500g,25
2024-02-10,SKU-009,Atun en Lata 160g,90
2024-02-10,SKU-010,Jabon de Bano,47
2024-02-10,SKU-011,Papel Higienico 12 rollos,30
2024-02-10,SKU-012,Detergente 1kg,25
2024-02-10,SKU-013,Galletas Surtidas,54
2024-02-10,SKU-014,Agua Mineral 600ml,170
2024-02-11,SKU-001,Aceite de Oliva 1L,21
2024-02-11,SKU-002,Arroz 5kg,66
2024-02-11,SKU-003,Leche Entera 1L,106
2024-02-11,SKU-004,Azucar 2kg,29
2024-02-11,SKU-005,Sal 1kg,30
2024-02-11,SKU-006,Frijoles Negros 1kg,32
2024-02-11,SKU-007,Pasta Espagueti 400g,56
2024-02-11,SKU-008,Cafe Molido 500g,20
2024-02-11,SKU-009,Atun en Lata 160g,55
2024-02-11,SKU-010,Jabon de Bano,31
2024-02-11,SKU-011,Papel Higienico 12 rollos,26
2024-02-11,SKU-012,Detergente 1kg,17
2024-02-11,SKU-013,Galletas Surtidas,39
2024-02-11,SKU-014,Agua Mineral 600ml,126
2024-02-12,SKU-001,Aceite de Oliva 1L,30
2024-02-12,SKU-002,Arroz 5kg,114
2024-02-12,SKU-003,Leche Entera 1L,117
2024-02-12,SKU-004,Azucar 2kg,57
2024-02-12,SKU-005,Sal 1kg,46
2024-02-12,SKU-006,Frijoles Negros 1kg,38
2024-02-12,SKU-007,Pasta Espagueti 400g,71
2024-02-12,SKU-008,Cafe Molido 500g,24
2024-02-12,SKU-009,Atun en Lata 160g,84
2024-02-12,SKU-010,Jabon de Bano,31
2024-02-12,SKU-011,Papel Higienico 12 rollos,33
2024-02-12,SKU-012,Detergente 1kg,20
2024-02-12,SKU-013,Galletas Surtidas,38
2024-02-12,SKU-014,Agua Mineral 600ml,145
2024-02-13,SKU-001,Aceite de Oliva 1L,27
2024-02-13,SKU-002,Arroz 5kg,83
2024-02-13,SKU-003,Leche Entera 1L,131
2024-02-13,SKU-004,Azucar 2kg,58
2024-02-13,SKU-005,Sal 1kg,39
2024-02-13,SKU-006,Frijoles Negros 1kg,38
2024-02-13,SKU-007,Pasta Espagueti 400g,66
2024-02-13,SKU-008,Cafe Molido 500g,20
2024-02-13,SKU-009,Atun en Lata 160g,63
2024-02-13,SKU-010,Jabon de Bano,34
2024-02-13,SKU-011,Papel Higienico 12 rollos,26
2024-02-13,SKU-012,Detergente 1kg,17
2024-02-13,SKU-013,Galletas Surtidas,38
2024-02-13,SKU-014,Agua Mineral 600ml,118
2024-02-14,SKU-001,Aceite de Oliva 1L,37
2024-02-14,SKU-002,Arroz 5kg,96
2024-02-14,SKU-003,Leche Entera 1L,100
2024-02-14,SKU-004,Azucar 2kg,52
2024-02-14,SKU-005,Sal 1kg,40
2024-02-14,SKU-006,Frijoles Negros 1kg,45
2024-02-14,SKU-007,Pasta Espagueti 400g,63
2024-02-14,SKU-008,Cafe Molido 500g,20
2024-02-14,SKU-009,Atun en Lata 160g,74
2024-02-14,SKU-010,Jabon de Bano,37
2024-02-14,SKU-011,Papel Higienico 12 rollos,31
2024-02-14,SKU-012,Detergente 1kg,20
2024-02-14,SKU-013,Galletas Surtidas,51
2024-02-14,SKU-014,Agua Mineral 600ml,148
2024-02-15,SKU-001,Aceite de Oliva 1L,33
2024-02-15,SKU-002,Arroz 5kg,79
2024-02-15,SKU-003,Leche Entera 1L,147
2024-02-15,SKU-004,Azucar 2kg,65
2024-02-15,SKU-005,Sal 1kg,43
2024-02-15,SKU-006,Frijoles Negros 1kg,41
2024-02-15,SKU-007,Pasta Espagueti 400g,63
2024-02-15,SKU-008,Cafe Molido 500g,24
2024-02-15,SKU-009,Atun en Lata 160g,64
2024-02-15,SKU-010,Jabon de Bano,41
2024-02-15,SKU-011,Papel Higienico 12 rollos,30
2024-02-15,SKU-012,Detergente 1kg,22
2024-02-15,SKU-013,Galletas Surtidas,43
2024-02-15,SKU-014,Agua Mineral 600ml,137
2024-02-16,SKU-001,Aceite de Oliva 1L,33
2024-02-16,SKU-002,Arroz 5kg,102
2024-02-16,SKU-003,Leche Entera 1L,111
2024-02-16,SKU-004,Azucar 2kg,50
2024-02-16,SKU-005,Sal 1kg,37
2024-02-16,SKU-006,Frijoles Negros 1kg,42
2024-02-16,SKU-007,Pasta Espagueti 400g,72
2024-02-16,SKU-008,Cafe Molido 500g,25
2024-02-16,SKU-009,Atun en Lata 160g,71
2024-02-16,SKU-010,Jabon de Bano,33
2024-02-16,SKU-011,Papel Higienico 12 rollos,34
2024-02-16,SKU-012,Detergente 1kg,20
2024-02-16,SKU-013,Galletas Surtidas,46
2024-02-16,SKU-014,Agua Mineral 600ml,164
2024-02-17,SKU-001,Aceite de Oliva 1L,33
2024-02-17,SKU-002,Arroz 5kg,105
2024-02-17,SKU-003,Leche Entera 1L,134
2024-02-17,SKU-004,Azucar 2kg,48
2024-02-17,SKU-005,Sal 1kg,35
2024-02-17,SKU-006,Frijoles Negros 1kg,47
2024-02-17,SKU-007,Pasta Espagueti 400g,76
2024-02-17,SKU-008,Cafe Molido 500g,26
2024-02-17,SKU-009,Atun en Lata 160g,87
2024-02-17,SKU-010,Jabon de Bano,39
2024-02-17,SKU-011,Papel Higienico 12 rollos,37
2024-02-17,SKU-012,Detergente 1kg,24
2024-02-17,SKU-013,Galletas Surtidas,61
2024-02-17,SKU-014,Agua Mineral 600ml,196
2024-02-18,SKU-001,Aceite de Oliva 1L,18
2024-02-18,SKU-002,Arroz 5kg,74
2024-02-18,SKU-003,Leche Entera 1L,56
2024-02-18,SKU-004,Azucar 2kg,38
2024-02-18,SKU-005,Sal 1kg,27
2024-02-18,SKU-006,Frijoles Negros 1kg,31
2024-02-18,SKU-007,Pasta Espagueti 400g,52
2024-02-18,SKU-008,Cafe Molido 500g,20
2024-02-18,SKU-009,Atun en Lata 160g,70
2024-02-18,SKU-010,Jabon de Bano,34
2024-02-18,SKU-011,Papel Higienico 12 rollos,26
2024-02-18,SKU-012,Detergente 1kg,14
2024-02-18,SKU-013,Galletas Surtidas,35
2024-02-18,SKU-014,Agua Mineral 600ml,125
2024-02-19,SKU-001,Aceite de Oliva 1L,38
2024-02-19,SKU-002,Arroz 5kg,100
2024-02-19,SKU-003,Leche Entera 1L,179
2024-02-19,SKU-004,Azucar 2kg,53
2024-02-19,SKU-005,Sal 1kg,35
2024-02-19,SKU-006,Frijoles Negros 1kg,39
2024-02-19,SKU-007,Pasta Espagueti 400g,69
2024-02-19,SKU-008,Cafe Molido 500g,20
2024-02-19,SKU-009,Atun en Lata 160g,81
2024-02-19,SKU-010,Jabon de Bano,41
2024-02-19,SKU-011,Papel Higienico 12 rollos,28
2024-02-19,SKU-012,Detergente 1kg,15
2024-02-19,SKU-013,Galletas Surtidas,45
2024-02-19,SKU-014,Agua Mineral 600ml,155
2024-02-20,SKU-001,Aceite de Oliva 1L,28
2024-02-20,SKU-002,Arroz 5kg,115
2024-02-20,SKU-003,Leche Entera 1L,180
2024-02-20,SKU-004,Azucar 2kg,60
2024-02-20,SKU-005,Sal 1kg,47
2024-02-20,SKU-006,Frijoles Negros 1kg,36
2024-02-20,SKU-007,Pasta Espagueti 400g,59
2024-02-20,SKU-008,Cafe Molido 500g,20
2024-02-20,SKU-009,Atun en Lata 160g,74
2024-02-20,SKU-010,Jabon de Bano,31
2024-02-20,SKU-011,Papel Higienico 12 rollos,30
2024-02-20,SKU-012,Detergente 1kg,20
2024-02-20,SKU-013,Galletas Surtidas,50
2024-02-20,SKU-014,Agua Mineral 600ml,124
2024-02-21,SKU-001,Aceite de Oliva 1L,31
2024-02-21,SKU-002,Arroz 5kg,106
2024-02-21,SKU-003,Leche Entera 1L,160
2024-02-21,SKU-004,Azucar 2kg,55
2024-02-21,SKU-005,Sal 1kg,45
2024-02-21,SKU-006,Frijoles Negros 1kg,42
2024-02-21,SKU-007,Pasta Espagueti 400g,56
2024-02-21,SKU-008,Cafe Molido 500g,21
2024-02-21,SKU-009,Atun en Lata 160g,79
2024-02-21,SKU-010,Jabon de Bano,30
2024-02-21,SKU-011,Papel Higienico 12 rollos,24
2024-02-21,SKU-012,Detergente 1kg,17
2024-02-21,SKU-013,Galletas Surtidas,50
2024-02-21,SKU-014,Agua Mineral 600ml,162
2024-02-22,SKU-001,Aceite de Oliva 1L,39
2024-02-22,SKU-002,Arroz 5kg,86
2024-02-22,SKU-003,Leche Entera 1L,139
2024-02-22,SKU-004,Azucar 2kg,59
2024-02-22,SKU-005,Sal 1kg,40
2024-02-22,SKU-006,Frijoles Negros 1kg,48
2024-02-22,SKU-007,Pasta Espagueti 400g,51
2024-02-22,SKU-008,Cafe Molido 500g,19
2024-02-22,SKU-009,Atun en Lata 160g,74
2024-02-22,SKU-010,Jabon de Bano,30
2024-02-22,SKU-011,Papel Higienico 12 rollos,24
2024-02-22,SKU-012,Detergente 1kg,20
2024-02-22,SKU-013,Galletas Surtidas,41
2024-02-22,SKU-014,Agua Mineral 600ml,168
2024-02-23,SKU-001,Aceite de Oliva 1L,25
2024-02-23,SKU-002,Arroz 5kg,78
2024-02-23,SKU-003,Leche Entera 1L,94
2024-02-23,SKU-004,Azucar 2kg,56
2024-02-23,SKU-005,Sal 1kg,37
2024-02-23,SKU-006,Frijoles Negros 1kg,48
2024-02-23,SKU-007,Pasta Espagueti 400g,69
2024-02-23,SKU-008,Cafe Molido 500g,26
2024-02-23,SKU-009,Atun en Lata 160g,90
2024-02-23,SKU-010,Jabon de Bano,41
2024-02-23,SKU-011,Papel Higienico 12 rollos,27
2024-02-23,SKU-012,Detergente 1kg,23
2024-02-23,SKU-013,Galletas Surtidas,53
2024-02-23,SKU-014,Agua Mineral 600ml,160
2024-02-24,SKU-001,Aceite de Oliva 1L,33
2024-02-24,SKU-002,Arroz 5kg,93
2024-02-24,SKU-003,Leche Entera 1L,115
2024-02-24,SKU-004,Azucar 2kg,43
2024-02-24,SKU-005,Sal 1kg,39
2024-02-24,SKU-006,Frijoles Negros 1kg,42
2024-02-24,SKU-007,Pasta Espagueti 400g,77
2024-02-24,SKU-008,Cafe Molido 500g,25
2024-02-24,SKU-009,Atun en Lata 160g,93
2024-02-24,SKU-010,Jabon de Bano,50
2024-02-24,SKU-011,Papel Higienico 12 rollos,30
2024-02-24,SKU-012,Detergente 1kg,20
2024-02-24,SKU-013,Galletas Surtidas,46
2024-02-24,SKU-014,Agua Mineral 600ml,212
2024-02-25,SKU-001,Aceite de Oliva 1L,23
2024-02-25,SKU-002,Arroz 5kg,78
2024-02-25,SKU-003,Leche Entera 1L,123
2024-02-25,SKU-004,Azucar 2kg,39
2024-02-25,SKU-005,Sal 1kg,29
2024-02-25,SKU-006,Frijoles Negros 1kg,30
2024-02-25,SKU-007,Pasta Espagueti 400g,58
2024-02-25,SKU-008,Cafe Molido 500g,21
2024-02-25,SKU-009,Atun en Lata 160g,52
2024-02-25,SKU-010,Jabon de Bano,31
2024-02-25,SKU-011,Papel Higienico 12 rollos,26
2024-02-25,SKU-012,Detergente 1kg,15
2024-02-25,SKU-013,Galletas Surtidas,45
2024-02-25,SKU-014,Agua Mineral 600ml,142
2024-02-26,SKU-001,Aceite de Oliva 1L,31
2024-02-26,SKU-002,Arroz 5kg,95
2024-02-26,SKU-003,Leche Entera 1L,137
2024-02-26,SKU-004,Azucar 2kg,53
2024-02-26,SKU-005,Sal 1kg,32
2024-02-26,SKU-006,Frijoles Negros 1kg,34
2024-02-26,SKU-007,Pasta Espagueti 400g,59
2024-02-26,SKU-008,Cafe Molido 500g,22
2024-02-26,SKU-009,Atun en Lata 160g,67
2024-02-26,SKU-010,Jabon de Bano,32
2024-02-26,SKU-011,Papel Higienico 12 rollos,26
2024-02-26,SKU-012,Detergente 1kg,18
2024-02-26,SKU-013,Galletas Surtidas,48
2024-02-26,SKU-014,Agua Mineral 600ml,138
2024-02-27,SKU-001,Aceite de Oliva 1L,33
2024-02-27,SKU-002,Arroz 5kg,104
2024-02-27,SKU-003,Leche Entera 1L,142
2024-02-27,SKU-004,Azucar 2kg,52
2024-02-27,SKU-005,Sal 1kg,39
2024-02-27,SKU-006,Frijoles Negros 1kg,33
2024-02-27,SKU-007,Pasta Espagueti 400g,62
2024-02-27,SKU-008,Cafe Molido 500g,21
2024-02-27,SKU-009,Atun en Lata 160g,61
2024-02-27,SKU-010,Jabon de Bano,31
2024-02-27,SKU-011,Papel Higienico 12 rollos,28
2024-02-27,SKU-012,Detergente 1kg,17
2024-02-27,SKU-013,Galletas Surtidas,47
2024-02-27,SKU-014,Agua Mineral 600ml,166
2024-02-28,SKU-001,Aceite de Oliva 1L,40
2024-02-28,SKU-002,Arroz 5kg,103
2024-02-28,SKU-003,Leche Entera 1L,138
2024-02-28,SKU-004,Azucar 2kg,53
2024-02-28,SKU-005,Sal 1kg,38
2024-02-28,SKU-006,Frijoles Negros 1kg,37
2024-02-28,SKU-007,Pasta Espagueti 400g,53
2024-02-28,SKU-008,Cafe Molido 500g,25
2024-02-28,SKU-009,Atun en Lata 160g,80
2024-02-28,SKU-010,Jabon de Bano,30
2024-02-28,SKU-011,Papel Higienico 12 rollos,29
2024-02-28,SKU-012,Detergente 1kg,21
2024-02-28,SKU-013,Galletas Surtidas,52
2024-02-28,SKU-014,Agua Mineral 600ml,145
2024-02-29,SKU-001,Aceite de Oliva 1L,26
2024-02-29,SKU-002,Arroz 5kg,101
2024-02-29,SKU-003,Leche Entera 1L,155
2024-02-29,SKU-004,Azucar 2kg,70
2024-02-29,SKU-005,Sal 1kg,41
2024-02-29,SKU-006,Frijoles Negros 1kg,37
2024-02-29,SKU-007,Pasta Espagueti 400g,56
2024-02-29,SKU-008,Cafe Molido 500g,27
2024-02-29,SKU-009,Atun en Lata 160g,69
2024-02-29,SKU-010,Jabon de Bano,33
2024-02-29,SKU-011,Papel Higienico 12 rollos,31
2024-02-29,SKU-012,Detergente 1kg,21
2024-02-29,SKU-013,Galletas Surtidas,53
2024-02-29,SKU-014,Agua Mineral 600ml,145
2024-03-01,SKU-001,Aceite de Oliva 1L,37
2024-03-01,SKU-002,Arroz 5kg,95
2024-03-01,SKU-003,Leche Entera 1L,175
2024-03-01,SKU-004,Azucar 2kg,50
2024-03-01,SKU-005,Sal 1kg,39
2024-03-01,SKU-006,Frijoles Negros 1kg,50
2024-03-01,SKU-007,Pasta Espagueti 400g,66
2024-03-01,SKU-008,Cafe Molido 500g,22
2024-03-01,SKU-009,Atun en Lata 160g,86
2024-03-01,SKU-010,Jabon de Bano,46
2024-03-01,SKU-011,Papel Higienico 12 rollos,31
2024-03-01,SKU-012,Detergente 1kg,19
2024-03-01,SKU-013,Galletas Surtidas,50
2024-03-01,SKU-014,Agua Mineral 600ml,183
2024-03-02,SKU-001,Aceite de Oliva 1L,34
2024-03-02,SKU-002,Arroz 5kg,95
2024-03-02,SKU-003,Leche Entera 1L,216
2024-03-02,SKU-004,Azucar 2kg,62
2024-03-02,SKU-005,Sal 1kg,33
2024-03-02,SKU-006,Frijoles Negros 1kg,58
2024-03-02,SKU-007,Pasta Espagueti 400g,80
2024-03-02,SKU-008,Cafe Molido 500g,26
2024-03-02,SKU-009,Atun en Lata 160g,91
2024-03-02,SKU-010,Jabon de Bano,51
2024-03-02,SKU-011,Papel Higienico 12 rollos,40
2024-03-02,SKU-012,Detergente 1kg,24
2024-03-02,SKU-013,Galletas Surtidas,60
2024-03-02,SKU-014,Agua Mineral 600ml,197
2024-03-03,SKU-001,Aceite de Oliva 1L,24
2024-03-03,SKU-002,Arroz 5kg,69
2024-03-03,SKU-003,Leche Entera 1L,108
2024-03-03,SKU-004,Azucar 2kg,43
2024-03-03,SKU-005,Sal 1kg,28
2024-03-03,SKU-006,Frijoles Negros 1kg,37
2024-03-03,SKU-007,Pasta Espagueti 400g,61
2024-03-03,SKU-008,Cafe Molido 500g,22
2024-03-03,SKU-009,Atun en Lata 160g,69
2024-03-03,SKU-010,Jabon de Bano,31
2024-03-03,SKU-011,Papel Higienico 12 rollos,25
2024-03-03,SKU-012,Detergente 1kg,16
2024-03-03,SKU-013,Galletas Surtidas,39
2024-03-03,SKU-014,Agua Mineral 600ml,143
2024-03-04,SKU-001,Aceite de Oliva 1L,22
2024-03-04,SKU-002,Arroz 5kg,91
2024-03-04,SKU-003,Leche Entera 1L,179
2024-03-04,SKU-004,Azucar 2kg,67
2024-03-04,SKU-005,Sal 1kg,45
2024-03-04,SKU-006,Frijoles Negros 1kg,49
2024-03-04,SKU-007,Pasta Espagueti 400g,54
2024-03-04,SKU-008,Cafe Molido 500g,25
2024-03-04,SKU-009,Atun en Lata 160g,64
2024-03-04,SKU-010,Jabon de Bano,37
2024-03-04,SKU-011,Papel Higienico 12 rollos,27
2024-03-04,SKU-012,Detergente 1kg,18
2024-03-04,SKU-013,Galletas Surtidas,47
2024-03-04,SKU-014,Agua Mineral 600ml,132
2024-03-05,SKU-001,Aceite de Oliva 1L,41
2024-03-05,SKU-002,Arroz 5kg,82
2024-03-05,SKU-003,Leche Entera 1L,179
2024-03-05,SKU-004,Azucar 2kg,45
2024-03-05,SKU-005,Sal 1kg,44
2024-03-05,SKU-006,Frijoles Negros 1kg,32
2024-03-05,SKU-007,Pasta Espagueti 400g,56
2024-03-05,SKU-008,Cafe Molido 500g,18
2024-03-05,SKU-009,Atun en Lata 160g,67
2024-03-05,SKU-010,Jabon de Bano,34
2024-03-05,SKU-011,Papel Higienico 12 rollos,26
2024-03-05,SKU-012,Detergente 1kg,14
2024-03-05,SKU-013,Galletas Surtidas,45
2024-03-05,SKU-014,Agua Mineral 600ml,155
2024-03-06,SKU-001,Aceite de Oliva 1L,34
2024-03-06,SKU-002,Arroz 5kg,92
2024-03-06,SKU-003,Leche Entera 1L,218
2024-03-06,SKU-004,Azucar 2kg,63
2024-03-06,SKU-005,Sal 1kg,33
2024-03-06,SKU-006,Frijoles Negros 1kg,38
2024-03-06,SKU-007,Pasta Espagueti 400g,53
2024-03-06,SKU-008,Cafe Molido 500g,23
2024-03-06,SKU-009,Atun en Lata 160g,64
2024-03-06,SKU-010,Jabon de Bano,29
2024-03-06,SKU-011,Papel Higienico 12 rollos,32
2024-03-06,SKU-012,Detergente 1kg,21
2024-03-06,SKU-013,Galletas Surtidas,39
2024-03-06,SKU-014,Agua Mineral 600ml,125
2024-03-07,SKU-001,Aceite de Oliva 1L,34
2024-03-07,SKU-002,Arroz 5kg,96
2024-03-07,SKU-003,Leche Entera 1L,159
2024-03-07,SKU-004,Azucar 2kg,55
2024-03-07,SKU-005,Sal 1kg,43
2024-03-07,SKU-006,Frijoles Negros 1kg,34
2024-03-07,SKU-007,Pasta Espagueti 400g,55
2024-03-07,SKU-008,Cafe Molido 500g,19
2024-03-07,SKU-009,Atun en Lata 160g,71
2024-03-07,SKU-010,Jabon de Bano,34
2024-03-07,SKU-011,Papel Higienico 12 rollos,25
2024-03-07,SKU-012,Detergente 1kg,21
2024-03-07,SKU-013,Galletas Surtidas,55
2024-03-07,SKU-014,Agua Mineral 600ml,164
2024-03-08,SKU-001,Aceite de Oliva 1L,26
2024-03-08,SKU-002,Arroz 5kg,107
2024-03-08,SKU-003,Leche Entera 1L,213
2024-03-08,SKU-004,Azucar 2kg,53
2024-03-08,SKU-005,Sal 1kg,40
2024-03-08,SKU-006,Frijoles Negros 1kg,41
2024-03-08,SKU-007,Pasta Espagueti 400g,70
2024-03-08,SKU-008,Cafe Molido 500g,24
2024-03-08,SKU-009,Atun en Lata 160g,69
2024-03-08,SKU-010,Jabon de Bano,41
2024-03-08,SKU-011,Papel Higienico 12 rollos,31
2024-03-08,SKU-012,Detergente 1kg,23
2024-03-08,SKU-013,Galletas Surtidas,43
2024-03-08,SKU-014,Agua Mineral 600ml,195
2024-03-09,SKU-001,Aceite de Oliva 1L,34
2024-03-09,SKU-002,Arroz 5kg,97
2024-03-09,SKU-003,Leche Entera 1L,177
2024-03-09,SKU-004,Azucar 2kg,59
2024-03-09,SKU-005,Sal 1kg,36
2024-03-09,SKU-006,Frijoles Negros 1kg,53
2024-03-09,SKU-007,Pasta Espagueti 400g,71
2024-03-09,SKU-008,Cafe Molido 500g,29
2024-03-09,SKU-009,Atun en Lata 160g,87
2024-03-09,SKU-010,Jabon de Bano,45
2024-03-09,SKU-011,Papel Higienico 12 rollos,33
2024-03-09,SKU-012,Detergente 1kg,25
2024-03-09,SKU-013,Galletas Surtidas,53
2024-03-09,SKU-014,Agua Mineral 600ml,161
2024-03-10,SKU-001,Aceite de Oliva 1L,29
2024-03-10,SKU-002,Arroz 5kg,79
2024-03-10,SKU-003,Leche Entera 1L,106
2024-03-10,SKU-004,Azucar 2kg,38
2024-03-10,SKU-005,Sal 1kg,26
2024-03-10,SKU-006,Frijoles Negros 1kg,39
2024-03-10,SKU-007,Pasta Espagueti 400g,60
2024-03-10,SKU-008,Cafe Molido 500g,16
2024-03-10,SKU-009,Atun en Lata 160g,54
2024-03-10,SKU-010,Jabon de Bano,27
2024-03-10,SKU-011,Papel Higienico 12 rollos,23
2024-03-10,SKU-012,Detergente 1kg,15
2024-03-10,SKU-013,Galletas Surtidas,40
2024-03-10,SKU-014,Agua Mineral 600ml,113
2024-03-11,SKU-001,Aceite de Oliva 1L,39
2024-03-11,SKU-002,Arroz 5kg,103
2024-03-11,SKU-003,Leche Entera 1L,171
2024-03-11,SKU-004,Azucar 2kg,58
2024-03-11,SKU-005,Sal 1kg,41
2024-03-11,SKU-006,Frijoles Negros 1kg,49
2024-03-11,SKU-007,Pasta Espagueti 400g,59
2024-03-11,SKU-008,Cafe Molido 500g,23
2024-03-11,SKU-009,Atun en Lata 160g,83
2024-03-11,SKU-010,Jabon de Bano,38
2024-03-11,SKU-011,Papel Higienico 12 rollos,29
2024-03-11,SKU-012,Detergente 1kg,21
2024-03-11,SKU-013,Galletas Surtidas,54
2024-03-11,SKU-014,Agua Mineral 600ml,149
2024-03-12,SKU-001,Aceite de Oliva 1L,32
2024-03-12,SKU-002,Arroz 5kg,113
2024-03-12,SKU-003,Leche Entera 1L,152
2024-03-12,SKU-004,Azucar 2kg,65
2024-03-12,SKU-005,Sal 1kg,41
2024-03-12,SKU-006,Frijoles Negros 1kg,43
2024-03-12,SKU-007,Pasta Espagueti 400g,58
2024-03-12,SKU-008,Cafe Molido 500g,23
2024-03-12,SKU-009,Atun en Lata 160g,66
2024-03-12,SKU-010,Jabon de Bano,29
2024-03-12,SKU-011,Papel Higienico 12 rollos,32
2024-03-12,SKU-012,Detergente 1kg,20
2024-03-12,SKU-013,Galletas Surtidas,50
2024-03-12,SKU-014,Agua Mineral 600ml,158
2024-03-13,SKU-001,Aceite de Oliva 1L,32
2024-03-13,SKU-002,Arroz 5kg,96
2024-03-13,SKU-003,Leche Entera 1L,128
2024-03-13,SKU-004,Azucar 2kg,54
2024-03-13,SKU-005,Sal 1kg,36
2024-03-13,SKU-006,Frijoles Negros 1kg,38
2024-03-13,SKU-007,Pasta Espagueti 400g,63
2024-03-13,SKU-008,Cafe Molido 500g,24
2024-03-13,SKU-009,Atun en Lata 160g,61
2024-03-13,SKU-010,Jabon de Bano,39
2024-03-13,SKU-011,Papel Higienico 12 rollos,28
2024-03-13,SKU-012,Detergente 1kg,20
2024-03-13,SKU-013,Galletas Surtidas,43
2024-03-13,SKU-014,Agua Mineral 600ml,124
2024-03-14,SKU-001,Aceite de Oliva 1L,37
2024-03-14,SKU-002,Arroz 5kg,105
2024-03-14,SKU-003,Leche Entera 1L,207
2024-03-14,SKU-004,Azucar 2kg,75
2024-03-14,SKU-005,Sal 1kg,40
2024-03-14,SKU-006,Frijoles Negros 1kg,44
2024-03-14,SKU-007,Pasta Espagueti 400g,60
2024-03-14,SKU-008,Cafe Molido 500g,22
2024-03-14,SKU-009,Atun en Lata 160g,65
2024-03-14,SKU-010,Jabon de Bano,31
2024-03-14,SKU-011,Papel Higienico 12 rollos,33
2024-03-14,SKU-012,Detergente 1kg,20
2024-03-14,SKU-013,Galletas Surtidas,44
2024-03-14,SKU-014,Agua Mineral 600ml,136
2024-03-15,SKU-001,Aceite de Oliva 1L,25
2024-03-15,SKU-002,Arroz 5kg,101
2024-03-15,SKU-003,Leche Entera 1L,156
2024-03-15,SKU-004,Azucar 2kg,49
2024-03-15,SKU-005,Sal 1kg,39
2024-03-15,SKU-006,Frijoles Negros 1kg,51
2024-03-15,SKU-007,Pasta Espagueti 400g,71
2024-03-15,SKU-008,Cafe Molido 500g,23
2024-03-15,SKU-009,Atun en Lata 160g,87
2024-03-15,SKU-010,Jabon de Bano,40
2024-03-15,SKU-011,Papel Higienico 12 rollos,36
2024-03-15,SKU-012,Detergente 1kg,22
2024-03-15,SKU-013,Galletas Surtidas,43
2024-03-15,SKU-014,Agua Mineral 600ml,145
2024-03-16,SKU-001,Aceite de Oliva 1L,34
2024-03-16,SKU-002,Arroz 5kg,101
2024-03-16,SKU-003,Leche Entera 1L,134
2024-03-16,SKU-004,Azucar 2kg,54
2024-03-16,SKU-005,Sal 1kg,45
2024-03-16,SKU-006,Frijoles Negros 1kg,53
2024-03-16,SKU-007,Pasta Espagueti 400g,74
2024-03-16,SKU-008,Cafe Molido 500g,26
2024-03-16,SKU-009,Atun en Lata 160g,85
2024-03-16,SKU-010,Jabon de Bano,37
2024-03-16,SKU-011,Papel Higienico 12 rollos,34
2024-03-16,SKU-012,Detergente 1kg,20
2024-03-16,SKU-013,Galletas Surtidas,48
2024-03-16,SKU-014,Agua Mineral 600ml,197
2024-03-17,SKU-001,Aceite de Oliva 1L,23
2024-03-17,SKU-002,Arroz 5kg,68
2024-03-17,SKU-003,Leche Entera 1L,103
2024-03-17,SKU-004,Azucar 2kg,46
2024-03-17,SKU-005,Sal 1kg,26
2024-03-17,SKU-006,Frijoles Negros 1kg,38
2024-03-17,SKU-007,Pasta Espagueti 400g,48
2024-03-17,SKU-008,Cafe Molido 500g,16
2024-03-17,SKU-009,Atun en Lata 160g,54
2024-03-17,SKU-010,Jabon de Bano,27
2024-03-17,SKU-011,Papel Higienico 12 rollos,27
2024-03-17,SKU-012,Detergente 1kg,18
2024-03-17,SKU-013,Galletas Surtidas,43
2024-03-17,SKU-014,Agua Mineral 600ml,150
2024-03-18,SKU-001,Aceite de Oliva 1L,35
2024-03-18,SKU-002,Arroz 5kg,113
2024-03-18,SKU-003,Leche Entera 1L,182
2024-03-18,SKU-004,Azucar 2kg,69
2024-03-18,SKU-005,Sal 1kg,38
2024-03-18,SKU-006,Frijoles Negros 1kg,38
2024-03-18,SKU-007,Pasta Espagueti 400g,55
2024-03-18,SKU-008,Cafe Molido 500g,24
2024-03-18,SKU-009,Atun en Lata 160g,61
2024-03-18,SKU-010,Jabon de Bano,39
2024-03-18,SKU-011,Papel Higienico 12 rollos,28
2024-03-18,SKU-012,Detergente 1kg,22
2024-03-18,SKU-013,Galletas Surtidas,49
2024-03-18,SKU-014,Agua Mineral 600ml,170
2024-03-19,SKU-001,Aceite de Oliva 1L,39
2024-03-19,SKU-002,Arroz 5kg,97
2024-03-19,SKU-003,Leche Entera 1L,146
2024-03-19,SKU-004,Azucar 2kg,68
2024-03-19,SKU-005,Sal 1kg,42
2024-03-19,SKU-006,Frijoles Negros 1kg,42
2024-03-19,SKU-007,Pasta Espagueti 400g,64
2024-03-19,SKU-008,Cafe Molido 500g,19
2024-03-19,SKU-009,Atun en Lata 160g,63
2024-03-19,SKU-010,Jabon de Bano,36
2024-03-19,SKU-011,Papel Higienico 12 rollos,28
2024-03-19,SKU-012,Detergente 1kg,19
2024-03-19,SKU-013,Galletas Surtidas,41
2024-03-19,SKU-014,Agua Mineral 600ml,152
2024-03-20,SKU-001,Aceite de Oliva 1L,33
2024-03-20,SKU-002,Arroz 5kg,93
2024-03-20,SKU-003,Leche Entera 1L,177
2024-03-20,SKU-004,Azucar 2kg,55
2024-03-20,SKU-005,Sal 1kg,37
2024-03-20,SKU-006,Frijoles Negros 1kg,40
2024-03-20,SKU-007,Pasta Espagueti 400g,50
2024-03-20,SKU-008,Cafe Molido 500g,26
2024-03-20,SKU-009,Atun en Lata 160g,59
2024-03-20,SKU-010,Jabon de Bano,39
2024-03-20,SKU-011,Papel Higienico 12 rollos,26
2024-03-20,SKU-012,Detergente 1kg,19
2024-03-20,SKU-013,Galletas Surtidas,42
2024-03-20,SKU-014,Agua Mineral 600ml,169
2024-03-21,SKU-001,Aceite de Oliva 1L,30
2024-03-21,SKU-002,Arroz 5kg,109
2024-03-21,SKU-003,Leche Entera 1L,92
2024-03-21,SKU-004,Azucar 2kg,62
2024-03-21,SKU-005,Sal 1kg,40
2024-03-21,SKU-006,Frijoles Negros 1kg,46
2024-03-21,SKU-007,Pasta Espagueti 400g,73
2024-03-21,SKU-008,Cafe Molido 500g,21
2024-03-21,SKU-009,Atun en Lata 160g,64
2024-03-21,SKU-010,Jabon de Bano,34
2024-03-21,SKU-011,Papel Higienico 12 rollos,32
2024-03-21,SKU-012,Detergente 1kg,22
2024-03-21,SKU-013,Galletas Surtidas,45
2024-03-21,SKU-014,Agua Mineral 600ml,161
2024-03-22,SKU-001,Aceite de Oliva 1L,30
2024-03-22,SKU-002,Arroz 5kg,117
2024-03-22,SKU-003,Leche Entera 1L,179
2024-03-22,SKU-004,Azucar 2kg,55
2024-03-22,SKU-005,Sal 1kg,38
2024-03-22,SKU-006,Frijoles Negros 1kg,40
2024-03-22,SKU-007,Pasta Espagueti 400g,63
2024-03-22,SKU-008,Cafe Molido 500g,26
2024-03-22,SKU-009,Atun en Lata 160g,78
2024-03-22,SKU-010,Jabon de Bano,45
2024-03-22,SKU-011,Papel Higienico 12 rollos,33
2024-03-22,SKU-012,Detergente 1kg,25
2024-03-22,SKU-013,Galletas Surtidas,61
2024-03-22,SKU-014,Agua Mineral 600ml,178
2024-03-23,SKU-001,Aceite de Oliva 1L,37
2024-03-23,SKU-002,Arroz 5kg,90
2024-03-23,SKU-003,Leche Entera 1L,149
2024-03-23,SKU-004,Azucar 2kg,55
2024-03-23,SKU-005,Sal 1kg,40
2024-03-23,SKU-006,Frijoles Negros 1kg,51
2024-03-23,SKU-007,Pasta Espagueti 400g,88
2024-03-23,SKU-008,Cafe Molido 500g,28
2024-03-23,SKU-009,Atun en Lata 160g,102
2024-03-23,SKU-010,Jabon de Bano,45
2024-03-23,SKU-011,Papel Higienico 12 rollos,31
2024-03-23,SKU-012,Detergente 1kg,21
2024-03-23,SKU-013,Galletas Surtidas,59
2024-03-23,SKU-014,Agua Mineral 600ml,195
2024-03-24,SKU-001,Aceite de Oliva 1L,24
2024-03-24,SKU-002,Arroz 5kg,75
2024-03-24,SKU-003,Leche Entera 1L,137
2024-03-24,SKU-004,Azucar 2kg,43
2024-03-24,SKU-005,Sal 1kg,27
2024-03-24,SKU-006,Frijoles Negros 1kg,42
2024-03-24,SKU-007,Pasta Espagueti 400g,52
2024-03-24,SKU-008,Cafe Molido 500g,18
2024-03-24,SKU-009,Atun en Lata 160g,68
2024-03-24,SKU-010,Jabon de Bano,31
2024-03-24,SKU-011,Papel Higienico 12 rollos,28
2024-03-24,SKU-012,Detergente 1kg,18
2024-03-24,SKU-013,Galletas Surtidas,36
2024-03-24,SKU-014,Agua Mineral 600ml,116
2024-03-25,SKU-001,Aceite de Oliva 1L,27
2024-03-25,SKU-002,Arroz 5kg,114
2024-03-25,SKU-003,Leche Entera 1L,177
2024-03-25,SKU-004,Azucar 2kg,70
2024-03-25,SKU-005,Sal 1kg,38
2024-03-25,SKU-006,Frijoles Negros 1kg,43
2024-03-25,SKU-007,Pasta Espagueti 400g,55
2024-03-25,SKU-008,Cafe Molido 500g,21
2024-03-25,SKU-009,Atun en Lata 160g,82
2024-03-25,SKU-010,Jabon de Bano,39
2024-03-25,SKU-011,Papel Higienico 12 rollos,28
2024-03-25,SKU-012,Detergente 1kg,21
2024-03-25,SKU-013,Galletas Surtidas,49
2024-03-25,SKU-014,Agua Mineral 600ml,148
2024-03-26,SKU-001,Aceite de Oliva 1L,33
2024-03-26,SKU-002,Arroz 5kg,106
2024-03-26,SKU-003,Leche Entera 1L,157
2024-03-26,SKU-004,Azucar 2kg,60
2024-03-26,SKU-005,Sal 1kg,34
2024-03-26,SKU-006,Frijoles Negros 1kg,38
2024-03-26,SKU-007,Pasta Espagueti 400g,62
2024-03-26,SKU-008,Cafe Molido 500g,24
2024-03-26,SKU-009,Atun en Lata 160g,73
2024-03-26,SKU-010,Jabon de Bano,36
2024-03-26,SKU-011,Papel Higienico 12 rollos,25
2024-03-26,SKU-012,Detergente 1kg,16
2024-03-26,SKU-013,Galletas Surtidas,49
2024-03-26,SKU-014,Agua Mineral 600ml,151
2024-03-27,SKU-001,Aceite de Oliva 1L,37
2024-03-27,SKU-002,Arroz 5kg,114
2024-03-27,SKU-003,Leche Entera 1L,196
2024-03-27,SKU-004,Azucar 2kg,76
2024-03-27,SKU-005,Sal 1kg,39
2024-03-27,SKU-006,Frijoles Negros 1kg,47
2024-03-27,SKU-007,Pasta Espagueti 400g,50
2024-03-27,SKU-008,Cafe Molido 500g,21
2024-03-27,SKU-009,Atun en Lata 160g,60
2024-03-27,SKU-010,Jabon de Bano,35
2024-03-27,SKU-011,Papel Higienico 12 rollos,26
2024-03-27,SKU-012,Detergente 1kg,16
2024-03-27,SKU-013,Galletas Surtidas,39
2024-03-27,SKU-014,Agua Mineral 600ml,137
2024-03-28,SKU-001,Aceite de Oliva 1L,33
2024-03-28,SKU-002,Arroz 5kg,107
2024-03-28,SKU-003,Leche Entera 1L,222
2024-03-28,SKU-004,Azucar 2kg,48
2024-03-28,SKU-005,Sal 1kg,42
2024-03-28,SKU-006,Frijoles Negros 1kg,37
2024-03-28,SKU-007,Pasta Espagueti 400g,67
2024-03-28,SKU-008,Cafe Molido 500g,24
2024-03-28,SKU-009,Atun en Lata 160g,63
2024-03-28,SKU-010,Jabon de Bano,32
2024-03-28,SKU-011,Papel Higienico 12 rollos,27
2024-03-28,SKU-012,Detergente 1kg,21
2024-03-28,SKU-013,Galletas Surtidas,47
2024-03-28,SKU-014,Agua Mineral 600ml,135
2024-03-29,SKU-001,Aceite de Oliva 1L,26
2024-03-29,SKU-002,Arroz 5kg,79
2024-03-29,SKU-003,Leche Entera 1L,95
2024-03-29,SKU-004,Azucar 2kg,50
2024-03-29,SKU-005,Sal 1kg,43
2024-03-29,SKU-006,Frijoles Negros 1kg,45
2024-03-29,SKU-007,Pasta Espagueti 400g,67
2024-03-29,SKU-008,Cafe Molido 500g,28
2024-03-29,SKU-009,Atun en Lata 160g,84
2024-03-29,SKU-010,Jabon de Bano,43
2024-03-29,SKU-011,Papel Higienico 12 rollos,29
2024-03-29,SKU-012,Detergente 1kg,19
2024-03-29,SKU-013,Galletas Surtidas,61
2024-03-29,SKU-014,Agua Mineral 600ml,153
2024-03-30,SKU-001,Aceite de Oliva 1L,29
2024-03-30,SKU-002,Arroz 5kg,104
2024-03-30,SKU-003,Leche Entera 1L,123
2024-03-30,SKU-004,Azucar 2kg,64
2024-03-30,SKU-005,Sal 1kg,37
2024-03-30,SKU-006,Frijoles Negros 1kg,59
2024-03-30,SKU-007,Pasta Espagueti 400g,71
2024-03-30,SKU-008,Cafe Molido 500g,26
2024-03-30,SKU-009,Atun en Lata 160g,98
2024-03-30,SKU-010,Jabon de Bano,48
2024-03-30,SKU-011,Papel Higienico 12 rollos,34
2024-03-30,SKU-012,Detergente 1kg,24
2024-03-30,SKU-013,Galletas Surtidas,53
2024-03-30,SKU-014,Agua Mineral 600ml,163
2024-03-31,SKU-001,Aceite de Oliva 1L,28
2024-03-31,SKU-002,Arroz 5kg,67
2024-03-31,SKU-003,Leche Entera 1L,95
2024-03-31,SKU-004,Azucar 2kg,43
2024-03-31,SKU-005,Sal 1kg,28
2024-03-31,SKU-006,Frijoles Negros 1kg,39
2024-03-31,SKU-007,Pasta Espagueti 400g,56
2024-03-31,SKU-008,Cafe Molido 500g,23
2024-03-31,SKU-009,Atun en Lata 160g,64
2024-03-31,SKU-010,Jabon de Bano,34
2024-03-31,SKU-011,Papel Higienico 12 rollos,27
2024-03-31,SKU-012,Detergente 1kg,13
2024-03-31,SKU-013,Galletas Surtidas,45
2024-03-31,SKU-014,Agua Mineral 600ml,133
2024-04-01,SKU-001,Aceite de Oliva 1L,41
2024-04-01,SKU-002,Arroz 5kg,108
2024-04-01,SKU-003,Leche Entera 1L,122
2024-04-01,SKU-004,Azucar 2kg,56
2024-04-01,SKU-005,Sal 1kg,38
2024-04-01,SKU-006,Frijoles Negros 1kg,49
2024-04-01,SKU-007,Pasta Espagueti 400g,55
2024-04-01,SKU-008,Cafe Molido 500g,22
2024-04-01,SKU-009,Atun en Lata 160g,68
2024-04-01,SKU-010,Jabon de Bano,38
2024-04-01,SKU-011,Papel Higienico 12 rollos,31
2024-04-01,SKU-012,Detergente 1kg,17
2024-04-01,SKU-013,Galletas Surtidas,41
2024-04-01,SKU-014,Agua Mineral 600ml,156
2024-04-02,SKU-001,Aceite de Oliva 1L,37
2024-04-02,SKU-002,Arroz 5kg,111
2024-04-02,SKU-003,Leche Entera 1L,156
2024-04-02,SKU-004,Azucar 2kg,66
2024-04-02,SKU-005,Sal 1kg,38
2024-04-02,SKU-006,Frijoles Negros 1kg,41
2024-04-02,SKU-007,Pasta Espagueti 400g,60
2024-04-02,SKU-008,Cafe Molido 500g,22
2024-04-02,SKU-009,Atun en Lata 160g,72
2024-04-02,SKU-010,Jabon de Bano,39
2024-04-02,SKU-011,Papel Higienico 12 rollos,23
2024-04-02,SKU-012,Detergente 1kg,14
2024-04-02,SKU-013,Galletas Surtidas,45
2024-04-02,SKU-014,Agua Mineral 600ml,145
2024-04-03,SKU-001,Aceite de Oliva 1L,33
2024-04-03,SKU-002,Arroz 5kg,109
2024-04-03,SKU-003,Leche Entera 1L,209
2024-04-03,SKU-004,Azucar 2kg,59
2024-04-03,SKU-005,Sal 1kg,39
2024-04-03,SKU-006,Frijoles Negros 1kg,36
2024-04-03,SKU-007,Pasta Espagueti 400g,52
2024-04-03,SKU-008,Cafe Molido 500g,20
2024-04-03,SKU-009,Atun en Lata 160g,75
2024-04-03,SKU-010,Jabon de Bano,35
2024-04-03,SKU-011,Papel Higienico 12 rollos,33
2024-04-03,SKU-012,Detergente 1kg,17
2024-04-03,SKU-013,Galletas Surtidas,53
2024-04-03,SKU-014,Agua Mineral 600ml,134
2024-04-04,SKU-001,Aceite de Oliva 1L,28
2024-04-04,SKU-002,Arroz 5kg,114
2024-04-04,SKU-003,Leche Entera 1L,141
2024-04-04,SKU-004,Azucar 2kg,63
2024-04-04,SKU-005,Sal 1kg,34
2024-04-04,SKU-006,Frijoles Negros 1kg,48
2024-04-04,SKU-007,Pasta Espagueti 400g,61
2024-04-04,SKU-008,Cafe Molido 500g,23
2024-04-04,SKU-009,Atun en Lata 160g,61
2024-04-04,SKU-010,Jabon de Bano,39
2024-04-04,SKU-011,Papel Higienico 12 rollos,33
2024-04-04,SKU-012,Detergente 1kg,20
2024-04-04,SKU-013,Galletas Surtidas,39
2024-04-04,SKU-014,Agua Mineral 600ml,145
2024-04-05,SKU-001,Aceite de Oliva 1L,39
2024-04-05,SKU-002,Arroz 5kg,93
2024-04-05,SKU-003,Leche Entera 1L,135
2024-04-05,SKU-004,Azucar 2kg,68
2024-04-05,SKU-005,Sal 1kg,36
2024-04-05,SKU-006,Frijoles Negros 1kg,53
2024-04-05,SKU-007,Pasta Espagueti 400g,67
2024-04-05,SKU-008,Cafe Molido 500g,27
2024-04-05,SKU-009,Atun en Lata 160g,97
2024-04-05,SKU-010,Jabon de Bano,45
2024-04-05,SKU-011,Papel Higienico 12 rollos,28
2024-04-05,SKU-012,Detergente 1kg,19
2024-04-05,SKU-013,Galletas Surtidas,51
2024-04-05,SKU-014,Agua Mineral 600ml,161
2024-04-06,SKU-001,Aceite de Oliva 1L,33
2024-04-06,SKU-002,Arroz 5kg,108
2024-04-06,SKU-003,Leche Entera 1L,128
2024-04-06,SKU-004,Azucar 2kg,70
2024-04-06,SKU-005,Sal 1kg,45
2024-04-06,SKU-006,Frijoles Negros 1kg,59
2024-04-06,SKU-007,Pasta Espagueti 400g,88
2024-04-06,SKU-008,Cafe Molido 500g,30
2024-04-06,SKU-009,Atun en Lata 160g,77
2024-04-06,SKU-010,Jabon de Bano,42
2024-04-06,SKU-011,Papel Higienico 12 rollos,29
2024-04-06,SKU-012,Detergente 1kg,26
2024-04-06,SKU-013,Galletas Surtidas,52
2024-04-06,SKU-014,Agua Mineral 600ml,170
2024-04-07,SKU-001,Aceite de Oliva 1L,16
2024-04-07,SKU-002,Arroz 5kg,64
2024-04-07,SKU-003,Leche Entera 1L,130
2024-04-07,SKU-004,Azucar 2kg,35
2024-04-07,SKU-005,Sal 1kg,27
2024-04-07,SKU-006,Frijoles Negros 1kg,35
2024-04-07,SKU-007,Pasta Espagueti 400g,46
2024-04-07,SKU-008,Cafe Molido 500g,19
2024-04-07,SKU-009,Atun en Lata 160g,55
2024-04-07,SKU-010,Jabon de Bano,29
2024-04-07,SKU-011,Papel Higienico 12 rollos,23
2024-04-07,SKU-012,Detergente 1kg,13
2024-04-07,SKU-013,Galletas Surtidas,33
2024-04-07,SKU-014,Agua Mineral 600ml,139
2024-04-08,SKU-001,Aceite de Oliva 1L,34
2024-04-08,SKU-002,Arroz 5kg,114
2024-04-08,SKU-003,Leche Entera 1L,153
2024-04-08,SKU-004,Azucar 2kg,61
2024-04-08,SKU-005,Sal 1kg,38
2024-04-08,SKU-006,Frijoles Negros 1kg,35
2024-04-08,SKU-007,Pasta Espagueti 400g,54
2024-04-08,SKU-008,Cafe Molido 500g,27
2024-04-08,SKU-009,Atun en Lata 160g,75
2024-04-08,SKU-010,Jabon de Bano,35
2024-04-08,SKU-011,Papel Higienico 12 rollos,33
2024-04-08,SKU-012,Detergente 1kg,20
2024-04-08,SKU-013,Galletas Surtidas,47
2024-04-08,SKU-014,Agua Mineral 600ml,164
2024-04-09,SKU-001,Aceite de Oliva 1L,40
2024-04-09,SKU-002,Arroz 5kg,102
2024-04-09,SKU-003,Leche Entera 1L,171
2024-04-09,SKU-004,Azucar 2kg,56
2024-04-09,SKU-005,Sal 1kg,40
2024-04-09,SKU-006,Frijoles Negros 1kg,46
2024-04-09,SKU-007,Pasta Espagueti 400g,52
2024-04-09,SKU-008,Cafe Molido 500g,22
2024-04-09,SKU-009,Atun en Lata 160g,64
2024-04-09,SKU-010,Jabon de Bano,35
2024-04-09,SKU-011,Papel Higienico 12 rollos,27
2024-04-09,SKU-012,Detergente 1kg,17
2024-04-09,SKU-013,Galletas Surtidas,37
2024-04-09,SKU-014,Agua Mineral 600ml,137
2024-04-10,SKU-001,Aceite de Oliva 1L,33
2024-04-10,SKU-002,Arroz 5kg,105
2024-04-10,SKU-003,Leche Entera 1L,128
2024-04-10,SKU-004,Azucar 2kg,66
2024-04-10,SKU-005,Sal 1kg,45
2024-04-10,SKU-006,Frijoles Negros 1kg,35
2024-04-10,SKU-007,Pasta Espagueti 400g,70
2024-04-10,SKU-008,Cafe Molido 500g,25
2024-04-10,SKU-009,Atun en Lata 160g,72
2024-04-10,SKU-010,Jabon de Bano,31
2024-04-10,SKU-011,Papel Higienico 12 rollos,25
2024-04-10,SKU-012,Detergente 1kg,16
2024-04-10,SKU-013,Galletas Surtidas,51
2024-04-10,SKU-014,Agua Mineral 600ml,160
2024-04-11,SKU-001,Aceite de Oliva 1L,35
2024-04-11,SKU-002,Arroz 5kg,115
2024-04-11,SKU-003,Leche Entera 1L,187
2024-04-11,SKU-004,Azucar 2kg,67
2024-04-11,SKU-005,Sal 1kg,41
2024-04-11,SKU-006,Frijoles Negros 1kg,44
2024-04-11,SKU-007,Pasta Espagueti 400g,58
2024-04-11,SKU-008,Cafe Molido 500g,24
2024-04-11,SKU-009,Atun en Lata 160g,64
2024-04-11,SKU-010,Jabon de Bano,43
2024-04-11,SKU-011,Papel Higienico 12 rollos,29
2024-04-11,SKU-012,Detergente 1kg,18
2024-04-11,SKU-013,Galletas Surtidas,43
2024-04-11,SKU-014,Agua Mineral 600ml,171
2024-04-12,SKU-001,Aceite de Oliva 1L,34
2024-04-12,SKU-002,Arroz 5kg,116
2024-04-12,SKU-003,Leche Entera 1L,162
2024-04-12,SKU-004,Azucar 2kg,53
2024-04-12,SKU-005,Sal 1kg,40
2024-04-12,SKU-006,Frijoles Negros 1kg,55
2024-04-12,SKU-007,Pasta Espagueti 400g,67
2024-04-12,SKU-008,Cafe Molido 500g,25
2024-04-12,SKU-009,Atun en Lata 160g,78
2024-04-12,SKU-010,Jabon de Bano,47
2024-04-12,SKU-011,Papel Higienico 12 rollos,28
2024-04-12,SKU-012,Detergente 1kg,19
2024-04-12,SKU-013,Galletas Surtidas,53
2024-04-12,SKU-014,Agua Mineral 600ml,169
2024-04-13,SKU-001,Aceite de Oliva 1L,24
2024-04-13,SKU-002,Arroz 5kg,107
2024-04-13,SKU-003,Leche Entera 1L,173
2024-04-13,SKU-004,Azucar 2kg,69
2024-04-13,SKU-005,Sal 1kg,40
2024-04-13,SKU-006,Frijoles Negros 1kg,56
2024-04-13,SKU-007,Pasta Espagueti 400g,89
2024-04-13,SKU-008,Cafe Molido 500g,25
2024-04-13,SKU-009,Atun en Lata 160g,76
2024-04-13,SKU-010,Jabon de Bano,40
2024-04-13,SKU-011,Papel Higienico 12 rollos,35
2024-04-13,SKU-012,Detergente 1kg,24
2024-04-13,SKU-013,Galletas Surtidas,56
2024-04-13,SKU-014,Agua Mineral 600ml,162
2024-04-14,SKU-001,Aceite de Oliva 1L,27
2024-04-14,SKU-002,Arroz 5kg,75
2024-04-14,SKU-003,Leche Entera 1L,89
2024-04-14,SKU-004,Azucar 2kg,35
2024-04-14,SKU-005,Sal 1kg,26
2024-04-14,SKU-006,Frijoles Negros 1kg,30
2024-04-14,SKU-007,Pasta Espagueti 400g,58
2024-04-14,SKU-008,Cafe Molido 500g,18
2024-04-14,SKU-009,Atun en Lata 160g,58
2024-04-14,SKU-010,Jabon de Bano,27
2024-04-14,SKU-011,Papel Higienico 12 rollos,29
2024-04-14,SKU-012,Detergente 1kg,14
2024-04-14,SKU-013,Galletas Surtidas,38
2024-04-14,SKU-014,Agua Mineral 600ml,113
2024-04-15,SKU-001,Aceite de Oliva 1L,26
2024-04-15,SKU-002,Arroz 5kg,113
2024-04-15,SKU-003,Leche Entera 1L,153
2024-04-15,SKU-004,Azucar 2kg,64
2024-04-15,SKU-005,Sal 1kg,40
2024-04-15,SKU-006,Frijoles Negros 1kg,43
2024-04-15,SKU-007,Pasta Espagueti 400g,69
2024-04-15,SKU-008,Cafe Molido 500g,24
2024-04-15,SKU-009,Atun en Lata 160g,81
2024-04-15,SKU-010,Jabon de Bano,32
2024-04-15,SKU-011,Papel Higienico 12 rollos,33
2024-04-15,SKU-012,Detergente 1kg,20
2024-04-15,SKU-013,Galletas Surtidas,40
2024-04-15,SKU-014,Agua Mineral 600ml,177
2024-04-16,SKU-001,Aceite de Oliva 1L,38
2024-04-16,SKU-002,Arroz 5kg,118
2024-04-16,SKU-003,Leche Entera 1L,139
2024-04-16,SKU-004,Azucar 2kg,58
2024-04-16,SKU-005,Sal 1kg,38
2024-04-16,SKU-006,Frijoles Negros 1kg,43
2024-04-16,SKU-007,Pasta Espagueti 400g,62
2024-04-16,SKU-008,Cafe Molido 500g,20
2024-04-16,SKU-009,Atun en Lata 160g,70
2024-04-16,SKU-010,Jabon de Bano,38
2024-04-16,SKU-011,Papel Higienico 12 rollos,32
2024-04-16,SKU-012,Detergente 1kg,19
2024-04-16,SKU-013,Galletas Surtidas,41
2024-04-16,SKU-014,Agua Mineral 600ml,169
2024-04-17,SKU-001,Aceite de Oliva 1L,25
2024-04-17,SKU-002,Arroz 5kg,113
2024-04-17,SKU-003,Leche Entera 1L,197
2024-04-17,SKU-004,Azucar 2kg,60
2024-04-17,SKU-005,Sal 1kg,38
2024-04-17,SKU-006,Frijoles Negros 1kg,35
2024-04-17,SKU-007,Pasta Espagueti 400g,60
2024-04-17,SKU-008,Cafe Molido 500g,19
2024-04-17,SKU-009,Atun en Lata 160g,59
2024-04-17,SKU-010,Jabon de Bano,33
2024-04-17,SKU-011,Papel Higienico 12 rollos,28
2024-04-17,SKU-012,Detergente 1kg,17
2024-04-17,SKU-013,Galletas Surtidas,41
2024-04-17,SKU-014,Agua Mineral 600ml,127
2024-04-18,SKU-001,Aceite de Oliva 1L,39
2024-04-18,SKU-002,Arroz 5kg,81
2024-04-18,SKU-003,Leche Entera 1L,165
2024-04-18,SKU-004,Azucar 2kg,61
2024-04-18,SKU-005,Sal 1kg,38
2024-04-18,SKU-006,Frijoles Negros 1kg,46
2024-04-18,SKU-007,Pasta Espagueti 400g,67
2024-04-18,SKU-008,Cafe Molido 500g,26
2024-04-18,SKU-009,Atun en Lata 160g,78
2024-04-18,SKU-010,Jabon de Bano,32
2024-04-18,SKU-011,Papel Higienico 12 rollos,25
2024-04-18,SKU-012,Detergente 1kg,21
2024-04-18,SKU-013,Galletas Surtidas,43
2024-04-18,SKU-014,Agua Mineral 600ml,145
2024-04-19,SKU-001,Aceite de Oliva 1L,40
2024-04-19,SKU-002,Arroz 5kg,116
2024-04-19,SKU-003,Leche Entera 1L,151
2024-04-19,SKU-004,Azucar 2kg,59
2024-04-19,SKU-005,Sal 1kg,39
2024-04-19,SKU-006,Frijoles Negros 1kg,41
2024-04-19,SKU-007,Pasta Espagueti 400g,79
2024-04-19,SKU-008,Cafe Molido 500g,22
2024-04-19,SKU-009,Atun en Lata 160g,83
2024-04-19,SKU-010,Jabon de Bano,46
2024-04-19,SKU-011,Papel Higienico 12 rollos,31
2024-04-19,SKU-012,Detergente 1kg,18
2024-04-19,SKU-013,Galletas Surtidas,50
2024-04-19,SKU-014,Agua Mineral 600ml,152
2024-04-20,SKU-001,Aceite de Oliva 1L,31
2024-04-20,SKU-002,Arroz 5kg,92
2024-04-20,SKU-003,Leche Entera 1L,203
2024-04-20,SKU-004,Azucar 2kg,67
2024-04-20,SKU-005,Sal 1kg,42
2024-04-20,SKU-006,Frijoles Negros 1kg,53
2024-04-20,SKU-007,Pasta Espagueti 400g,81
2024-04-20,SKU-008,Cafe Molido 500g,24
2024-04-20,SKU-009,Atun en Lata 160g,101
2024-04-20,SKU-010,Jabon de Bano,38
2024-04-20,SKU-011,Papel Higienico 12 rollos,31
2024-04-20,SKU-012,Detergente 1kg,24
2024-04-20,SKU-013,Galletas Surtidas,58
2024-04-20,SKU-014,Agua Mineral 600ml,210
2024-04-21,SKU-001,Aceite de Oliva 1L,19
2024-04-21,SKU-002,Arroz 5kg,90
2024-04-21,SKU-003,Leche Entera 1L,155
2024-04-21,SKU-004,Azucar 2kg,43
2024-04-21,SKU-005,Sal 1kg,26
2024-04-21,SKU-006,Frijoles Negros 1kg,41
2024-04-21,SKU-007,Pasta Espagueti 400g,53
2024-04-21,SKU-008,Cafe Molido 500g,17
2024-04-21,SKU-009,Atun en Lata 160g,56
2024-04-21,SKU-010,Jabon de Bano,31
2024-04-21,SKU-011,Papel Higienico 12 rollos,27
2024-04-21,SKU-012,Detergente 1kg,14
2024-04-21,SKU-013,Galletas Surtidas,45
2024-04-21,SKU-014,Agua Mineral 600ml,128
2024-04-22,SKU-001,Aceite de Oliva 1L,29
2024-04-22,SKU-002,Arroz 5kg,110
2024-04-22,SKU-003,Leche Entera 1L,130
2024-04-22,SKU-004,Azucar 2kg,59
2024-04-22,SKU-005,Sal 1kg,43
2024-04-22,SKU-006,Frijoles Negros 1kg,40
2024-04-22,SKU-007,Pasta Espagueti 400g,67
2024-04-22,SKU-008,Cafe Molido 500g,26
2024-04-22,SKU-009,Atun en Lata 160g,67
2024-04-22,SKU-010,Jabon de Bano,35
2024-04-22,SKU-011,Papel Higienico 12 rollos,33
2024-04-22,SKU-012,Detergente 1kg,18
2024-04-22,SKU-013,Galletas Surtidas,43
2024-04-22,SKU-014,Agua Mineral 600ml,167
2024-04-23,SKU-001,Aceite de Oliva 1L,26
2024-04-23,SKU-002,Arroz 5kg,127
2024-04-23,SKU-003,Leche Entera 1L,208
2024-04-23,SKU-004,Azucar 2kg,51
2024-04-23,SKU-005,Sal 1kg,35
2024-04-23,SKU-006,Frijoles Negros 1kg,35
2024-04-23,SKU-007,Pasta Espagueti 400g,58
2024-04-23,SKU-008,Cafe Molido 500g,25
2024-04-23,SKU-009,Atun en Lata 160g,63
2024-04-23,SKU-010,Jabon de Bano,35
2024-04-23,SKU-011,Papel Higienico 12 rollos,25
2024-04-23,SKU-012,Detergente 1kg,20
2024-04-23,SKU-013,Galletas Surtidas,45
2024-04-23,SKU-014,Agua Mineral 600ml,122
2024-04-24,SKU-001,Aceite de Oliva 1L,32
2024-04-24,SKU-002,Arroz 5kg,95
2024-04-24,SKU-003,Leche Entera 1L,150
2024-04-24,SKU-004,Azucar 2kg,41
2024-04-24,SKU-005,Sal 1kg,39
2024-04-24,SKU-006,Frijoles Negros 1kg,40
2024-04-24,SKU-007,Pasta Espagueti 400g,60
2024-04-24,SKU-008,Cafe Molido 500g,25
2024-04-24,SKU-009,Atun en Lata 160g,67
2024-04-24,SKU-010,Jabon de Bano,29
2024-04-24,SKU-011,Papel Higienico 12 rollos,32
2024-04-24,SKU-012,Detergente 1kg,18
2024-04-24,SKU-013,Galletas Surtidas,38
2024-04-24,SKU-014,Agua Mineral 600ml,135
2024-04-25,SKU-001,Aceite de Oliva 1L,42
2024-04-25,SKU-002,Arroz 5kg,94
2024-04-25,SKU-003,Leche Entera 1L,149
2024-04-25,SKU-004,Azucar 2kg,49
2024-04-25,SKU-005,Sal 1kg,42
2024-04-25,SKU-006,Frijoles Negros 1kg,47
2024-04-25,SKU-007,Pasta Espagueti 400g,71
2024-04-25,SKU-008,Cafe Molido 500g,25
2024-04-25,SKU-009,Atun en Lata 160g,70
2024-04-25,SKU-010,Jabon de Bano,33
2024-04-25,SKU-011,Papel Higienico 12 rollos,26
2024-04-25,SKU-012,Detergente 1kg,22
2024-04-25,SKU-013,Galletas Surtidas,49
2024-04-25,SKU-014,Agua Mineral 600ml,172
2024-04-26,SKU-001,Aceite de Oliva 1L,32
2024-04-26,SKU-002,Arroz 5kg,126
2024-04-26,SKU-003,Leche Entera 1L,164
2024-04-26,SKU-004,Azucar 2kg,57
2024-04-26,SKU-005,Sal 1kg,41
2024-04-26,SKU-006,Frijoles Negros 1kg,41
2024-04-26,SKU-007,Pasta Espagueti 400g,64
2024-04-26,SKU-008,Cafe Molido 500g,30
2024-04-26,SKU-009,Atun en Lata 160g,82
2024-04-26,SKU-010,Jabon de Bano,47
2024-04-26,SKU-011,Papel Higienico 12 rollos,36
2024-04-26,SKU-012,Detergente 1kg,20
2024-04-26,SKU-013,Galletas Surtidas,59
2024-04-26,SKU-014,Agua Mineral 600ml,182
2024-04-27,SKU-001,Aceite de Oliva 1L,30
2024-04-27,SKU-002,Arroz 5kg,91
2024-04-27,SKU-003,Leche Entera 1L,167
2024-04-27,SKU-004,Azucar 2kg,58
2024-04-27,SKU-005,Sal 1kg,40
2024-04-27,SKU-006,Frijoles Negros 1kg,42
2024-04-27,SKU-007,Pasta Espagueti 400g,83
2024-04-27,SKU-008,Cafe Molido 500g,25
2024-04-27,SKU-009,Atun en Lata 160g,75
2024-04-27,SKU-010,Jabon de Bano,49
2024-04-27,SKU-011,Papel Higienico 12 rollos,39
2024-04-27,SKU-012,Detergente 1kg,23
2024-04-27,SKU-013,Galletas Surtidas,59
2024-04-27,SKU-014,Agua Mineral 600ml,187
2024-04-28,SKU-001,Aceite de Oliva 1L,24
2024-04-28,SKU-002,Arroz 5kg,70
2024-04-28,SKU-003,Leche Entera 1L,119
2024-04-28,SKU-004,Azucar 2kg,50
2024-04-28,SKU-005,Sal 1kg,25
2024-04-28,SKU-006,Frijoles Negros 1kg,36
2024-04-28,SKU-007,Pasta Espagueti 400g,61
2024-04-28,SKU-008,Cafe Molido 500g,20
2024-04-28,SKU-009,Atun en Lata 160g,64
2024-04-28,SKU-010,Jabon de Bano,27
2024-04-28,SKU-011,Papel Higienico 12 rollos,30
2024-04-28,SKU-012,Detergente 1kg,16
2024-04-28,SKU-013,Galletas Surtidas,34
2024-04-28,SKU-014,Agua Mineral 600ml,159
2024-04-29,SKU-001,Aceite de Oliva 1L,41
2024-04-29,SKU-002,Arroz 5kg,102
2024-04-29,SKU-003,Leche Entera 1L,133
2024-04-29,SKU-004,Azucar 2kg,76
2024-04-29,SKU-005,Sal 1kg,40
2024-04-29,SKU-006,Frijoles Negros 1kg,47
2024-04-29,SKU-007,Pasta Espagueti 400g,54
2024-04-29,SKU-008,Cafe Molido 500g,21
2024-04-29,SKU-009,Atun en Lata 160g,87
2024-04-29,SKU-010,Jabon de Bano,42
2024-04-29,SKU-011,Papel Higienico 12 rollos,27
2024-04-29,SKU-012,Detergente 1kg,20
2024-04-29,SKU-013,Galletas Surtidas,52
2024-04-29,SKU-014,Agua Mineral 600ml,141
2024-04-30,SKU-001,Aceite de Oliva 1L,39
2024-04-30,SKU-002,Arroz 5kg,113
2024-04-30,SKU-003,Leche Entera 1L,104
2024-04-30,SKU-004,Azucar 2kg,60
2024-04-30,SKU-005,Sal 1kg,38
2024-04-30,SKU-006,Frijoles Negros 1kg,45
2024-04-30,SKU-007,Pasta Espagueti 400g,64
2024-04-30,SKU-008,Cafe Molido 500g,25
2024-04-30,SKU-009,Atun en Lata 160g,62
2024-04-30,SKU-010,Jabon de Bano,29
2024-04-30,SKU-011,Papel Higienico 12 rollos,31
2024-04-30,SKU-012,Detergente 1kg,17
2024-04-30,SKU-013,Galletas Surtidas,37
2024-04-30,SKU-014,Agua Mineral 600ml,156
2024-05-01,SKU-001,Aceite de Oliva 1L,26
2024-05-01,SKU-002,Arroz 5kg,86
2024-05-01,SKU-003,Leche Entera 1L,160
2024-05-01,SKU-004,Azucar 2kg,63
2024-05-01,SKU-005,Sal 1kg,40
2024-05-01,SKU-006,Frijoles Negros 1kg,45
2024-05-01,SKU-007,Pasta Espagueti 400g,53
2024-05-01,SKU-008,Cafe Molido 500g,24
2024-05-01,SKU-009,Atun en Lata 160g,61
2024-05-01,SKU-010,Jabon de Bano,31
2024-05-01,SKU-011,Papel Higienico 12 rollos,33
2024-05-01,SKU-012,Detergente 1kg,21
2024-05-01,SKU-013,Galletas Surtidas,42
2024-05-01,SKU-014,Agua Mineral 600ml,173
2024-05-02,SKU-001,Aceite de Oliva 1L,31
2024-05-02,SKU-002,Arroz 5kg,96
2024-05-02,SKU-003,Leche Entera 1L,125
2024-05-02,SKU-004,Azucar 2kg,55
2024-05-02,SKU-005,Sal 1kg,36
2024-05-02,SKU-006,Frijoles Negros 1kg,41
2024-05-02,SKU-007,Pasta Espagueti 400g,56
2024-05-02,SKU-008,Cafe Molido 500g,25
2024-05-02,SKU-009,Atun en Lata 160g,82
2024-05-02,SKU-010,Jabon de Bano,37
2024-05-02,SKU-011,Papel Higienico 12 rollos,27
2024-05-02,SKU-012,Detergente 1kg,17
2024-05-02,SKU-013,Galletas Surtidas,56
2024-05-02,SKU-014,Agua Mineral 600ml,135
2024-05-03,SKU-001,Aceite de Oliva 1L,32
2024-05-03,SKU-002,Arroz 5kg,104
2024-05-03,SKU-003,Leche Entera 1L,128
2024-05-03,SKU-004,Azucar 2kg,57
2024-05-03,SKU-005,Sal 1kg,37
2024-05-03,SKU-006,Frijoles Negros 1kg,53
2024-05-03,SKU-007,Pasta Espagueti 400g,62
2024-05-03,SKU-008,Cafe Molido 500g,23
2024-05-03,SKU-009,Atun en Lata 160g,92
2024-05-03,SKU-010,Jabon de Bano,43
2024-05-03,SKU-011,Papel Higienico 12 rollos,39
2024-05-03,SKU-012,Detergente 1kg,24
2024-05-03,SKU-013,Galletas Surtidas,48
2024-05-03,SKU-014,Agua Mineral 600ml,154
2024-05-04,SKU-001,Aceite de Oliva 1L,32
2024-05-04,SKU-002,Arroz 5kg,109
2024-05-04,SKU-003,Leche Entera 1L,161
2024-05-04,SKU-004,Azucar 2kg,62
2024-05-04,SKU-005,Sal 1kg,34
2024-05-04,SKU-006,Frijoles Negros 1kg,49
2024-05-04,SKU-007,Pasta Espagueti 400g,65
2024-05-04,SKU-008,Cafe Molido 500g,33
2024-05-04,SKU-009,Atun en Lata 160g,86
2024-05-04,SKU-010,Jabon de Bano,49
2024-05-04,SKU-011,Papel Higienico 12 rollos,35
2024-05-04,SKU-012,Detergente 1kg,24
2024-05-04,SKU-013,Galletas Surtidas,56
2024-05-04,SKU-014,Agua Mineral 600ml,195
2024-05-05,SKU-001,Aceite de Oliva 1L,21
2024-05-05,SKU-002,Arroz 5kg,75
2024-05-05,SKU-003,Leche Entera 1L,123
2024-05-05,SKU-004,Azucar 2kg,33
2024-05-05,SKU-005,Sal 1kg,28
2024-05-05,SKU-006,Frijoles Negros 1kg,41
2024-05-05,SKU-007,Pasta Espagueti 400g,49
2024-05-05,SKU-008,Cafe Molido 500g,21
2024-05-05,SKU-009,Atun en Lata 160g,72
2024-05-05,SKU-010,Jabon de Bano,35
2024-05-05,SKU-011,Papel Higienico 12 rollos,23
2024-05-05,SKU-012,Detergente 1kg,18
2024-05-05,SKU-013,Galletas Surtidas,39
2024-05-05,SKU-014,Agua Mineral 600ml,145
2024-05-06,SKU-001,Aceite de Oliva 1L,38
2024-05-06,SKU-002,Arroz 5kg,102
2024-05-06,SKU-003,Leche Entera 1L,152
2024-05-06,SKU-004,Azucar 2kg,61
2024-05-06,SKU-005,Sal 1kg,40
2024-05-06,SKU-006,Frijoles Negros 1kg,40
2024-05-06,SKU-007,Pasta Espagueti 400g,67
2024-05-06,SKU-008,Cafe Molido 500g,21
2024-05-06,SKU-009,Atun en Lata 160g,68
2024-05-06,SKU-010,Jabon de Bano,41
2024-05-06,SKU-011,Papel Higienico 12 rollos,26
2024-05-06,SKU-012,Detergente 1kg,19
2024-05-06,SKU-013,Galletas Surtidas,52
2024-05-06,SKU-014,Agua Mineral 600ml,132
2024-05-07,SKU-001,Aceite de Oliva 1L,35
2024-05-07,SKU-002,Arroz 5kg,104
2024-05-07,SKU-003,Leche Entera 1L,159
2024-05-07,SKU-004,Azucar 2kg,53
2024-05-07,SKU-005,Sal 1kg,38
2024-05-07,SKU-006,Frijoles Negros 1kg,35
2024-05-07,SKU-007,Pasta Espagueti 400g,57
2024-05-07,SKU-008,Cafe Molido 500g,23
2024-05-07,SKU-009,Atun en Lata 160g,69
2024-05-07,SKU-010,Jabon de Bano,35
2024-05-07,SKU-011,Papel Higienico 12 rollos,24
2024-05-07,SKU-012,Detergente 1kg,16
2024-05-07,SKU-013,Galletas Surtidas,44
2024-05-07,SKU-014,Agua Mineral 600ml,166
2024-05-08,SKU-001,Aceite de Oliva 1L,38
2024-05-08,SKU-002,Arroz 5kg,101
2024-05-08,SKU-003,Leche Entera 1L,149
2024-05-08,SKU-004,Azucar 2kg,54
2024-05-08,SKU-005,Sal 1kg,41
2024-05-08,SKU-006,Frijoles Negros 1kg,47
2024-05-08,SKU-007,Pasta Espagueti 400g,56
2024-05-08,SKU-008,Cafe Molido 500g,20
2024-05-08,SKU-009,Atun en Lata 160g,75
2024-05-08,SKU-010,Jabon de Bano,40
2024-05-08,SKU-011,Papel Higienico 12 rollos,24
2024-05-08,SKU-012,Detergente 1kg,18
2024-05-08,SKU-013,Galletas Surtidas,49
2024-05-08,SKU-014,Agua Mineral 600ml,177
2024-05-09,SKU-001,Aceite de Oliva 1L,28
2024-05-09,SKU-002,Arroz 5kg,112
2024-05-09,SKU-003,Leche Entera 1L,125
2024-05-09,SKU-004,Azucar 2kg,50
2024-05-09,SKU-005,Sal 1kg,39
2024-05-09,SKU-006,Frijoles Negros 1kg,42
2024-05-09,SKU-007,Pasta Espagueti 400g,69
2024-05-09,SKU-008,Cafe Molido 500g,23
2024-05-09,SKU-009,Atun en Lata 160g,72
2024-05-09,SKU-010,Jabon de Bano,44
2024-05-09,SKU-011,Papel Higienico 12 rollos,26
2024-05-09,SKU-012,Detergente 1kg,16
2024-05-09,SKU-013,Galletas Surtidas,46
2024-05-09,SKU-014,Agua Mineral 600ml,149
2024-05-10,SKU-001,Aceite de Oliva 1L,33
2024-05-10,SKU-002,Arroz 5kg,105
2024-05-10,SKU-003,Leche Entera 1L,186
2024-05-10,SKU-004,Azucar 2kg,55
2024-05-10,SKU-005,Sal 1kg,40
2024-05-10,SKU-006,Frijoles Negros 1kg,43
2024-05-10,SKU-007,Pasta Espagueti 400g,67
2024-05-10,SKU-008,Cafe Molido 500g,31
2024-05-10,SKU-009,Atun en Lata 160g,70
2024-05-10,SKU-010,Jabon de Bano,39
2024-05-10,SKU-011,Papel Higienico 12 rollos,39
2024-05-10,SKU-012,Detergente 1kg,19
2024-05-10,SKU-013,Galletas Surtidas,55
2024-05-10,SKU-014,Agua Mineral 600ml,167
2024-05-11,SKU-001,Aceite de Oliva 1L,28
2024-05-11,SKU-002,Arroz 5kg,115
2024-05-11,SKU-003,Leche Entera 1L,173
2024-05-11,SKU-004,Azucar 2kg,61
2024-05-11,SKU-005,Sal 1kg,39
2024-05-11,SKU-006,Frijoles Negros 1kg,46
2024-05-11,SKU-007,Pasta Espagueti 400g,77
2024-05-11,SKU-008,Cafe Molido 500g,24
2024-05-11,SKU-009,Atun en Lata 160g,88
2024-05-11,SKU-010,Jabon de Bano,46
2024-05-11,SKU-011,Papel Higienico 12 rollos,32
2024-05-11,SKU-012,Detergente 1kg,26
2024-05-11,SKU-013,Galletas Surtidas,48
2024-05-11,SKU-014,Agua Mineral 600ml,196
2024-05-12,SKU-001,Aceite de Oliva 1L,20
2024-05-12,SKU-002,Arroz 5kg,69
2024-05-12,SKU-003,Leche Entera 1L,118
2024-05-12,SKU-004,Azucar 2kg,40
2024-05-12,SKU-005,Sal 1kg,27
2024-05-12,SKU-006,Frijoles Negros 1kg,37
2024-05-12,SKU-007,Pasta Espagueti 400g,56
2024-05-12,SKU-008,Cafe Molido 500g,22
2024-05-12,SKU-009,Atun en Lata 160g,75
2024-05-12,SKU-010,Jabon de Bano,34
2024-05-12,SKU-011,Papel Higienico 12 rollos,24
2024-05-12,SKU-012,Detergente 1kg,17
2024-05-12,SKU-013,Galletas Surtidas,46
2024-05-12,SKU-014,Agua Mineral 600ml,161
2024-05-13,SKU-001,Aceite de Oliva 1L,25
2024-05-13,SKU-002,Arroz 5kg,104
2024-05-13,SKU-003,Leche Entera 1L,131
2024-05-13,SKU-004,Azucar 2kg,50
2024-05-13,SKU-005,Sal 1kg,38
2024-05-13,SKU-006,Frijoles Negros 1kg,49
2024-05-13,SKU-007,Pasta Espagueti 400g,72
2024-05-13,SKU-008,Cafe Molido 500g,26
2024-05-13,SKU-009,Atun en Lata 160g,77
2024-05-13,SKU-010,Jabon de Bano,40
2024-05-13,SKU-011,Papel Higienico 12 rollos,35
2024-05-13,SKU-012,Detergente 1kg,17
2024-05-13,SKU-013,Galletas Surtidas,54
2024-05-13,SKU-014,Agua Mineral 600ml,174
2024-05-14,SKU-001,Aceite de Oliva 1L,23
2024-05-14,SKU-002,Arroz 5kg,109
2024-05-14,SKU-003,Leche Entera 1L,178
2024-05-14,SKU-004,Azucar 2kg,57
2024-05-14,SKU-005,Sal 1kg,35
2024-05-14,SKU-006,Frijoles Negros 1kg,35
2024-05-14,SKU-007,Pasta Espagueti 400g,64
2024-05-14,SKU-008,Cafe Molido 500g,20
2024-05-14,SKU-009,Atun en Lata 160g,65
2024-05-14,SKU-010,Jabon de Bano,34
2024-05-14,SKU-011,Papel Higienico 12 rollos,28
2024-05-14,SKU-012,Detergente 1kg,15
2024-05-14,SKU-013,Galletas Surtidas,42
2024-05-14,SKU-014,Agua Mineral 600ml,152
2024-05-15,SKU-001,Aceite de Oliva 1L,27
2024-05-15,SKU-002,Arroz 5kg,100
2024-05-15,SKU-003,Leche Entera 1L,78
2024-05-15,SKU-004,Azucar 2kg,58
2024-05-15,SKU-005,Sal 1kg,40
2024-05-15,SKU-006,Frijoles Negros 1kg,41
2024-05-15,SKU-007,Pasta Espagueti 400g,51
2024-05-15,SKU-008,Cafe Molido 500g,22
2024-05-15,SKU-009,Atun en Lata 160g,70
2024-05-15,SKU-010,Jabon de Bano,36
2024-05-15,SKU-011,Papel Higienico 12 rollos,26
2024-05-15,SKU-012,Detergente 1kg,18
2024-05-15,SKU-013,Galletas Surtidas,51
2024-05-15,SKU-014,Agua Mineral 600ml,159
2024-05-16,SKU-001,Aceite de Oliva 1L,30
2024-05-16,SKU-002,Arroz 5kg,96
2024-05-16,SKU-003,Leche Entera 1L,157
2024-05-16,SKU-004,Azucar 2kg,59
2024-05-16,SKU-005,Sal 1kg,41
2024-05-16,SKU-006,Frijoles Negros 1kg,48
2024-05-16,SKU-007,Pasta Espagueti 400g,62
2024-05-16,SKU-008,Cafe Molido 500g,27
2024-05-16,SKU-009,Atun en Lata 160g,64
2024-05-16,SKU-010,Jabon de Bano,38
2024-05-16,SKU-011,Papel Higienico 12 rollos,33
2024-05-16,SKU-012,Detergente 1kg,22
2024-05-16,SKU-013,Galletas Surtidas,55
2024-05-16,SKU-014,Agua Mineral 600ml,177
2024-05-17,SKU-001,Aceite de Oliva 1L,32
2024-05-17,SKU-002,Arroz 5kg,94
2024-05-17,SKU-003,Leche Entera 1L,137
2024-05-17,SKU-004,Azucar 2kg,58
2024-05-17,SKU-005,Sal 1kg,42
2024-05-17,SKU-006,Frijoles Negros 1kg,54
2024-05-17,SKU-007,Pasta Espagueti 400g,76
2024-05-17,SKU-008,Cafe Molido 500g,30
2024-05-17,SKU-009,Atun en Lata 160g,76
2024-05-17,SKU-010,Jabon de Bano,37
2024-05-17,SKU-011,Papel Higienico 12 rollos,37
2024-05-17,SKU-012,Detergente 1kg,21
2024-05-17,SKU-013,Galletas Surtidas,53
2024-05-17,SKU-014,Agua Mineral 600ml,181
2024-05-18,SKU-001,Aceite de Oliva 1L,30
2024-05-18,SKU-002,Arroz 5kg,90
2024-05-18,SKU-003,Leche Entera 1L,124
2024-05-18,SKU-004,Azucar 2kg,42
2024-05-18,SKU-005,Sal 1kg,39
2024-05-18,SKU-006,Frijoles Negros 1kg,54
2024-05-18,SKU-007,Pasta Espagueti 400g,66
2024-05-18,SKU-008,Cafe Molido 500g,31
2024-05-18,SKU-009,Atun en Lata 160g,84
2024-05-18,SKU-010,Jabon de Bano,39
2024-05-18,SKU-011,Papel Higienico 12 rollos,42
2024-05-18,SKU-012,Detergente 1kg,26
2024-05-18,SKU-013,Galletas Surtidas,66
2024-05-18,SKU-014,Agua Mineral 600ml,167
2024-05-19,SKU-001,Aceite de Oliva 1L,17
2024-05-19,SKU-002,Arroz 5kg,61
2024-05-19,SKU-003,Leche Entera 1L,64
2024-05-19,SKU-004,Azucar 2kg,34
2024-05-19,SKU-005,Sal 1kg,27
2024-05-19,SKU-006,Frijoles Negros 1kg,42
2024-05-19,SKU-007,Pasta Espagueti 400g,57
2024-05-19,SKU-008,Cafe Molido 500g,23
2024-05-19,SKU-009,Atun en Lata 160g,56
2024-05-19,SKU-010,Jabon de Bano,27
2024-05-19,SKU-011,Papel Higienico 12 rollos,26
2024-05-19,SKU-012,Detergente 1kg,17
2024-05-19,SKU-013,Galletas Surtidas,35
2024-05-19,SKU-014,Agua Mineral 600ml,143
2024-05-20,SKU-001,Aceite de Oliva 1L,25
2024-05-20,SKU-002,Arroz 5kg,82
2024-05-20,SKU-003,Leche Entera 1L,155
2024-05-20,SKU-004,Azucar 2kg,54
2024-05-20,SKU-005,Sal 1kg,39
2024-05-20,SKU-006,Frijoles Negros 1kg,43
2024-05-20,SKU-007,Pasta Espagueti 400g,73
2024-05-20,SKU-008,Cafe Molido 500g,28
2024-05-20,SKU-009,Atun en Lata 160g,68
2024-05-20,SKU-010,Jabon de Bano,39
2024-05-20,SKU-011,Papel Higienico 12 rollos,25
2024-05-20,SKU-012,Detergente 1kg,18
2024-05-20,SKU-013,Galletas Surtidas,51
2024-05-20,SKU-014,Agua Mineral 600ml,183
2024-05-21,SKU-001,Aceite de Oliva 1L,35
2024-05-21,SKU-002,Arroz 5kg,99
2024-05-21,SKU-003,Leche Entera 1L,110
2024-05-21,SKU-004,Azucar 2kg,55
2024-05-21,SKU-005,Sal 1kg,39
2024-05-21,SKU-006,Frijoles Negros 1kg,46
2024-05-21,SKU-007,Pasta Espagueti 400g,62
2024-05-21,SKU-008,Cafe Molido 500g,20
2024-05-21,SKU-009,Atun en Lata 160g,62
2024-05-21,SKU-010,Jabon de Bano,40
2024-05-21,SKU-011,Papel Higienico 12 rollos,32
2024-05-21,SKU-012,Detergente 1kg,15
2024-05-21,SKU-013,Galletas Surtidas,40
2024-05-21,SKU-014,Agua Mineral 600ml,147
2024-05-22,SKU-001,Aceite de Oliva 1L,28
2024-05-22,SKU-002,Arroz 5kg,85
2024-05-22,SKU-003,Leche Entera 1L,182
2024-05-22,SKU-004,Azucar 2kg,53
2024-05-22,SKU-005,Sal 1kg,36
2024-05-22,SKU-006,Frijoles Negros 1kg,38
2024-05-22,SKU-007,Pasta Espagueti 400g,62
2024-05-22,SKU-008,Cafe Molido 500g,19
2024-05-22,SKU-009,Atun en Lata 160g,59
2024-05-22,SKU-010,Jabon de Bano,30
2024-05-22,SKU-011,Papel Higienico 12 rollos,32
2024-05-22,SKU-012,Detergente 1kg,16
2024-05-22,SKU-013,Galletas Surtidas,42
2024-05-22,SKU-014,Agua Mineral 600ml,140
2024-05-23,SKU-001,Aceite de Oliva 1L,31
2024-05-23,SKU-002,Arroz 5kg,109
2024-05-23,SKU-003,Leche Entera 1L,156
2024-05-23,SKU-004,Azucar 2kg,53
2024-05-23,SKU-005,Sal 1kg,39
2024-05-23,SKU-006,Frijoles Negros 1kg,45
2024-05-23,SKU-007,Pasta Espagueti 400g,67
2024-05-23,SKU-008,Cafe Molido 500g,23
2024-05-23,SKU-009,Atun en Lata 160g,87
2024-05-23,SKU-010,Jabon de Bano,34
2024-05-23,SKU-011,Papel Higienico 12 rollos,26
2024-05-23,SKU-012,Detergente 1kg,21
2024-05-23,SKU-013,Galletas Surtidas,43
2024-05-23,SKU-014,Agua Mineral 600ml,153
2024-05-24,SKU-001,Aceite de Oliva 1L,41
2024-05-24,SKU-002,Arroz 5kg,112
2024-05-24,SKU-003,Leche Entera 1L,168
2024-05-24,SKU-004,Azucar 2kg,48
2024-05-24,SKU-005,Sal 1kg,48
2024-05-24,SKU-006,Frijoles Negros 1kg,42
2024-05-24,SKU-007,Pasta Espagueti 400g,64
2024-05-24,SKU-008,Cafe Molido 500g,28
2024-05-24,SKU-009,Atun en Lata 160g,91
2024-05-24,SKU-010,Jabon de Bano,44
2024-05-24,SKU-011,Papel Higienico 12 rollos,37
2024-05-24,SKU-012,Detergente 1kg,23
2024-05-24,SKU-013,Galletas Surtidas,52
2024-05-24,SKU-014,Agua Mineral 600ml,164
2024-05-25,SKU-001,Aceite de Oliva 1L,25
2024-05-25,SKU-002,Arroz 5kg,95
2024-05-25,SKU-003,Leche Entera 1L,127
2024-05-25,SKU-004,Azucar 2kg,66
2024-05-25,SKU-005,Sal 1kg,38
2024-05-25,SKU-006,Frijoles Negros 1kg,48
2024-05-25,SKU-007,Pasta Espagueti 400g,80
2024-05-25,SKU-008,Cafe Molido 500g,24
2024-05-25,SKU-009,Atun en Lata 160g,96
2024-05-25,SKU-010,Jabon de Bano,49
2024-05-25,SKU-011,Papel Higienico 12 rollos,37
2024-05-25,SKU-012,Detergente 1kg,22
2024-05-25,SKU-013,Galletas Surtidas,55
2024-05-25,SKU-014,Agua Mineral 600ml,210
2024-05-26,SKU-001,Aceite de Oliva 1L,17
2024-05-26,SKU-002,Arroz 5kg,70
2024-05-26,SKU-003,Leche Entera 1L,114
2024-05-26,SKU-004,Azucar 2kg,37
2024-05-26,SKU-005,Sal 1kg,23
2024-05-26,SKU-006,Frijoles Negros 1kg,31
2024-05-26,SKU-007,Pasta Espagueti 400g,61
2024-05-26,SKU-008,Cafe Molido 500g,17
2024-05-26,SKU-009,Atun en Lata 160g,63
2024-05-26,SKU-010,Jabon de Bano,33
2024-05-26,SKU-011,Papel Higienico 12 rollos,23
2024-05-26,SKU-012,Detergente 1kg,16
2024-05-26,SKU-013,Galletas Surtidas,36
2024-05-26,SKU-014,Agua Mineral 600ml,132
2024-05-27,SKU-001,Aceite de Oliva 1L,27
2024-05-27,SKU-002,Arroz 5kg,93
2024-05-27,SKU-003,Leche Entera 1L,147
2024-05-27,SKU-004,Azucar 2kg,51
2024-05-27,SKU-005,Sal 1kg,39
2024-05-27,SKU-006,Frijoles Negros 1kg,49
2024-05-27,SKU-007,Pasta Espagueti 400g,59
2024-05-27,SKU-008,Cafe Molido 500g,21
2024-05-27,SKU-009,Atun en Lata 160g,81
2024-05-27,SKU-010,Jabon de Bano,35
2024-05-27,SKU-011,Papel Higienico 12 rollos,26
2024-05-27,SKU-012,Detergente 1kg,20
2024-05-27,SKU-013,Galletas Surtidas,43
2024-05-27,SKU-014,Agua Mineral 600ml,189
2024-05-28,SKU-001,Aceite de Oliva 1L,26
2024-05-28,SKU-002,Arroz 5kg,80
2024-05-28,SKU-003,Leche Entera 1L,124
2024-05-28,SKU-004,Azucar 2kg,64
2024-05-28,SKU-005,Sal 1kg,35
2024-05-28,SKU-006,Frijoles Negros 1kg,46
2024-05-28,SKU-007,Pasta Espagueti 400g,59
2024-05-28,SKU-008,Cafe Molido 500g,22
2024-05-28,SKU-009,Atun en Lata 160g,70
2024-05-28,SKU-010,Jabon de Bano,37
2024-05-28,SKU-011,Papel Higienico 12 rollos,26
2024-05-28,SKU-012,Detergente 1kg,20
2024-05-28,SKU-013,Galletas Surtidas,52
2024-05-28,SKU-014,Agua Mineral 600ml,163
2024-05-29,SKU-001,Aceite de Oliva 1L,41
2024-05-29,SKU-002,Arroz 5kg,102
2024-05-29,SKU-003,Leche Entera 1L,111
2024-05-29,SKU-004,Azucar 2kg,49
2024-05-29,SKU-005,Sal 1kg,37
2024-05-29,SKU-006,Frijoles Negros 1kg,36
2024-05-29,SKU-007,Pasta Espagueti 400g,58
2024-05-29,SKU-008,Cafe Molido 500g,26
2024-05-29,SKU-009,Atun en Lata 160g,62
2024-05-29,SKU-010,Jabon de Bano,41
2024-05-29,SKU-011,Papel Higienico 12 rollos,24
2024-05-29,SKU-012,Detergente 1kg,17
2024-05-29,SKU-013,Galletas Surtidas,47
2024-05-29,SKU-014,Agua Mineral 600ml,162
2024-05-30,SKU-001,Aceite de Oliva 1L,25
2024-05-30,SKU-002,Arroz 5kg,119
2024-05-30,SKU-003,Leche Entera 1L,116
2024-05-30,SKU-004,Azucar 2kg,59
2024-05-30,SKU-005,Sal 1kg,40
2024-05-30,SKU-006,Frijoles Negros 1kg,46
2024-05-30,SKU-007,Pasta Espagueti 400g,76
2024-05-30,SKU-008,Cafe Molido 500g,21
2024-05-30,SKU-009,Atun en Lata 160g,85
2024-05-30,SKU-010,Jabon de Bano,35
2024-05-30,SKU-011,Papel Higienico 12 rollos,25
2024-05-30,SKU-012,Detergente 1kg,19
2024-05-30,SKU-013,Galletas Surtidas,50
2024-05-30,SKU-014,Agua Mineral 600ml,145
2024-05-31,SKU-001,Aceite de Oliva 1L,30
2024-05-31,SKU-002,Arroz 5kg,87
2024-05-31,SKU-003,Leche Entera 1L,136
2024-05-31,SKU-004,Azucar 2kg,56
2024-05-31,SKU-005,Sal 1kg,39
2024-05-31,SKU-006,Frijoles Negros 1kg,52
2024-05-31,SKU-007,Pasta Espagueti 400g,79
2024-05-31,SKU-008,Cafe Molido 500g,24
2024-05-31,SKU-009,Atun en Lata 160g,85
2024-05-31,SKU-010,Jabon de Bano,37
2024-05-31,SKU-011,Papel Higienico 12 rollos,28
2024-05-31,SKU-012,Detergente 1kg,21
2024-05-31,SKU-013,Galletas Surtidas,48
2024-05-31,SKU-014,Agua Mineral 600ml,189
2024-06-01,SKU-001,Aceite de Oliva 1L,30
2024-06-01,SKU-002,Arroz 5kg,82
2024-06-01,SKU-003,Leche Entera 1L,145
2024-06-01,SKU-004,Azucar 2kg,50
2024-06-01,SKU-005,Sal 1kg,30
2024-06-01,SKU-006,Frijoles Negros 1kg,59
2024-06-01,SKU-007,Pasta Espagueti 400g,70
2024-06-01,SKU-008,Cafe Molido 500g,26
2024-06-01,SKU-009,Atun en Lata 160g,106
2024-06-01,SKU-010,Jabon de Bano,38
2024-06-01,SKU-011,Papel Higienico 12 rollos,36
2024-06-01,SKU-012,Detergente 1kg,23
2024-06-01,SKU-013,Galletas Surtidas,66
2024-06-01,SKU-014,Agua Mineral 600ml,212
2024-06-02,SKU-001,Aceite de Oliva 1L,19
2024-06-02,SKU-002,Arroz 5kg,57
2024-06-02,SKU-003,Leche Entera 1L,112
2024-06-02,SKU-004,Azucar 2kg,46
2024-06-02,SKU-005,Sal 1kg,29
2024-06-02,SKU-006,Frijoles Negros 1kg,35
2024-06-02,SKU-007,Pasta Espagueti 400g,51
2024-06-02,SKU-008,Cafe Molido 500g,19
2024-06-02,SKU-009,Atun en Lata 160g,60
2024-06-02,SKU-010,Jabon de Bano,32
2024-06-02,SKU-011,Papel Higienico 12 rollos,23
2024-06-02,SKU-012,Detergente 1kg,17
2024-06-02,SKU-013,Galletas Surtidas,39
2024-06-02,SKU-014,Agua Mineral 600ml,127
2024-06-03,SKU-001,Aceite de Oliva 1L,27
2024-06-03,SKU-002,Arroz 5kg,91
2024-06-03,SKU-003,Leche Entera 1L,162
2024-06-03,SKU-004,Azucar 2kg,60
2024-06-03,SKU-005,Sal 1kg,34
2024-06-03,SKU-006,Frijoles Negros 1kg,50
2024-06-03,SKU-007,Pasta Espagueti 400g,57
2024-06-03,SKU-008,Cafe Molido 500g,28
2024-06-03,SKU-009,Atun en Lata 160g,87
2024-06-03,SKU-010,Jabon de Bano,33
2024-06-03,SKU-011,Papel Higienico 12 rollos,30
2024-06-03,SKU-012,Detergente 1kg,20
2024-06-03,SKU-013,Galletas Surtidas,51
2024-06-03,SKU-014,Agua Mineral 600ml,163
2024-06-04,SKU-001,Aceite de Oliva 1L,29
2024-06-04,SKU-002,Arroz 5kg,116
2024-06-04,SKU-003,Leche Entera 1L,139
2024-06-04,SKU-004,Azucar 2kg,50
2024-06-04,SKU-005,Sal 1kg,36
2024-06-04,SKU-006,Frijoles Negros 1kg,47
2024-06-04,SKU-007,Pasta Espagueti 400g,66
2024-06-04,SKU-008,Cafe Molido 500g,22
2024-06-04,SKU-009,Atun en Lata 160g,72
2024-06-04,SKU-010,Jabon de Bano,38
2024-06-04,SKU-011,Papel Higienico 12 rollos,26
2024-06-04,SKU-012,Detergente 1kg,18
2024-06-04,SKU-013,Galletas Surtidas,46
2024-06-04,SKU-014,Agua Mineral 600ml,142
2024-06-05,SKU-001,Aceite de Oliva 1L,32
2024-06-05,SKU-002,Arroz 5kg,85
2024-06-05,SKU-003,Leche Entera 1L,135
2024-06-05,SKU-004,Azucar 2kg,46
2024-06-05,SKU-005,Sal 1kg,35
2024-06-05,SKU-006,Frijoles Negros 1kg,39
2024-06-05,SKU-007,Pasta Espagueti 400g,66
2024-06-05,SKU-008,Cafe Molido 500g,25
2024-06-05,SKU-009,Atun en Lata 160g,66
2024-06-05,SKU-010,Jabon de Bano,31
2024-06-05,SKU-011,Papel Higienico 12 rollos,31
2024-06-05,SKU-012,Detergente 1kg,19
2024-06-05,SKU-013,Galletas Surtidas,50
2024-06-05,SKU-014,Agua Mineral 600ml,156
2024-06-06,SKU-001,Aceite de Oliva 1L,38
2024-06-06,SKU-002,Arroz 5kg,101
2024-06-06,SKU-003,Leche Entera 1L,138
2024-06-06,SKU-004,Azucar 2kg,47
2024-06-06,SKU-005,Sal 1kg,34
2024-06-06,SKU-006,Frijoles Negros 1kg,38
2024-06-06,SKU-007,Pasta Espagueti 400g,67
2024-06-06,SKU-008,Cafe Molido 500g,28
2024-06-06,SKU-009,Atun en Lata 160g,78
2024-06-06,SKU-010,Jabon de Bano,38
2024-06-06,SKU-011,Papel Higienico 12 rollos,27
2024-06-06,SKU-012,Detergente 1kg,20
2024-06-06,SKU-013,Galletas Surtidas,48
2024-06-06,SKU-014,Agua Mineral 600ml,140
2024-06-07,SKU-001,Aceite de Oliva 1L,34
2024-06-07,SKU-002,Arroz 5kg,88
2024-06-07,SKU-003,Leche Entera 1L,181
2024-06-07,SKU-004,Azucar 2kg,44
2024-06-07,SKU-005,Sal 1kg,34
2024-06-07,SKU-006,Frijoles Negros 1kg,50
2024-06-07,SKU-007,Pasta Espagueti 400g,80
2024-06-07,SKU-008,Cafe Molido 500g,29
2024-06-07,SKU-009,Atun en Lata 160g,93
2024-06-07,SKU-010,Jabon de Bano,37
2024-06-07,SKU-011,Papel Higienico 12 rollos,29
2024-06-07,SKU-012,Detergente 1kg,21
2024-06-07,SKU-013,Galletas Surtidas,56
2024-06-07,SKU-014,Agua Mineral 600ml,184
2024-06-08,SKU-001,Aceite de Oliva 1L,37
2024-06-08,SKU-002,Arroz 5kg,75
2024-06-08,SKU-003,Leche Entera 1L,173
2024-06-08,SKU-004,Azucar 2kg,41
2024-06-08,SKU-005,Sal 1kg,35
2024-06-08,SKU-006,Frijoles Negros 1kg,50
2024-06-08,SKU-007,Pasta Espagueti 400g,87
2024-06-08,SKU-008,Cafe Molido 500g,29
2024-06-08,SKU-009,Atun en Lata 160g,94
2024-06-08,SKU-010,Jabon de Bano,40
2024-06-08,SKU-011,Papel Higienico 12 rollos,32
2024-06-08,SKU-012,Detergente 1kg,20
2024-06-08,SKU-013,Galletas Surtidas,60
2024-06-08,SKU-014,Agua Mineral 600ml,203
2024-06-09,SKU-001,Aceite de Oliva 1L,20
2024-06-09,SKU-002,Arroz 5kg,70
2024-06-09,SKU-003,Leche Entera 1L,36
2024-06-09,SKU-004,Azucar 2kg,28
2024-06-09,SKU-005,Sal 1kg,23
2024-06-09,SKU-006,Frijoles Negros 1kg,36
2024-06-09,SKU-007,Pasta Espagueti 400g,50
2024-06-09,SKU-008,Cafe Molido 500g,22
2024-06-09,SKU-009,Atun en Lata 160g,72
2024-06-09,SKU-010,Jabon de Bano,34
2024-06-09,SKU-011,Papel Higienico 12 rollos,24
2024-06-09,SKU-012,Detergente 1kg,15
2024-06-09,SKU-013,Galletas Surtidas,38
2024-06-09,SKU-014,Agua Mineral 600ml,151
2024-06-10,SKU-001,Aceite de Oliva 1L,29
2024-06-10,SKU-002,Arroz 5kg,84
2024-06-10,SKU-003,Leche Entera 1L,133
2024-06-10,SKU-004,Azucar 2kg,45
2024-06-10,SKU-005,Sal 1kg,34
2024-06-10,SKU-006,Frijoles Negros 1kg,50
2024-06-10,SKU-007,Pasta Espagueti 400g,62
2024-06-10,SKU-008,Cafe Molido 500g,25
2024-06-10,SKU-009,Atun en Lata 160g,67
2024-06-10,SKU-010,Jabon de Bano,37
2024-06-10,SKU-011,Papel Higienico 12 rollos,36
2024-06-10,SKU-012,Detergente 1kg,21
2024-06-10,SKU-013,Galletas Surtidas,48
2024-06-10,SKU-014,Agua Mineral 600ml,154
2024-06-11,SKU-001,Aceite de Oliva 1L,25
2024-06-11,SKU-002,Arroz 5kg,94
2024-06-11,SKU-003,Leche Entera 1L,154
2024-06-11,SKU-004,Azucar 2kg,61
2024-06-11,SKU-005,Sal 1kg,33
2024-06-11,SKU-006,Frijoles Negros 1kg,35
2024-06-11,SKU-007,Pasta Espagueti 400g,59
2024-06-11,SKU-008,Cafe Molido 500g,19
2024-06-11,SKU-009,Atun en Lata 160g,83
2024-06-11,SKU-010,Jabon de Bano,36
2024-06-11,SKU-011,Papel Higienico 12 rollos,33
2024-06-11,SKU-012,Detergente 1kg,18
2024-06-11,SKU-013,Galletas Surtidas,49
2024-06-11,SKU-014,Agua Mineral 600ml,169
2024-06-12,SKU-001,Aceite de Oliva 1L,27
2024-06-12,SKU-002,Arroz 5kg,92
2024-06-12,SKU-003,Leche Entera 1L,130
2024-06-12,SKU-004,Azucar 2kg,51
2024-06-12,SKU-005,Sal 1kg,30
2024-06-12,SKU-006,Frijoles Negros 1kg,44
2024-06-12,SKU-007,Pasta Espagueti 400g,59
2024-06-12,SKU-008,Cafe Molido 500g,21
2024-06-12,SKU-009,Atun en Lata 160g,62
2024-06-12,SKU-010,Jabon de Bano,40
2024-06-12,SKU-011,Papel Higienico 12 rollos,28
2024-06-12,SKU-012,Detergente 1kg,20
2024-06-12,SKU-013,Galletas Surtidas,44
2024-06-12,SKU-014,Agua Mineral 600ml,131
2024-06-13,SKU-001,Aceite de Oliva 1L,30
2024-06-13,SKU-002,Arroz 5kg,83
2024-06-13,SKU-003,Leche Entera 1L,111
2024-06-13,SKU-004,Azucar 2kg,42
2024-06-13,SKU-005,Sal 1kg,37
2024-06-13,SKU-006,Frijoles Negros 1kg,42
2024-06-13,SKU-007,Pasta Espagueti 400g,70
2024-06-13,SKU-008,Cafe Molido 500g,22
2024-06-13,SKU-009,Atun en Lata 160g,73
2024-06-13,SKU-010,Jabon de Bano,32
2024-06-13,SKU-011,Papel Higienico 12 rollos,27
2024-06-13,SKU-012,Detergente 1kg,22
2024-06-13,SKU-013,Galletas Surtidas,58
2024-06-13,SKU-014,Agua Mineral 600ml,152
2024-06-14,SKU-001,Aceite de Oliva 1L,28
2024-06-14,SKU-002,Arroz 5kg,101
2024-06-14,SKU-003,Leche Entera 1L,144
2024-06-14,SKU-004,Azucar 2kg,41
2024-06-14,SKU-005,Sal 1kg,31
2024-06-14,SKU-006,Frijoles Negros 1kg,51
2024-06-14,SKU-007,Pasta Espagueti 400g,81
2024-06-14,SKU-008,Cafe Molido 500g,24
2024-06-14,SKU-009,Atun en Lata 160g,88
2024-06-14,SKU-010,Jabon de Bano,45
2024-06-14,SKU-011,Papel Higienico 12 rollos,39
2024-06-14,SKU-012,Detergente 1kg,23
2024-06-14,SKU-013,Galletas Surtidas,61
2024-06-14,SKU-014,Agua Mineral 600ml,207
2024-06-15,SKU-001,Aceite de Oliva 1L,32
2024-06-15,SKU-002,Arroz 5kg,84
2024-06-15,SKU-003,Leche Entera 1L,106
2024-06-15,SKU-004,Azucar 2kg,50
2024-06-15,SKU-005,Sal 1kg,34
2024-06-15,SKU-006,Frijoles Negros 1kg,57
2024-06-15,SKU-007,Pasta Espagueti 400g,70
2024-06-15,SKU-008,Cafe Molido 500g,33
2024-06-15,SKU-009,Atun en Lata 160g,98
2024-06-15,SKU-010,Jabon de Bano,38
2024-06-15,SKU-011,Papel Higienico 12 rollos,36
2024-06-15,SKU-012,Detergente 1kg,20
2024-06-15,SKU-013,Galletas Surtidas,62
2024-06-15,SKU-014,Agua Mineral 600ml,214
2024-06-16,SKU-001,Aceite de Oliva 1L,17
2024-06-16,SKU-002,Arroz 5kg,61
2024-06-16,SKU-003,Leche Entera 1L,86
2024-06-16,SKU-004,Azucar 2kg,24
2024-06-16,SKU-005,Sal 1kg,25
2024-06-16,SKU-006,Frijoles Negros 1kg,32
2024-06-16,SKU-007,Pasta Espagueti 400g,60
2024-06-16,SKU-008,Cafe Molido 500g,17
2024-06-16,SKU-009,Atun en Lata 160g,56
2024-06-16,SKU-010,Jabon de Bano,31
2024-06-16,SKU-011,Papel Higienico 12 rollos,22
2024-06-16,SKU-012,Detergente 1kg,18
2024-06-16,SKU-013,Galletas Surtidas,43
2024-06-16,SKU-014,Agua Mineral 600ml,147
2024-06-17,SKU-001,Aceite de Oliva 1L,25
2024-06-17,SKU-002,Arroz 5kg,102
2024-06-17,SKU-003,Leche Entera 1L,104
2024-06-17,SKU-004,Azucar 2kg,41
2024-06-17,SKU-005,Sal 1kg,37
2024-06-17,SKU-006,Frijoles Negros 1kg,38
2024-06-17,SKU-007,Pasta Espagueti 400g,55
2024-06-17,SKU-008,Cafe Molido 500g,26
2024-06-17,SKU-009,Atun en Lata 160g,69
2024-06-17,SKU-010,Jabon de Bano,44
2024-06-17,SKU-011,Papel Higienico 12 rollos,34
2024-06-17,SKU-012,Detergente 1kg,23
2024-06-17,SKU-013,Galletas Surtidas,41
2024-06-17,SKU-014,Agua Mineral 600ml,136
2024-06-18,SKU-001,Aceite de Oliva 1L,21
2024-06-18,SKU-002,Arroz 5kg,84
2024-06-18,SKU-003,Leche Entera 1L,150
2024-06-18,SKU-004,Azucar 2kg,48
2024-06-18,SKU-005,Sal 1kg,29
2024-06-18,SKU-006,Frijoles Negros 1kg,34
2024-06-18,SKU-007,Pasta Espagueti 400g,55
2024-06-18,SKU-008,Cafe Molido 500g,22
2024-06-18,SKU-009,Atun en Lata 160g,76
2024-06-18,SKU-010,Jabon de Bano,38
2024-06-18,SKU-011,Papel Higienico 12 rollos,31
2024-06-18,SKU-012,Detergente 1kg,18
2024-06-18,SKU-013,Galletas Surtidas,51
2024-06-18,SKU-014,Agua Mineral 600ml,177
2024-06-19,SKU-001,Aceite de Oliva 1L,29
2024-06-19,SKU-002,Arroz 5kg,87
2024-06-19,SKU-003,Leche Entera 1L,168
2024-06-19,SKU-004,Azucar 2kg,54
2024-06-19,SKU-005,Sal 1kg,41
2024-06-19,SKU-006,Frijoles Negros 1kg,35
2024-06-19,SKU-007,Pasta Espagueti 400g,57
2024-06-19,SKU-008,Cafe Molido 500g,25
2024-06-19,SKU-009,Atun en Lata 160g,80
2024-06-19,SKU-010,Jabon de Bano,34
2024-06-19,SKU-011,Papel Higienico 12 rollos,34
2024-06-19,SKU-012,Detergente 1kg,17
2024-06-19,SKU-013,Galletas Surtidas,38
2024-06-19,SKU-014,Agua Mineral 600ml,164
2024-06-20,SKU-001,Aceite de Oliva 1L,21
2024-06-20,SKU-002,Arroz 5kg,88
2024-06-20,SKU-003,Leche Entera 1L,105
2024-06-20,SKU-004,Azucar 2kg,57
2024-06-20,SKU-005,Sal 1kg,35
2024-06-20,SKU-006,Frijoles Negros 1kg,41
2024-06-20,SKU-007,Pasta Espagueti 400g,55
2024-06-20,SKU-008,Cafe Molido 500g,22
2024-06-20,SKU-009,Atun en Lata 160g,87
2024-06-20,SKU-010,Jabon de Bano,34
2024-06-20,SKU-011,Papel Higienico 12 rollos,33
2024-06-20,SKU-012,Detergente 1kg,22
2024-06-20,SKU-013,Galletas Surtidas,42
2024-06-20,SKU-014,Agua Mineral 600ml,178
2024-06-21,SKU-001,Aceite de Oliva 1L,31
2024-06-21,SKU-002,Arroz 5kg,81
2024-06-21,SKU-003,Leche Entera 1L,113
2024-06-21,SKU-004,Azucar 2kg,38
2024-06-21,SKU-005,Sal 1kg,38
2024-06-21,SKU-006,Frijoles Negros 1kg,46
2024-06-21,SKU-007,Pasta Espagueti 400g,83
2024-06-21,SKU-008,Cafe Molido 500g,24
2024-06-21,SKU-009,Atun en Lata 160g,98
2024-06-21,SKU-010,Jabon de Bano,37
2024-06-21,SKU-011,Papel Higienico 12 rollos,30
2024-06-21,SKU-012,Detergente 1kg,20
2024-06-21,SKU-013,Galletas Surtidas,46
2024-06-21,SKU-014,Agua Mineral 600ml,212
2024-06-22,SKU-001,Aceite de Oliva 1L,30
2024-06-22,SKU-002,Arroz 5kg,86
2024-06-22,SKU-003,Leche Entera 1L,156
2024-06-22,SKU-004,Azucar 2kg,54
2024-06-22,SKU-005,Sal 1kg,36
2024-06-22,SKU-006,Frijoles Negros 1kg,56
2024-06-22,SKU-007,Pasta Espagueti 400g,70
2024-06-22,SKU-008,Cafe Molido 500g,27
2024-06-22,SKU-009,Atun en Lata 160g,91
2024-06-22,SKU-010,Jabon de Bano,39
2024-06-22,SKU-011,Papel Higienico 12 rollos,41
2024-06-22,SKU-012,Detergente 1kg,26
2024-06-22,SKU-013,Galletas Surtidas,60
2024-06-22,SKU-014,Agua Mineral 600ml,179
2024-06-23,SKU-001,Aceite de Oliva 1L,14
2024-06-23,SKU-002,Arroz 5kg,57
2024-06-23,SKU-003,Leche Entera 1L,95
2024-06-23,SKU-004,Azucar 2kg,36
2024-06-23,SKU-005,Sal 1kg,25
2024-06-23,SKU-006,Frijoles Negros 1kg,33
2024-06-23,SKU-007,Pasta Espagueti 400g,66
2024-06-23,SKU-008,Cafe Molido 500g,21
2024-06-23,SKU-009,Atun en Lata 160g,76
2024-06-23,SKU-010,Jabon de Bano,27
2024-06-23,SKU-011,Papel Higienico 12 rollos,28
2024-06-23,SKU-012,Detergente 1kg,16
2024-06-23,SKU-013,Galletas Surtidas,41
2024-06-23,SKU-014,Agua Mineral 600ml,126
2024-06-24,SKU-001,Aceite de Oliva 1L,23
2024-06-24,SKU-002,Arroz 5kg,88
2024-06-24,SKU-003,Leche Entera 1L,188
2024-06-24,SKU-004,Azucar 2kg,53
2024-06-24,SKU-005,Sal 1kg,35
2024-06-24,SKU-006,Frijoles Negros 1kg,49
2024-06-24,SKU-007,Pasta Espagueti 400g,74
2024-06-24,SKU-008,Cafe Molido 500g,28
2024-06-24,SKU-009,Atun en Lata 160g,80
2024-06-24,SKU-010,Jabon de Bano,43
2024-06-24,SKU-011,Papel Higienico 12 rollos,29
2024-06-24,SKU-012,Detergente 1kg,21
2024-06-24,SKU-013,Galletas Surtidas,57
2024-06-24,SKU-014,Agua Mineral 600ml,186
2024-06-25,SKU-001,Aceite de Oliva 1L,27
2024-06-25,SKU-002,Arroz 5kg,93
2024-06-25,SKU-003,Leche Entera 1L,177
2024-06-25,SKU-004,Azucar 2kg,49
2024-06-25,SKU-005,Sal 1kg,36
2024-06-25,SKU-006,Frijoles Negros 1kg,37
2024-06-25,SKU-007,Pasta Espagueti 400g,69
2024-06-25,SKU-008,Cafe Molido 500g,25
2024-06-25,SKU-009,Atun en Lata 160g,81
2024-06-25,SKU-010,Jabon de Bano,37
2024-06-25,SKU-011,Papel Higienico 12 rollos,28
2024-06-25,SKU-012,Detergente 1kg,15
2024-06-25,SKU-013,Galletas Surtidas,48
2024-06-25,SKU-014,Agua Mineral 600ml,154
2024-06-26,SKU-001,Aceite de Oliva 1L,23
2024-06-26,SKU-002,Arroz 5kg,91
2024-06-26,SKU-003,Leche Entera 1L,153
2024-06-26,SKU-004,Azucar 2kg,44
2024-06-26,SKU-005,Sal 1kg,35
2024-06-26,SKU-006,Frijoles Negros 1kg,49
2024-06-26,SKU-007,Pasta Espagueti 400g,58
2024-06-26,SKU-008,Cafe Molido 500g,22
2024-06-26,SKU-009,Atun en Lata 160g,74
2024-06-26,SKU-010,Jabon de Bano,36
2024-06-26,SKU-011,Papel Higienico 12 rollos,28
2024-06-26,SKU-012,Detergente 1kg,17
2024-06-26,SKU-013,Galletas Surtidas,55
2024-06-26,SKU-014,Agua Mineral 600ml,171
2024-06-27,SKU-001,Aceite de Oliva 1L,24
2024-06-27,SKU-002,Arroz 5kg,79
2024-06-27,SKU-003,Leche Entera 1L,129
2024-06-27,SKU-004,Azucar 2kg,59
2024-06-27,SKU-005,Sal 1kg,33
2024-06-27,SKU-006,Frijoles Negros 1kg,41
2024-06-27,SKU-007,Pasta Espagueti 400g,54
2024-06-27,SKU-008,Cafe Molido 500g,28
2024-06-27,SKU-009,Atun en Lata 160g,68
2024-06-27,SKU-010,Jabon de Bano,36
2024-06-27,SKU-011,Papel Higienico 12 rollos,31
2024-06-27,SKU-012,Detergente 1kg,21
2024-06-27,SKU-013,Galletas Surtidas,41
2024-06-27,SKU-014,Agua Mineral 600ml,144
2024-06-28,SKU-001,Aceite de Oliva 1L,30
2024-06-28,SKU-002,Arroz 5kg,79
2024-06-28,SKU-003,Leche Entera 1L,130
2024-06-28,SKU-004,Azucar 2kg,41
2024-06-28,SKU-005,Sal 1kg,31
2024-06-28,SKU-006,Frijoles Negros 1kg,47
2024-06-28,SKU-007,Pasta Espagueti 400g,73
2024-06-28,SKU-008,Cafe Molido 500g,31
2024-06-28,SKU-009,Atun en Lata 160g,100
2024-06-28,SKU-010,Jabon de Bano,46
2024-06-28,SKU-011,Papel Higienico 12 rollos,38
2024-06-28,SKU-012,Detergente 1kg,25
2024-06-28,SKU-013,Galletas Surtidas,61
2024-06-28,SKU-014,Agua Mineral 600ml,162
2024-06-29,SKU-001,Aceite de Oliva 1L,30
2024-06-29,SKU-002,Arroz 5kg,85
2024-06-29,SKU-003,Leche Entera 1L,164
2024-06-29,SKU-004,Azucar 2kg,47
2024-06-29,SKU-005,Sal 1kg,31
2024-06-29,SKU-006,Frijoles Negros 1kg,51
2024-06-29,SKU-007,Pasta Espagueti 400g,75
2024-06-29,SKU-008,Cafe Molido 500g,27
2024-06-29,SKU-009,Atun en Lata 160g,89
2024-06-29,SKU-010,Jabon de Bano,49
2024-06-29,SKU-011,Papel Higienico 12 rollos,34
2024-06-29,SKU-012,Detergente 1kg,26
2024-06-29,SKU-013,Galletas Surtidas,49
2024-06-29,SKU-014,Agua Mineral 600ml,190
2024-06-30,SKU-001,Aceite de Oliva 1L,22
2024-06-30,SKU-002,Arroz 5kg,55
2024-06-30,SKU-003,Leche Entera 1L,62
2024-06-30,SKU-004,Azucar 2kg,38
2024-06-30,SKU-005,Sal 1kg,23
2024-06-30,SKU-006,Frijoles Negros 1kg,36
2024-06-30,SKU-007,Pasta Espagueti 400g,56
2024-06-30,SKU-008,Cafe Molido 500g,23
2024-06-30,SKU-009,Atun en Lata 160g,64
2024-06-30,SKU-010,Jabon de Bano,31
2024-06-30,SKU-011,Papel Higienico 12 rollos,26
2024-06-30,SKU-012,Detergente 1kg,18
2024-06-30,SKU-013,Galletas Surtidas,42
2024-06-30,SKU-014,Agua Mineral 600ml,131
2024-07-01,SKU-001,Aceite de Oliva 1L,18
2024-07-01,SKU-002,Arroz 5kg,85
2024-07-01,SKU-003,Leche Entera 1L,116
2024-07-01,SKU-004,Azucar 2kg,57
2024-07-01,SKU-005,Sal 1kg,30
2024-07-01,SKU-006,Frijoles Negros 1kg,50
2024-07-01,SKU-007,Pasta Espagueti 400g,66
2024-07-01,SKU-008,Cafe Molido 500g,27
2024-07-01,SKU-009,Atun en Lata 160g,69
2024-07-01,SKU-010,Jabon de Bano,42
2024-07-01,SKU-011,Papel Higienico 12 rollos,29
2024-07-01,SKU-012,Detergente 1kg,23
2024-07-01,SKU-013,Galletas Surtidas,53
2024-07-01,SKU-014,Agua Mineral 600ml,141
2024-07-02,SKU-001,Aceite de Oliva 1L,24
2024-07-02,SKU-002,Arroz 5kg,76
2024-07-02,SKU-003,Leche Entera 1L,99
2024-07-02,SKU-004,Azucar 2kg,43
2024-07-02,SKU-005,Sal 1kg,28
2024-07-02,SKU-006,Frijoles Negros 1kg,43
2024-07-02,SKU-007,Pasta Espagueti 400g,58
2024-07-02,SKU-008,Cafe Molido 500g,19
2024-07-02,SKU-009,Atun en Lata 160g,63
2024-07-02,SKU-010,Jabon de Bano,40
2024-07-02,SKU-011,Papel Higienico 12 rollos,31
2024-07-02,SKU-012,Detergente 1kg,19
2024-07-02,SKU-013,Galletas Surtidas,42
2024-07-02,SKU-014,Agua Mineral 600ml,126
2024-07-03,SKU-001,Aceite de Oliva 1L,22
2024-07-03,SKU-002,Arroz 5kg,70
2024-07-03,SKU-003,Leche Entera 1L,88
2024-07-03,SKU-004,Azucar 2kg,38
2024-07-03,SKU-005,Sal 1kg,30
2024-07-03,SKU-006,Frijoles Negros 1kg,42
2024-07-03,SKU-007,Pasta Espagueti 400g,53
2024-07-03,SKU-008,Cafe Molido 500g,22
2024-07-03,SKU-009,Atun en Lata 160g,81
2024-07-03,SKU-010,Jabon de Bano,36
2024-07-03,SKU-011,Papel Higienico 12 rollos,28
2024-07-03,SKU-012,Detergente 1kg,20
2024-07-03,SKU-013,Galletas Surtidas,49
2024-07-03,SKU-014,Agua Mineral 600ml,160
2024-07-04,SKU-001,Aceite de Oliva 1L,23
2024-07-04,SKU-002,Arroz 5kg,73
2024-07-04,SKU-003,Leche Entera 1L,136
2024-07-04,SKU-004,Azucar 2kg,46
2024-07-04,SKU-005,Sal 1kg,30
2024-07-04,SKU-006,Frijoles Negros 1kg,48
2024-07-04,SKU-007,Pasta Espagueti 400g,70
2024-07-04,SKU-008,Cafe Molido 500g,23
2024-07-04,SKU-009,Atun en Lata 160g,67
2024-07-04,SKU-010,Jabon de Bano,39
2024-07-04,SKU-011,Papel Higienico 12 rollos,35
2024-07-04,SKU-012,Detergente 1kg,16
2024-07-04,SKU-013,Galletas Surtidas,46
2024-07-04,SKU-014,Agua Mineral 600ml,167
2024-07-05,SKU-001,Aceite de Oliva 1L,24
2024-07-05,SKU-002,Arroz 5kg,96
2024-07-05,SKU-003,Leche Entera 1L,130
2024-07-05,SKU-004,Azucar 2kg,49
2024-07-05,SKU-005,Sal 1kg,25
2024-07-05,SKU-006,Frijoles Negros 1kg,56
2024-07-05,SKU-007,Pasta Espagueti 400g,61
2024-07-05,SKU-008,Cafe Molido 500g,25
2024-07-05,SKU-009,Atun en Lata 160g,97
2024-07-05,SKU-010,Jabon de Bano,42
2024-07-05,SKU-011,Papel Higienico 12 rollos,30
2024-07-05,SKU-012,Detergente 1kg,20
2024-07-05,SKU-013,Galletas Surtidas,48
2024-07-05,SKU-014,Agua Mineral 600ml,180
2024-07-06,SKU-001,Aceite de Oliva 1L,23
2024-07-06,SKU-002,Arroz 5kg,64
2024-07-06,SKU-003,Leche Entera 1L,113
2024-07-06,SKU-004,Azucar 2kg,48
2024-07-06,SKU-005,Sal 1kg,29
2024-07-06,SKU-006,Frijoles Negros 1kg,54
2024-07-06,SKU-007,Pasta Espagueti 400g,91
2024-07-06,SKU-008,Cafe Molido 500g,28
2024-07-06,SKU-009,Atun en Lata 160g,95
2024-07-06,SKU-010,Jabon de Bano,51
2024-07-06,SKU-011,Papel Higienico 12 rollos,33
2024-07-06,SKU-012,Detergente 1kg,27
2024-07-06,SKU-013,Galletas Surtidas,60
2024-07-06,SKU-014,Agua Mineral 600ml,202
2024-07-07,SKU-001,Aceite de Oliva 1L,19
2024-07-07,SKU-002,Arroz 5kg,51
2024-07-07,SKU-003,Leche Entera 1L,96
2024-07-07,SKU-004,Azucar 2kg,26
2024-07-07,SKU-005,Sal 1kg,21
2024-07-07,SKU-006,Frijoles Negros 1kg,38
2024-07-07,SKU-007,Pasta Espagueti 400g,56
2024-07-07,SKU-008,Cafe Molido 500g,22
2024-07-07,SKU-009,Atun en Lata 160g,72
2024-07-07,SKU-010,Jabon de Bano,38
2024-07-07,SKU-011,Papel Higienico 12 rollos,25
2024-07-07,SKU-012,Detergente 1kg,18
2024-07-07,SKU-013,Galletas Surtidas,44
2024-07-07,SKU-014,Agua Mineral 600ml,160
2024-07-08,SKU-001,Aceite de Oliva 1L,27
2024-07-08,SKU-002,Arroz 5kg,86
2024-07-08,SKU-003,Leche Entera 1L,119
2024-07-08,SKU-004,Azucar 2kg,56
2024-07-08,SKU-005,Sal 1kg,29
2024-07-08,SKU-006,Frijoles Negros 1kg,49
2024-07-08,SKU-007,Pasta Espagueti 400g,73
2024-07-08,SKU-008,Cafe Molido 500g,20
2024-07-08,SKU-009,Atun en Lata 160g,68
2024-07-08,SKU-010,Jabon de Bano,43
2024-07-08,SKU-011,Papel Higienico 12 rollos,28
2024-07-08,SKU-012,Detergente 1kg,20
2024-07-08,SKU-013,Galletas Surtidas,47
2024-07-08,SKU-014,Agua Mineral 600ml,138
2024-07-09,SKU-001,Aceite de Oliva 1L,24
2024-07-09,SKU-002,Arroz 5kg,59
2024-07-09,SKU-003,Leche Entera 1L,164
2024-07-09,SKU-004,Azucar 2kg,43
2024-07-09,SKU-005,Sal 1kg,27
2024-07-09,SKU-006,Frijoles Negros 1kg,36
2024-07-09,SKU-007,Pasta Espagueti 400g,58
2024-07-09,SKU-008,Cafe Molido 500g,24
2024-07-09,SKU-009,Atun en Lata 160g,81
2024-07-09,SKU-010,Jabon de Bano,32
2024-07-09,SKU-011,Papel Higienico 12 rollos,33
2024-07-09,SKU-012,Detergente 1kg,19
2024-07-09,SKU-013,Galletas Surtidas,47
2024-07-09,SKU-014,Agua Mineral 600ml,143
2024-07-10,SKU-001,Aceite de Oliva 1L,30
2024-07-10,SKU-002,Arroz 5kg,90
2024-07-10,SKU-003,Leche Entera 1L,123
2024-07-10,SKU-004,Azucar 2kg,37
2024-07-10,SKU-005,Sal 1kg,31
2024-07-10,SKU-006,Frijoles Negros 1kg,48
2024-07-10,SKU-007,Pasta Espagueti 400g,70
2024-07-10,SKU-008,Cafe Molido 500g,24
2024-07-10,SKU-009,Atun en Lata 160g,78
2024-07-10,SKU-010,Jabon de Bano,37
2024-07-10,SKU-011,Papel Higienico 12 rollos,31
2024-07-10,SKU-012,Detergente 1kg,17
2024-07-10,SKU-013,Galletas Surtidas,55
2024-07-10,SKU-014,Agua Mineral 600ml,155
2024-07-11,SKU-001,Aceite de Oliva 1L,23
2024-07-11,SKU-002,Arroz 5kg,71
2024-07-11,SKU-003,Leche Entera 1L,145
2024-07-11,SKU-004,Azucar 2kg,34
2024-07-11,SKU-005,Sal 1kg,31
2024-07-11,SKU-006,Frijoles Negros 1kg,46
2024-07-11,SKU-007,Pasta Espagueti 400g,66
2024-07-11,SKU-008,Cafe Molido 500g,28
2024-07-11,SKU-009,Atun en Lata 160g,68
2024-07-11,SKU-010,Jabon de Bano,37
2024-07-11,SKU-011,Papel Higienico 12 rollos,36
2024-07-11,SKU-012,Detergente 1kg,23
2024-07-11,SKU-013,Galletas Surtidas,56
2024-07-11,SKU-014,Agua Mineral 600ml,191
2024-07-12,SKU-001,Aceite de Oliva 1L,27
2024-07-12,SKU-002,Arroz 5kg,96
2024-07-12,SKU-003,Leche Entera 1L,127
2024-07-12,SKU-004,Azucar 2kg,34
2024-07-12,SKU-005,Sal 1kg,28
2024-07-12,SKU-006,Frijoles Negros 1kg,55
2024-07-12,SKU-007,Pasta Espagueti 400g,63
2024-07-12,SKU-008,Cafe Molido 500g,27
2024-07-12,SKU-009,Atun en Lata 160g,79
2024-07-12,SKU-010,Jabon de Bano,44
2024-07-12,SKU-011,Papel Higienico 12 rollos,29
2024-07-12,SKU-012,Detergente 1kg,19
2024-07-12,SKU-013,Galletas Surtidas,48
2024-07-12,SKU-014,Agua Mineral 600ml,199
2024-07-13,SKU-001,Aceite de Oliva 1L,25
2024-07-13,SKU-002,Arroz 5kg,82
2024-07-13,SKU-003,Leche Entera 1L,142
2024-07-13,SKU-004,Azucar 2kg,34
2024-07-13,SKU-005,Sal 1kg,29
2024-07-13,SKU-006,Frijoles Negros 1kg,52
2024-07-13,SKU-007,Pasta Espagueti 400g,85
2024-07-13,SKU-008,Cafe Molido 500g,24
2024-07-13,SKU-009,Atun en Lata 160g,77
2024-07-13,SKU-010,Jabon de Bano,46
2024-07-13,SKU-011,Papel Higienico 12 rollos,38
2024-07-13,SKU-012,Detergente 1kg,23
2024-07-13,SKU-013,Galletas Surtidas,53
2024-07-13,SKU-014,Agua Mineral 600ml,165
2024-07-14,SKU-001,Aceite de Oliva 1L,20
2024-07-14,SKU-002,Arroz 5kg,64
2024-07-14,SKU-003,Leche Entera 1L,114
2024-07-14,SKU-004,Azucar 2kg,30
2024-07-14,SKU-005,Sal 1kg,23
2024-07-14,SKU-006,Frijoles Negros 1kg,44
2024-07-14,SKU-007,Pasta Espagueti 400g,54
2024-07-14,SKU-008,Cafe Molido 500g,22
2024-07-14,SKU-009,Atun en Lata 160g,77
2024-07-14,SKU-010,Jabon de Bano,36
2024-07-14,SKU-011,Papel Higienico 12 rollos,31
2024-07-14,SKU-012,Detergente 1kg,14
2024-07-14,SKU-013,Galletas Surtidas,45
2024-07-14,SKU-014,Agua Mineral 600ml,146
2024-07-15,SKU-001,Aceite de Oliva 1L,31
2024-07-15,SKU-002,Arroz 5kg,88
2024-07-15,SKU-003,Leche Entera 1L,135
2024-07-15,SKU-004,Azucar 2kg,48
2024-07-15,SKU-005,Sal 1kg,28
2024-07-15,SKU-006,Frijoles Negros 1kg,50
2024-07-15,SKU-007,Pasta Espagueti 400g,76
2024-07-15,SKU-008,Cafe Molido 500g,24
2024-07-15,SKU-009,Atun en Lata 160g,75
2024-07-15,SKU-010,Jabon de Bano,33
2024-07-15,SKU-011,Papel Higienico 12 rollos,34
2024-07-15,SKU-012,Detergente 1kg,19
2024-07-15,SKU-013,Galletas Surtidas,57
2024-07-15,SKU-014,Agua Mineral 600ml,141
2024-07-16,SKU-001,Aceite de Oliva 1L,19
2024-07-16,SKU-002,Arroz 5kg,86
2024-07-16,SKU-003,Leche Entera 1L,109
2024-07-16,SKU-004,Azucar 2kg,44
2024-07-16,SKU-005,Sal 1kg,28
2024-07-16,SKU-006,Frijoles Negros 1kg,41
2024-07-16,SKU-007,Pasta Espagueti 400g,51
2024-07-16,SKU-008,Cafe Molido 500g,25
2024-07-16,SKU-009,Atun en Lata 160g,78
2024-07-16,SKU-010,Jabon de Bano,30
2024-07-16,SKU-011,Papel Higienico 12 rollos,33
2024-07-16,SKU-012,Detergente 1kg,17
2024-07-16,SKU-013,Galletas Surtidas,54
2024-07-16,SKU-014,Agua Mineral 600ml,135
2024-07-17,SKU-001,Aceite de Oliva 1L,23
2024-07-17,SKU-002,Arroz 5kg,79
2024-07-17,SKU-003,Leche Entera 1L,93
2024-07-17,SKU-004,Azucar 2kg,44
2024-07-17,SKU-005,Sal 1kg,30
2024-07-17,SKU-006,Frijoles Negros 1kg,41
2024-07-17,SKU-007,Pasta Espagueti 400g,58
2024-07-17,SKU-008,Cafe Molido 500g,25
2024-07-17,SKU-009,Atun en Lata 160g,64
2024-07-17,SKU-010,Jabon de Bano,30
2024-07-17,SKU-011,Papel Higienico 12 rollos,31
2024-07-17,SKU-012,Detergente 1kg,22
2024-07-17,SKU-013,Galletas Surtidas,46
2024-07-17,SKU-014,Agua Mineral 600ml,157
2024-07-18,SKU-001,Aceite de Oliva 1L,24
2024-07-18,SKU-002,Arroz 5kg,71
2024-07-18,SKU-003,Leche Entera 1L,134
2024-07-18,SKU-004,Azucar 2kg,53
2024-07-18,SKU-005,Sal 1kg,28
2024-07-18,SKU-006,Frijoles Negros 1kg,50
2024-07-18,SKU-007,Pasta Espagueti 400g,63
2024-07-18,SKU-008,Cafe Molido 500g,21
2024-07-18,SKU-009,Atun en Lata 160g,68
2024-07-18,SKU-010,Jabon de Bano,36
2024-07-18,SKU-011,Papel Higienico 12 rollos,35
2024-07-18,SKU-012,Detergente 1kg,22
2024-07-18,SKU-013,Galletas Surtidas,46
2024-07-18,SKU-014,Agua Mineral 600ml,157
2024-07-19,SKU-001,Aceite de Oliva 1L,28
2024-07-19,SKU-002,Arroz 5kg,84
2024-07-19,SKU-003,Leche Entera 1L,54
2024-07-19,SKU-004,Azucar 2kg,39
2024-07-19,SKU-005,Sal 1kg,27
2024-07-19,SKU-006,Frijoles Negros 1kg,52
2024-07-19,SKU-007,Pasta Espagueti 400g,66
2024-07-19,SKU-008,Cafe Molido 500g,27
2024-07-19,SKU-009,Atun en Lata 160g,73
2024-07-19,SKU-010,Jabon de Bano,42
2024-07-19,SKU-011,Papel Higienico 12 rollos,35
2024-07-19,SKU-012,Detergente 1kg,19
2024-07-19,SKU-013,Galletas Surtidas,57
2024-07-19,SKU-014,Agua Mineral 600ml,213
2024-07-20,SKU-001,Aceite de Oliva 1L,27
2024-07-20,SKU-002,Arroz 5kg,78
2024-07-20,SKU-003,Leche Entera 1L,126
2024-07-20,SKU-004,Azucar 2kg,46
2024-07-20,SKU-005,Sal 1kg,27
2024-07-20,SKU-006,Frijoles Negros 1kg,57
2024-07-20,SKU-007,Pasta Espagueti 400g,90
2024-07-20,SKU-008,Cafe Molido 500g,28
2024-07-20,SKU-009,Atun en Lata 160g,102
2024-07-20,SKU-010,Jabon de Bano,53
2024-07-20,SKU-011,Papel Higienico 12 rollos,39
2024-07-20,SKU-012,Detergente 1kg,28
2024-07-20,SKU-013,Galletas Surtidas,61
2024-07-20,SKU-014,Agua Mineral 600ml,184
2024-07-21,SKU-001,Aceite de Oliva 1L,15
2024-07-21,SKU-002,Arroz 5kg,47
2024-07-21,SKU-003,Leche Entera 1L,77
2024-07-21,SKU-004,Azucar 2kg,30
2024-07-21,SKU-005,Sal 1kg,20
2024-07-21,SKU-006,Frijoles Negros 1kg,35
2024-07-21,SKU-007,Pasta Espagueti 400g,57
2024-07-21,SKU-008,Cafe Molido 500g,24
2024-07-21,SKU-009,Atun en Lata 160g,64
2024-07-21,SKU-010,Jabon de Bano,30
2024-07-21,SKU-011,Papel Higienico 12 rollos,27
2024-07-21,SKU-012,Detergente 1kg,19
2024-07-21,SKU-013,Galletas Surtidas,40
2024-07-21,SKU-014,Agua Mineral 600ml,167
2024-07-22,SKU-001,Aceite de Oliva 1L,21
2024-07-22,SKU-002,Arroz 5kg,83
2024-07-22,SKU-003,Leche Entera 1L,134
2024-07-22,SKU-004,Azucar 2kg,50
2024-07-22,SKU-005,Sal 1kg,30
2024-07-22,SKU-006,Frijoles Negros 1kg,51
2024-07-22,SKU-007,Pasta Espagueti 400g,62
2024-07-22,SKU-008,Cafe Molido 500g,26
2024-07-22,SKU-009,Atun en Lata 160g,67
2024-07-22,SKU-010,Jabon de Bano,35
2024-07-22,SKU-011,Papel Higienico 12 rollos,29
2024-07-22,SKU-012,Detergente 1kg,20
2024-07-22,SKU-013,Galletas Surtidas,57
2024-07-22,SKU-014,Agua Mineral 600ml,190
2024-07-23,SKU-001,Aceite de Oliva 1L,24
2024-07-23,SKU-002,Arroz 5kg,80
2024-07-23,SKU-003,Leche Entera 1L,127
2024-07-23,SKU-004,Azucar 2kg,39
2024-07-23,SKU-005,Sal 1kg,31
2024-07-23,SKU-006,Frijoles Negros 1kg,35
2024-07-23,SKU-007,Pasta Espagueti 400g,55
2024-07-23,SKU-008,Cafe Molido 500g,22
2024-07-23,SKU-009,Atun en Lata 160g,83
2024-07-23,SKU-010,Jabon de Bano,38
2024-07-23,SKU-011,Papel Higienico 12 rollos,34
2024-07-23,SKU-012,Detergente 1kg,18
2024-07-23,SKU-013,Galletas Surtidas,40
2024-07-23,SKU-014,Agua Mineral 600ml,160
2024-07-24,SKU-001,Aceite de Oliva 1L,29
2024-07-24,SKU-002,Arroz 5kg,90
2024-07-24,SKU-003,Leche Entera 1L,113
2024-07-24,SKU-004,Azucar 2kg,44
2024-07-24,SKU-005,Sal 1kg,29
2024-07-24,SKU-006,Frijoles Negros 1kg,35
2024-07-24,SKU-007,Pasta Espagueti 400g,71
2024-07-24,SKU-008,Cafe Molido 500g,25
2024-07-24,SKU-009,Atun en Lata 160g,79
2024-07-24,SKU-010,Jabon de Bano,42
2024-07-24,SKU-011,Papel Higienico 12 rollos,29
2024-07-24,SKU-012,Detergente 1kg,22
2024-07-24,SKU-013,Galletas Surtidas,47
2024-07-24,SKU-014,Agua Mineral 600ml,181
2024-07-25,SKU-001,Aceite de Oliva 1L,23
2024-07-25,SKU-002,Arroz 5kg,79
2024-07-25,SKU-003,Leche Entera 1L,109
2024-07-25,SKU-004,Azucar 2kg,41
2024-07-25,SKU-005,Sal 1kg,32
2024-07-25,SKU-006,Frijoles Negros 1kg,49
2024-07-25,SKU-007,Pasta Espagueti 400g,66
2024-07-25,SKU-008,Cafe Molido 500g,26
2024-07-25,SKU-009,Atun en Lata 160g,64
2024-07-25,SKU-010,Jabon de Bano,33
2024-07-25,SKU-011,Papel Higienico 12 rollos,29
2024-07-25,SKU-012,Detergente 1kg,22
2024-07-25,SKU-013,Galletas Surtidas,48
2024-07-25,SKU-014,Agua Mineral 600ml,161
2024-07-26,SKU-001,Aceite de Oliva 1L,24
2024-07-26,SKU-002,Arroz 5kg,75
2024-07-26,SKU-003,Leche Entera 1L,131
2024-07-26,SKU-004,Azucar 2kg,42
2024-07-26,SKU-005,Sal 1kg,28
2024-07-26,SKU-006,Frijoles Negros 1kg,52
2024-07-26,SKU-007,Pasta Espagueti 400g,79
2024-07-26,SKU-008,Cafe Molido 500g,31
2024-07-26,SKU-009,Atun en Lata 160g,72
2024-07-26,SKU-010,Jabon de Bano,47
2024-07-26,SKU-011,Papel Higienico 12 rollos,37
2024-07-26,SKU-012,Detergente 1kg,21
2024-07-26,SKU-013,Galletas Surtidas,47
2024-07-26,SKU-014,Agua Mineral 600ml,176
2024-07-27,SKU-001,Aceite de Oliva 1L,23
2024-07-27,SKU-002,Arroz 5kg,65
2024-07-27,SKU-003,Leche Entera 1L,110
2024-07-27,SKU-004,Azucar 2kg,36
2024-07-27,SKU-005,Sal 1kg,28
2024-07-27,SKU-006,Frijoles Negros 1kg,53
2024-07-27,SKU-007,Pasta Espagueti 400g,84
2024-07-27,SKU-008,Cafe Molido 500g,32
2024-07-27,SKU-009,Atun en Lata 160g,109
2024-07-27,SKU-010,Jabon de Bano,39
2024-07-27,SKU-011,Papel Higienico 12 rollos,37
2024-07-27,SKU-012,Detergente 1kg,22
2024-07-27,SKU-013,Galletas Surtidas,56
2024-07-27,SKU-014,Agua Mineral 600ml,187
2024-07-28,SKU-001,Aceite de Oliva 1L,13
2024-07-28,SKU-002,Arroz 5kg,56
2024-07-28,SKU-003,Leche Entera 1L,89
2024-07-28,SKU-004,Azucar 2kg,30
2024-07-28,SKU-005,Sal 1kg,19
2024-07-28,SKU-006,Frijoles Negros 1kg,37
2024-07-28,SKU-007,Pasta Espagueti 400g,54
2024-07-28,SKU-008,Cafe Molido 500g,19
2024-07-28,SKU-009,Atun en Lata 160g,67
2024-07-28,SKU-010,Jabon de Bano,30
2024-07-28,SKU-011,Papel Higienico 12 rollos,23
2024-07-28,SKU-012,Detergente 1kg,18
2024-07-28,SKU-013,Galletas Surtidas,48
2024-07-28,SKU-014,Agua Mineral 600ml,130
2024-07-29,SKU-001,Aceite de Oliva 1L,24
2024-07-29,SKU-002,Arroz 5kg,59
2024-07-29,SKU-003,Leche Entera 1L,86
2024-07-29,SKU-004,Azucar 2kg,40
2024-07-29,SKU-005,Sal 1kg,28
2024-07-29,SKU-006,Frijoles Negros 1kg,43
2024-07-29,SKU-007,Pasta Espagueti 400g,73
2024-07-29,SKU-008,Cafe Molido 500g,21
2024-07-29,SKU-009,Atun en Lata 160g,89
2024-07-29,SKU-010,Jabon de Bano,35
2024-07-29,SKU-011,Papel Higienico 12 rollos,26
2024-07-29,SKU-012,Detergente 1kg,22
2024-07-29,SKU-013,Galletas Surtidas,50
2024-07-29,SKU-014,Agua Mineral 600ml,154
2024-07-30,SKU-001,Aceite de Oliva 1L,22
2024-07-30,SKU-002,Arroz 5kg,65
2024-07-30,SKU-003,Leche Entera 1L,112
2024-07-30,SKU-004,Azucar 2kg,39
2024-07-30,SKU-005,Sal 1kg,25
2024-07-30,SKU-006,Frijoles Negros 1kg,36
2024-07-30,SKU-007,Pasta Espagueti 400g,63
2024-07-30,SKU-008,Cafe Molido 500g,26
2024-07-30,SKU-009,Atun en Lata 160g,72
2024-07-30,SKU-010,Jabon de Bano,36
2024-07-30,SKU-011,Papel Higienico 12 rollos,32
2024-07-30,SKU-012,Detergente 1kg,15
2024-07-30,SKU-013,Galletas Surtidas,53
2024-07-30,SKU-014,Agua Mineral 600ml,131
2024-07-31,SKU-001,Aceite de Oliva 1L,24
2024-07-31,SKU-002,Arroz 5kg,71
2024-07-31,SKU-003,Leche Entera 1L,134
2024-07-31,SKU-004,Azucar 2kg,44
2024-07-31,SKU-005,Sal 1kg,29
2024-07-31,SKU-006,Frijoles Negros 1kg,38
2024-07-31,SKU-007,Pasta Espagueti 400g,65
2024-07-31,SKU-008,Cafe Molido 500g,24
2024-07-31,SKU-009,Atun en Lata 160g,83
2024-07-31,SKU-010,Jabon de Bano,42
2024-07-31,SKU-011,Papel Higienico 12 rollos,29
2024-07-31,SKU-012,Detergente 1kg,19
2024-07-31,SKU-013,Galletas Surtidas,51
2024-07-31,SKU-014,Agua Mineral 600ml,186
2024-08-01,SKU-001,Aceite de Oliva 1L,24
2024-08-01,SKU-002,Arroz 5kg,66
2024-08-01,SKU-003,Leche Entera 1L,88
2024-08-01,SKU-004,Azucar 2kg,33
2024-08-01,SKU-005,Sal 1kg,33
2024-08-01,SKU-006,Frijoles Negros 1kg,41
2024-08-01,SKU-007,Pasta Espagueti 400g,79
2024-08-01,SKU-008,Cafe Molido 500g,27
2024-08-01,SKU-009,Atun en Lata 160g,85
2024-08-01,SKU-010,Jabon de Bano,42
2024-08-01,SKU-011,Papel Higienico 12 rollos,28
2024-08-01,SKU-012,Detergente 1kg,23
2024-08-01,SKU-013,Galletas Surtidas,58
2024-08-01,SKU-014,Agua Mineral 600ml,164
2024-08-02,SKU-001,Aceite de Oliva 1L,19
2024-08-02,SKU-002,Arroz 5kg,70
2024-08-02,SKU-003,Leche Entera 1L,100
2024-08-02,SKU-004,Azucar 2kg,39
2024-08-02,SKU-005,Sal 1kg,26
2024-08-02,SKU-006,Frijoles Negros 1kg,58
2024-08-02,SKU-007,Pasta Espagueti 400g,71
2024-08-02,SKU-008,Cafe Molido 500g,26
2024-08-02,SKU-009,Atun en Lata 160g,85
2024-08-02,SKU-010,Jabon de Bano,37
2024-08-02,SKU-011,Papel Higienico 12 rollos,40
2024-08-02,SKU-012,Detergente 1kg,25
2024-08-02,SKU-013,Galletas Surtidas,46
2024-08-02,SKU-014,Agua Mineral 600ml,158
2024-08-03,SKU-001,Aceite de Oliva 1L,16
2024-08-03,SKU-002,Arroz 5kg,64
2024-08-03,SKU-003,Leche Entera 1L,77
2024-08-03,SKU-004,Azucar 2kg,39
2024-08-03,SKU-005,Sal 1kg,25
2024-08-03,SKU-006,Frijoles Negros 1kg,55
2024-08-03,SKU-007,Pasta Espagueti 400g,88
2024-08-03,SKU-008,Cafe Molido 500g,32
2024-08-03,SKU-009,Atun en Lata 160g,94
2024-08-03,SKU-010,Jabon de Bano,46
2024-08-03,SKU-011,Papel Higienico 12 rollos,34
2024-08-03,SKU-012,Detergente 1kg,22
2024-08-03,SKU-013,Galletas Surtidas,58
2024-08-03,SKU-014,Agua Mineral 600ml,197
2024-08-04,SKU-001,Aceite de Oliva 1L,14
2024-08-04,SKU-002,Arroz 5kg,51
2024-08-04,SKU-003,Leche Entera 1L,66
2024-08-04,SKU-004,Azucar 2kg,31
2024-08-04,SKU-005,Sal 1kg,18
2024-08-04,SKU-006,Frijoles Negros 1kg,42
2024-08-04,SKU-007,Pasta Espagueti 400g,51
2024-08-04,SKU-008,Cafe Molido 500g,23
2024-08-04,SKU-009,Atun en Lata 160g,56
2024-08-04,SKU-010,Jabon de Bano,29
2024-08-04,SKU-011,Papel Higienico 12 rollos,23
2024-08-04,SKU-012,Detergente 1kg,14
2024-08-04,SKU-013,Galletas Surtidas,49
2024-08-04,SKU-014,Agua Mineral 600ml,151
2024-08-05,SKU-001,Aceite de Oliva 1L,23
2024-08-05,SKU-002,Arroz 5kg,61
2024-08-05,SKU-003,Leche Entera 1L,120
2024-08-05,SKU-004,Azucar 2kg,38
2024-08-05,SKU-005,Sal 1kg,27
2024-08-05,SKU-006,Frijoles Negros 1kg,41
2024-08-05,SKU-007,Pasta Espagueti 400g,77
2024-08-05,SKU-008,Cafe Molido 500g,21
2024-08-05,SKU-009,Atun en Lata 160g,70
2024-08-05,SKU-010,Jabon de Bano,33
2024-08-05,SKU-011,Papel Higienico 12 rollos,36
2024-08-05,SKU-012,Detergente 1kg,23
2024-08-05,SKU-013,Galletas Surtidas,47
2024-08-05,SKU-014,Agua Mineral 600ml,155
2024-08-06,SKU-001,Aceite de Oliva 1L,23
2024-08-06,SKU-002,Arroz 5kg,69
2024-08-06,SKU-003,Leche Entera 1L,110
2024-08-06,SKU-004,Azucar 2kg,38
2024-08-06,SKU-005,Sal 1kg,29
2024-08-06,SKU-006,Frijoles Negros 1kg,34
2024-08-06,SKU-007,Pasta Espagueti 400g,67
2024-08-06,SKU-008,Cafe Molido 500g,21
2024-08-06,SKU-009,Atun en Lata 160g,62
2024-08-06,SKU-010,Jabon de Bano,40
2024-08-06,SKU-011,Papel Higienico 12 rollos,24
2024-08-06,SKU-012,Detergente 1kg,15
2024-08-06,SKU-013,Galletas Surtidas,48
2024-08-06,SKU-014,Agua Mineral 600ml,166
2024-08-07,SKU-001,Aceite de Oliva 1L,25
2024-08-07,SKU-002,Arroz 5kg,73
2024-08-07,SKU-003,Leche Entera 1L,80
2024-08-07,SKU-004,Azucar 2kg,34
2024-08-07,SKU-005,Sal 1kg,25
2024-08-07,SKU-006,Frijoles Negros 1kg,44
2024-08-07,SKU-007,Pasta Espagueti 400g,67
2024-08-07,SKU-008,Cafe Molido 500g,25
2024-08-07,SKU-009,Atun en Lata 160g,71
2024-08-07,SKU-010,Jabon de Bano,35
2024-08-07,SKU-011,Papel Higienico 12 rollos,33
2024-08-07,SKU-012,Detergente 1kg,18
2024-08-07,SKU-013,Galletas Surtidas,41
2024-08-07,SKU-014,Agua Mineral 600ml,172
2024-08-08,SKU-001,Aceite de Oliva 1L,21
2024-08-08,SKU-002,Arroz 5kg,73
2024-08-08,SKU-003,Leche Entera 1L,86
2024-08-08,SKU-004,Azucar 2kg,45
2024-08-08,SKU-005,Sal 1kg,26
2024-08-08,SKU-006,Frijoles Negros 1kg,51
2024-08-08,SKU-007,Pasta Espagueti 400g,62
2024-08-08,SKU-008,Cafe Molido 500g,20
2024-08-08,SKU-009,Atun en Lata 160g,83
2024-08-08,SKU-010,Jabon de Bano,42
2024-08-08,SKU-011,Papel Higienico 12 rollos,33
2024-08-08,SKU-012,Detergente 1kg,20
2024-08-08,SKU-013,Galletas Surtidas,57
2024-08-08,SKU-014,Agua Mineral 600ml,156
2024-08-09,SKU-001,Aceite de Oliva 1L,15
2024-08-09,SKU-002,Arroz 5kg,66
2024-08-09,SKU-003,Leche Entera 1L,50
2024-08-09,SKU-004,Azucar 2kg,35
2024-08-09,SKU-005,Sal 1kg,25
2024-08-09,SKU-006,Frijoles Negros 1kg,54
2024-08-09,SKU-007,Pasta Espagueti 400g,66
2024-08-09,SKU-008,Cafe Molido 500g,27
2024-08-09,SKU-009,Atun en Lata 160g,84
2024-08-09,SKU-010,Jabon de Bano,37
2024-08-09,SKU-011,Papel Higienico 12 rollos,35
2024-08-09,SKU-012,Detergente 1kg,23
2024-08-09,SKU-013,Galletas Surtidas,48
2024-08-09,SKU-014,Agua Mineral 600ml,156
2024-08-10,SKU-001,Aceite de Oliva 1L,20
2024-08-10,SKU-002,Arroz 5kg,67
2024-08-10,SKU-003,Leche Entera 1L,95
2024-08-10,SKU-004,Azucar 2kg,36
2024-08-10,SKU-005,Sal 1kg,29
2024-08-10,SKU-006,Frijoles Negros 1kg,62
2024-08-10,SKU-007,Pasta Espagueti 400g,77
2024-08-10,SKU-008,Cafe Molido 500g,25
2024-08-10,SKU-009,Atun en Lata 160g,97
2024-08-10,SKU-010,Jabon de Bano,39
2024-08-10,SKU-011,Papel Higienico 12 rollos,38
2024-08-10,SKU-012,Detergente 1kg,26
2024-08-10,SKU-013,Galletas Surtidas,68
2024-08-10,SKU-014,Agua Mineral 600ml,186
2024-08-11,SKU-001,Aceite de Oliva 1L,18
2024-08-11,SKU-002,Arroz 5kg,43
2024-08-11,SKU-003,Leche Entera 1L,90
2024-08-11,SKU-004,Azucar 2kg,22
2024-08-11,SKU-005,Sal 1kg,17
2024-08-11,SKU-006,Frijoles Negros 1kg,39
2024-08-11,SKU-007,Pasta Espagueti 400g,67
2024-08-11,SKU-008,Cafe Molido 500g,23
2024-08-11,SKU-009,Atun en Lata 160g,63
2024-08-11,SKU-010,Jabon de Bano,38
2024-08-11,SKU-011,Papel Higienico 12 rollos,22
2024-08-11,SKU-012,Detergente 1kg,19
2024-08-11,SKU-013,Galletas Surtidas,44
2024-08-11,SKU-014,Agua Mineral 600ml,155
2024-08-12,SKU-001,Aceite de Oliva 1L,26
2024-08-12,SKU-002,Arroz 5kg,53
2024-08-12,SKU-003,Leche Entera 1L,114
2024-08-12,SKU-004,Azucar 2kg,33
2024-08-12,SKU-005,Sal 1kg,25
2024-08-12,SKU-006,Frijoles Negros 1kg,45
2024-08-12,SKU-007,Pasta Espagueti 400g,58
2024-08-12,SKU-008,Cafe Molido 500g,21
2024-08-12,SKU-009,Atun en Lata 160g,70
2024-08-12,SKU-010,Jabon de Bano,39
2024-08-12,SKU-011,Papel Higienico 12 rollos,37
2024-08-12,SKU-012,Detergente 1kg,19
2024-08-12,SKU-013,Galletas Surtidas,56
2024-08-12,SKU-014,Agua Mineral 600ml,187
2024-08-13,SKU-001,Aceite de Oliva 1L,21
2024-08-13,SKU-002,Arroz 5kg,79
2024-08-13,SKU-003,Leche Entera 1L,85
2024-08-13,SKU-004,Azucar 2kg,38
2024-08-13,SKU-005,Sal 1kg,27
2024-08-13,SKU-006,Frijoles Negros 1kg,36
2024-08-13,SKU-007,Pasta Espagueti 400g,68
2024-08-13,SKU-008,Cafe Molido 500g,23
2024-08-13,SKU-009,Atun en Lata 160g,71
2024-08-13,SKU-010,Jabon de Bano,40
2024-08-13,SKU-011,Papel Higienico 12 rollos,33
2024-08-13,SKU-012,Detergente 1kg,19
2024-08-13,SKU-013,Galletas Surtidas,52
2024-08-13,SKU-014,Agua Mineral 600ml,133
2024-08-14,SKU-001,Aceite de Oliva 1L,20
2024-08-14,SKU-002,Arroz 5kg,62
2024-08-14,SKU-003,Leche Entera 1L,100
2024-08-14,SKU-004,Azucar 2kg,38
2024-08-14,SKU-005,Sal 1kg,27
2024-08-14,SKU-006,Frijoles Negros 1kg,47
2024-08-14,SKU-007,Pasta Espagueti 400g,62
2024-08-14,SKU-008,Cafe Molido 500g,27
2024-08-14,SKU-009,Atun en Lata 160g,77
2024-08-14,SKU-010,Jabon de Bano,33
2024-08-14,SKU-011,Papel Higienico 12 rollos,25
2024-08-14,SKU-012,Detergente 1kg,21
2024-08-14,SKU-013,Galletas Surtidas,55
2024-08-14,SKU-014,Agua Mineral 600ml,137
2024-08-15,SKU-001,Aceite de Oliva 1L,18
2024-08-15,SKU-002,Arroz 5kg,64
2024-08-15,SKU-003,Leche Entera 1L,108
2024-08-15,SKU-004,Azucar 2kg,37
2024-08-15,SKU-005,Sal 1kg,25
2024-08-15,SKU-006,Frijoles Negros 1kg,43
2024-08-15,SKU-007,Pasta Espagueti 400g,58
2024-08-15,SKU-008,Cafe Molido 500g,22
2024-08-15,SKU-009,Atun en Lata 160g,82
2024-08-15,SKU-010,Jabon de Bano,35
2024-08-15,SKU-011,Papel Higienico 12 rollos,33
2024-08-15,SKU-012,Detergente 1kg,24
2024-08-15,SKU-013,Galletas Surtidas,48
2024-08-15,SKU-014,Agua Mineral 600ml,182
2024-08-16,SKU-001,Aceite de Oliva 1L,21
2024-08-16,SKU-002,Arroz 5kg,62
2024-08-16,SKU-003,Leche Entera 1L,85
2024-08-16,SKU-004,Azucar 2kg,40
2024-08-16,SKU-005,Sal 1kg,23
2024-08-16,SKU-006,Frijoles Negros 1kg,50
2024-08-16,SKU-007,Pasta Espagueti 400g,84
2024-08-16,SKU-008,Cafe Molido 500g,31
2024-08-16,SKU-009,Atun en Lata 160g,91
2024-08-16,SKU-010,Jabon de Bano,46
2024-08-16,SKU-011,Papel Higienico 12 rollos,37
2024-08-16,SKU-012,Detergente 1kg,25
2024-08-16,SKU-013,Galletas Surtidas,63
2024-08-16,SKU-014,Agua Mineral 600ml,191
2024-08-17,SKU-001,Aceite de Oliva 1L,25
2024-08-17,SKU-002,Arroz 5kg,68
2024-08-17,SKU-003,Leche Entera 1L,75
2024-08-17,SKU-004,Azucar 2kg,39
2024-08-17,SKU-005,Sal 1kg,25
2024-08-17,SKU-006,Frijoles Negros 1kg,61
2024-08-17,SKU-007,Pasta Espagueti 400g,93
2024-08-17,SKU-008,Cafe Molido 500g,35
2024-08-17,SKU-009,Atun en Lata 160g,89
2024-08-17,SKU-010,Jabon de Bano,39
2024-08-17,SKU-011,Papel Higienico 12 rollos,41
2024-08-17,SKU-012,Detergente 1kg,24
2024-08-17,SKU-013,Galletas Surtidas,70
2024-08-17,SKU-014,Agua Mineral 600ml,208
2024-08-18,SKU-001,Aceite de Oliva 1L,16
2024-08-18,SKU-002,Arroz 5kg,52
2024-08-18,SKU-003,Leche Entera 1L,65
2024-08-18,SKU-004,Azucar 2kg,24
2024-08-18,SKU-005,Sal 1kg,17
2024-08-18,SKU-006,Frijoles Negros 1kg,36
2024-08-18,SKU-007,Pasta Espagueti 400g,56
2024-08-18,SKU-008,Cafe Molido 500g,22
2024-08-18,SKU-009,Atun en Lata 160g,79
2024-08-18,SKU-010,Jabon de Bano,28
2024-08-18,SKU-011,Papel Higienico 12 rollos,25
2024-08-18,SKU-012,Detergente 1kg,16
2024-08-18,SKU-013,Galletas Surtidas,37
2024-08-18,SKU-014,Agua Mineral 600ml,122
2024-08-19,SKU-001,Aceite de Oliva 1L,18
2024-08-19,SKU-002,Arroz 5kg,61
2024-08-19,SKU-003,Leche Entera 1L,105
2024-08-19,SKU-004,Azucar 2kg,37
2024-08-19,SKU-005,Sal 1kg,24
2024-08-19,SKU-006,Frijoles Negros 1kg,50
2024-08-19,SKU-007,Pasta Espagueti 400g,66
2024-08-19,SKU-008,Cafe Molido 500g,24
2024-08-19,SKU-009,Atun en Lata 160g,74
2024-08-19,SKU-010,Jabon de Bano,46
2024-08-19,SKU-011,Papel Higienico 12 rollos,36
2024-08-19,SKU-012,Detergente 1kg,23
2024-08-19,SKU-013,Galletas Surtidas,58
2024-08-19,SKU-014,Agua Mineral 600ml,180
2024-08-20,SKU-001,Aceite de Oliva 1L,18
2024-08-20,SKU-002,Arroz 5kg,68
2024-08-20,SKU-003,Leche Entera 1L,89
2024-08-20,SKU-004,Azucar 2kg,32
2024-08-20,SKU-005,Sal 1kg,24
2024-08-20,SKU-006,Frijoles Negros 1kg,48
2024-08-20,SKU-007,Pasta Espagueti 400g,58
2024-08-20,SKU-008,Cafe Molido 500g,21
2024-08-20,SKU-009,Atun en Lata 160g,71
2024-08-20,SKU-010,Jabon de Bano,41
2024-08-20,SKU-011,Papel Higienico 12 rollos,29
2024-08-20,SKU-012,Detergente 1kg,21
2024-08-20,SKU-013,Galletas Surtidas,51
2024-08-20,SKU-014,Agua Mineral 600ml,131
2024-08-21,SKU-001,Aceite de Oliva 1L,20
2024-08-21,SKU-002,Arroz 5kg,59
2024-08-21,SKU-003,Leche Entera 1L,115
2024-08-21,SKU-004,Azucar 2kg,41
2024-08-21,SKU-005,Sal 1kg,25
2024-08-21,SKU-006,Frijoles Negros 1kg,47
2024-08-21,SKU-007,Pasta Espagueti 400g,69
2024-08-21,SKU-008,Cafe Molido 500g,21
2024-08-21,SKU-009,Atun en Lata 160g,84
2024-08-21,SKU-010,Jabon de Bano,37
2024-08-21,SKU-011,Papel Higienico 12 rollos,27
2024-08-21,SKU-012,Detergente 1kg,22
2024-08-21,SKU-013,Galletas Surtidas,40
2024-08-21,SKU-014,Agua Mineral 600ml,164
2024-08-22,SKU-001,Aceite de Oliva 1L,21
2024-08-22,SKU-002,Arroz 5kg,69
2024-08-22,SKU-003,Leche Entera 1L,98
2024-08-22,SKU-004,Azucar 2kg,41
2024-08-22,SKU-005,Sal 1kg,28
2024-08-22,SKU-006,Frijoles Negros 1kg,48
2024-08-22,SKU-007,Pasta Espagueti 400g,75
2024-08-22,SKU-008,Cafe Molido 500g,25
2024-08-22,SKU-009,Atun en Lata 160g,83
2024-08-22,SKU-010,Jabon de Bano,34
2024-08-22,SKU-011,Papel Higienico 12 rollos,27
2024-08-22,SKU-012,Detergente 1kg,20
2024-08-22,SKU-013,Galletas Surtidas,42
2024-08-22,SKU-014,Agua Mineral 600ml,152
2024-08-23,SKU-001,Aceite de Oliva 1L,21
2024-08-23,SKU-002,Arroz 5kg,68
2024-08-23,SKU-003,Leche Entera 1L,115
2024-08-23,SKU-004,Azucar 2kg,35
2024-08-23,SKU-005,Sal 1kg,22
2024-08-23,SKU-006,Frijoles Negros 1kg,51
2024-08-23,SKU-007,Pasta Espagueti 400g,73
2024-08-23,SKU-008,Cafe Molido 500g,30
2024-08-23,SKU-009,Atun en Lata 160g,93
2024-08-23,SKU-010,Jabon de Bano,41
2024-08-23,SKU-011,Papel Higienico 12 rollos,37
2024-08-23,SKU-012,Detergente 1kg,24
2024-08-23,SKU-013,Galletas Surtidas,63
2024-08-23,SKU-014,Agua Mineral 600ml,216
2024-08-24,SKU-001,Aceite de Oliva 1L,23
2024-08-24,SKU-002,Arroz 5kg,55
2024-08-24,SKU-003,Leche Entera 1L,132
2024-08-24,SKU-004,Azucar 2kg,40
2024-08-24,SKU-005,Sal 1kg,25
2024-08-24,SKU-006,Frijoles Negros 1kg,48
2024-08-24,SKU-007,Pasta Espagueti 400g,93
2024-08-24,SKU-008,Cafe Molido 500g,29
2024-08-24,SKU-009,Atun en Lata 160g,104
2024-08-24,SKU-010,Jabon de Bano,52
2024-08-24,SKU-011,Papel Higienico 12 rollos,37
2024-08-24,SKU-012,Detergente 1kg,22
2024-08-24,SKU-013,Galletas Surtidas,71
2024-08-24,SKU-014,Agua Mineral 600ml,210
2024-08-25,SKU-001,Aceite de Oliva 1L,14
2024-08-25,SKU-002,Arroz 5kg,53
2024-08-25,SKU-003,Leche Entera 1L,55
2024-08-25,SKU-004,Azucar 2kg,22
2024-08-25,SKU-005,Sal 1kg,16
2024-08-25,SKU-006,Frijoles Negros 1kg,38
2024-08-25,SKU-007,Pasta Espagueti 400g,50
2024-08-25,SKU-008,Cafe Molido 500g,20
2024-08-25,SKU-009,Atun en Lata 160g,69
2024-08-25,SKU-010,Jabon de Bano,30
2024-08-25,SKU-011,Papel Higienico 12 rollos,22
2024-08-25,SKU-012,Detergente 1kg,18
2024-08-25,SKU-013,Galletas Surtidas,45
2024-08-25,SKU-014,Agua Mineral 600ml,124
2024-08-26,SKU-001,Aceite de Oliva 1L,19
2024-08-26,SKU-002,Arroz 5kg,58
2024-08-26,SKU-003,Leche Entera 1L,100
2024-08-26,SKU-004,Azucar 2kg,37
2024-08-26,SKU-005,Sal 1kg,23
2024-08-26,SKU-006,Frijoles Negros 1kg,44
2024-08-26,SKU-007,Pasta Espagueti 400g,74
2024-08-26,SKU-008,Cafe Molido 500g,28
2024-08-26,SKU-009,Atun en Lata 160g,83
2024-08-26,SKU-010,Jabon de Bano,38
2024-08-26,SKU-011,Papel Higienico 12 rollos,34
2024-08-26,SKU-012,Detergente 1kg,23
2024-08-26,SKU-013,Galletas Surtidas,58
2024-08-26,SKU-014,Agua Mineral 600ml,141
2024-08-27,SKU-001,Aceite de Oliva 1L,25
2024-08-27,SKU-002,Arroz 5kg,55
2024-08-27,SKU-003,Leche Entera 1L,72
2024-08-27,SKU-004,Azucar 2kg,38
2024-08-27,SKU-005,Sal 1kg,24
2024-08-27,SKU-006,Frijoles Negros 1kg,41
2024-08-27,SKU-007,Pasta Espagueti 400g,70
2024-08-27,SKU-008,Cafe Molido 500g,24
2024-08-27,SKU-009,Atun en Lata 160g,70
2024-08-27,SKU-010,Jabon de Bano,38
2024-08-27,SKU-011,Papel Higienico 12 rollos,27
2024-08-27,SKU-012,Detergente 1kg,18
2024-08-27,SKU-013,Galletas Surtidas,43
2024-08-27,SKU-014,Agua Mineral 600ml,166
2024-08-28,SKU-001,Aceite de Oliva 1L,21
2024-08-28,SKU-002,Arroz 5kg,60
2024-08-28,SKU-003,Leche Entera 1L,76
2024-08-28,SKU-004,Azucar 2kg,33
2024-08-28,SKU-005,Sal 1kg,23
2024-08-28,SKU-006,Frijoles Negros 1kg,36
2024-08-28,SKU-007,Pasta Espagueti 400g,61
2024-08-28,SKU-008,Cafe Molido 500g,20
2024-08-28,SKU-009,Atun en Lata 160g,83
2024-08-28,SKU-010,Jabon de Bano,33
2024-08-28,SKU-011,Papel Higienico 12 rollos,25
2024-08-28,SKU-012,Detergente 1kg,21
2024-08-28,SKU-013,Galletas Surtidas,41
2024-08-28,SKU-014,Agua Mineral 600ml,166
2024-08-29,SKU-001,Aceite de Oliva 1L,22
2024-08-29,SKU-002,Arroz 5kg,61
2024-08-29,SKU-003,Leche Entera 1L,110
2024-08-29,SKU-004,Azucar 2kg,38
2024-08-29,SKU-005,Sal 1kg,26
2024-08-29,SKU-006,Frijoles Negros 1kg,51
2024-08-29,SKU-007,Pasta Espagueti 400g,59
2024-08-29,SKU-008,Cafe Molido 500g,22
2024-08-29,SKU-009,Atun en Lata 160g,71
2024-08-29,SKU-010,Jabon de Bano,35
2024-08-29,SKU-011,Papel Higienico 12 rollos,32
2024-08-29,SKU-012,Detergente 1kg,20
2024-08-29,SKU-013,Galletas Surtidas,54
2024-08-29,SKU-014,Agua Mineral 600ml,176
2024-08-30,SKU-001,Aceite de Oliva 1L,23
2024-08-30,SKU-002,Arroz 5kg,69
2024-08-30,SKU-003,Leche Entera 1L,110
2024-08-30,SKU-004,Azucar 2kg,34
2024-08-30,SKU-005,Sal 1kg,23
2024-08-30,SKU-006,Frijoles Negros 1kg,43
2024-08-30,SKU-007,Pasta Espagueti 400g,80
2024-08-30,SKU-008,Cafe Molido 500g,28
2024-08-30,SKU-009,Atun en Lata 160g,86
2024-08-30,SKU-010,Jabon de Bano,50
2024-08-30,SKU-011,Papel Higienico 12 rollos,31
2024-08-30,SKU-012,Detergente 1kg,27
2024-08-30,SKU-013,Galletas Surtidas,50
2024-08-30,SKU-014,Agua Mineral 600ml,199
2024-08-31,SKU-001,Aceite de Oliva 1L,14
2024-08-31,SKU-002,Arroz 5kg,65
2024-08-31,SKU-003,Leche Entera 1L,82
2024-08-31,SKU-004,Azucar 2kg,37
2024-08-31,SKU-005,Sal 1kg,25
2024-08-31,SKU-006,Frijoles Negros 1kg,51
2024-08-31,SKU-007,Pasta Espagueti 400g,95
2024-08-31,SKU-008,Cafe Molido 500g,30
2024-08-31,SKU-009,Atun en Lata 160g,95
2024-08-31,SKU-010,Jabon de Bano,41
2024-08-31,SKU-011,Papel Higienico 12 rollos,38
2024-08-31,SKU-012,Detergente 1kg,20
2024-08-31,SKU-013,Galletas Surtidas,62
2024-08-31,SKU-014,Agua Mineral 600ml,201
2024-09-01,SKU-001,Aceite de Oliva 1L,11
2024-09-01,SKU-002,Arroz 5kg,40
2024-09-01,SKU-003,Leche Entera 1L,62
2024-09-01,SKU-004,Azucar 2kg,23
2024-09-01,SKU-005,Sal 1kg,17
2024-09-01,SKU-006,Frijoles Negros 1kg,35
2024-09-01,SKU-007,Pasta Espagueti 400g,56
2024-09-01,SKU-008,Cafe Molido 500g,20
2024-09-01,SKU-009,Atun en Lata 160g,64
2024-09-01,SKU-010,Jabon de Bano,30
2024-09-01,SKU-011,Papel Higienico 12 rollos,27
2024-09-01,SKU-012,Detergente 1kg,18
2024-09-01,SKU-013,Galletas Surtidas,50
2024-09-01,SKU-014,Agua Mineral 600ml,154
2024-09-02,SKU-001,Aceite de Oliva 1L,16
2024-09-02,SKU-002,Arroz 5kg,63
2024-09-02,SKU-003,Leche Entera 1L,63
2024-09-02,SKU-004,Azucar 2kg,26
2024-09-02,SKU-005,Sal 1kg,25
2024-09-02,SKU-006,Frijoles Negros 1kg,40
2024-09-02,SKU-007,Pasta Espagueti 400g,71
2024-09-02,SKU-008,Cafe Molido 500g,24
2024-09-02,SKU-009,Atun en Lata 160g,88
2024-09-02,SKU-010,Jabon de Bano,40
2024-09-02,SKU-011,Papel Higienico 12 rollos,34
2024-09-02,SKU-012,Detergente 1kg,20
2024-09-02,SKU-013,Galletas Surtidas,43
2024-09-02,SKU-014,Agua Mineral 600ml,146
2024-09-03,SKU-001,Aceite de Oliva 1L,16
2024-09-03,SKU-002,Arroz 5kg,59
2024-09-03,SKU-003,Leche Entera 1L,68
2024-09-03,SKU-004,Azucar 2kg,29
2024-09-03,SKU-005,Sal 1kg,23
2024-09-03,SKU-006,Frijoles Negros 1kg,41
2024-09-03,SKU-007,Pasta Espagueti 400g,65
2024-09-03,SKU-008,Cafe Molido 500g,26
2024-09-03,SKU-009,Atun en Lata 160g,79
2024-09-03,SKU-010,Jabon de Bano,42
2024-09-03,SKU-011,Papel Higienico 12 rollos,25
2024-09-03,SKU-012,Detergente 1kg,16
2024-09-03,SKU-013,Galletas Surtidas,46
2024-09-03,SKU-014,Agua Mineral 600ml,162
2024-09-04,SKU-001,Aceite de Oliva 1L,18
2024-09-04,SKU-002,Arroz 5kg,69
2024-09-04,SKU-003,Leche Entera 1L,102
2024-09-04,SKU-004,Azucar 2kg,34
2024-09-04,SKU-005,Sal 1kg,25
2024-09-04,SKU-006,Frijoles Negros 1kg,42
2024-09-04,SKU-007,Pasta Espagueti 400g,71
2024-09-04,SKU-008,Cafe Molido 500g,21
2024-09-04,SKU-009,Atun en Lata 160g,86
2024-09-04,SKU-010,Jabon de Bano,42
2024-09-04,SKU-011,Papel Higienico 12 rollos,25
2024-09-04,SKU-012,Detergente 1kg,20
2024-09-04,SKU-013,Galletas Surtidas,40
2024-09-04,SKU-014,Agua Mineral 600ml,160
2024-09-05,SKU-001,Aceite de Oliva 1L,23
2024-09-05,SKU-002,Arroz 5kg,65
2024-09-05,SKU-003,Leche Entera 1L,86
2024-09-05,SKU-004,Azucar 2kg,39
2024-09-05,SKU-005,Sal 1kg,27
2024-09-05,SKU-006,Frijoles Negros 1kg,43
2024-09-05,SKU-007,Pasta Espagueti 400g,75
2024-09-05,SKU-008,Cafe Molido 500g,22
2024-09-05,SKU-009,Atun en Lata 160g,83
2024-09-05,SKU-010,Jabon de Bano,34
2024-09-05,SKU-011,Papel Higienico 12 rollos,36
2024-09-05,SKU-012,Detergente 1kg,17
2024-09-05,SKU-013,Galletas Surtidas,50
2024-09-05,SKU-014,Agua Mineral 600ml,169
2024-09-06,SKU-001,Aceite de Oliva 1L,21
2024-09-06,SKU-002,Arroz 5kg,73
2024-09-06,SKU-003,Leche Entera 1L,111
2024-09-06,SKU-004,Azucar 2kg,39
2024-09-06,SKU-005,Sal 1kg,21
2024-09-06,SKU-006,Frijoles Negros 1kg,60
2024-09-06,SKU-007,Pasta Espagueti 400g,69
2024-09-06,SKU-008,Cafe Molido 500g,32
2024-09-06,SKU-009,Atun en Lata 160g,85
2024-09-06,SKU-010,Jabon de Bano,51
2024-09-06,SKU-011,Papel Higienico 12 rollos,39
2024-09-06,SKU-012,Detergente 1kg,19
2024-09-06,SKU-013,Galletas Surtidas,65
2024-09-06,SKU-014,Agua Mineral 600ml,218
2024-09-07,SKU-001,Aceite de Oliva 1L,16
2024-09-07,SKU-002,Arroz 5kg,62
2024-09-07,SKU-003,Leche Entera 1L,62
2024-09-07,SKU-004,Azucar 2kg,32
2024-09-07,SKU-005,Sal 1kg,25
2024-09-07,SKU-006,Frijoles Negros 1kg,49
2024-09-07,SKU-007,Pasta Espagueti 400g,67
2024-09-07,SKU-008,Cafe Molido 500g,30
2024-09-07,SKU-009,Atun en Lata 160g,112
2024-09-07,SKU-010,Jabon de Bano,41
2024-09-07,SKU-011,Papel Higienico 12 rollos,43
2024-09-07,SKU-012,Detergente 1kg,27
2024-09-07,SKU-013,Galletas Surtidas,56
2024-09-07,SKU-014,Agua Mineral 600ml,224
2024-09-08,SKU-001,Aceite de Oliva 1L,12
2024-09-08,SKU-002,Arroz 5kg,46
2024-09-08,SKU-003,Leche Entera 1L,48
2024-09-08,SKU-004,Azucar 2kg,23
2024-09-08,SKU-005,Sal 1kg,18
2024-09-08,SKU-006,Frijoles Negros 1kg,44
2024-09-08,SKU-007,Pasta Espagueti 400g,56
2024-09-08,SKU-008,Cafe Molido 500g,20
2024-09-08,SKU-009,Atun en Lata 160g,57
2024-09-08,SKU-010,Jabon de Bano,35
2024-09-08,SKU-011,Papel Higienico 12 rollos,31
2024-09-08,SKU-012,Detergente 1kg,20
2024-09-08,SKU-013,Galletas Surtidas,36
2024-09-08,SKU-014,Agua Mineral 600ml,167
2024-09-09,SKU-001,Aceite de Oliva 1L,20
2024-09-09,SKU-002,Arroz 5kg,64
2024-09-09,SKU-003,Leche Entera 1L,124
2024-09-09,SKU-004,Azucar 2kg,40
2024-09-09,SKU-005,Sal 1kg,22
2024-09-09,SKU-006,Frijoles Negros 1kg,52
2024-09-09,SKU-007,Pasta Espagueti 400g,60
2024-09-09,SKU-008,Cafe Molido 500g,24
2024-09-09,SKU-009,Atun en Lata 160g,90
2024-09-09,SKU-010,Jabon de Bano,43
2024-09-09,SKU-011,Papel Higienico 12 rollos,32
2024-09-09,SKU-012,Detergente 1kg,22
2024-09-09,SKU-013,Galletas Surtidas,44
2024-09-09,SKU-014,Agua Mineral 600ml,164
2024-09-10,SKU-001,Aceite de Oliva 1L,23
2024-09-10,SKU-002,Arroz 5kg,58
2024-09-10,SKU-003,Leche Entera 1L,92
2024-09-10,SKU-004,Azucar 2kg,35
2024-09-10,SKU-005,Sal 1kg,25
2024-09-10,SKU-006,Frijoles Negros 1kg,49
2024-09-10,SKU-007,Pasta Espagueti 400g,52
2024-09-10,SKU-008,Cafe Molido 500g,21
2024-09-10,SKU-009,Atun en Lata 160g,83
2024-09-10,SKU-010,Jabon de Bano,30
2024-09-10,SKU-011,Papel Higienico 12 rollos,30
2024-09-10,SKU-012,Detergente 1kg,16
2024-09-10,SKU-013,Galletas Surtidas,42
2024-09-10,SKU-014,Agua Mineral 600ml,141
2024-09-11,SKU-001,Aceite de Oliva 1L,16
2024-09-11,SKU-002,Arroz 5kg,64
2024-09-11,SKU-003,Leche Entera 1L,102
2024-09-11,SKU-004,Azucar 2kg,38
2024-09-11,SKU-005,Sal 1kg,23
2024-09-11,SKU-006,Frijoles Negros 1kg,37
2024-09-11,SKU-007,Pasta Espagueti 400g,67
2024-09-11,SKU-008,Cafe Molido 500g,24
2024-09-11,SKU-009,Atun en Lata 160g,69
2024-09-11,SKU-010,Jabon de Bano,36
2024-09-11,SKU-011,Papel Higienico 12 rollos,30
2024-09-11,SKU-012,Detergente 1kg,18
2024-09-11,SKU-013,Galletas Surtidas,55
2024-09-11,SKU-014,Agua Mineral 600ml,147
2024-09-12,SKU-001,Aceite de Oliva 1L,22
2024-09-12,SKU-002,Arroz 5kg,57
2024-09-12,SKU-003,Leche Entera 1L,113
2024-09-12,SKU-004,Azucar 2kg,36
2024-09-12,SKU-005,Sal 1kg,20
2024-09-12,SKU-006,Frijoles Negros 1kg,51
2024-09-12,SKU-007,Pasta Espagueti 400g,64
2024-09-12,SKU-008,Cafe Molido 500g,25
2024-09-12,SKU-009,Atun en Lata 160g,93
2024-09-12,SKU-010,Jabon de Bano,45
2024-09-12,SKU-011,Papel Higienico 12 rollos,36
2024-09-12,SKU-012,Detergente 1kg,23
2024-09-12,SKU-013,Galletas Surtidas,57
2024-09-12,SKU-014,Agua Mineral 600ml,172
2024-09-13,SKU-001,Aceite de Oliva 1L,20
2024-09-13,SKU-002,Arroz 5kg,62
2024-09-13,SKU-003,Leche Entera 1L,86
2024-09-13,SKU-004,Azucar 2kg,31
2024-09-13,SKU-005,Sal 1kg,23
2024-09-13,SKU-006,Frijoles Negros 1kg,47
2024-09-13,SKU-007,Pasta Espagueti 400g,68
2024-09-13,SKU-008,Cafe Molido 500g,29
2024-09-13,SKU-009,Atun en Lata 160g,98
2024-09-13,SKU-010,Jabon de Bano,38
2024-09-13,SKU-011,Papel Higienico 12 rollos,32
2024-09-13,SKU-012,Detergente 1kg,27
2024-09-13,SKU-013,Galletas Surtidas,53
2024-09-13,SKU-014,Agua Mineral 600ml,161
2024-09-14,SKU-001,Aceite de Oliva 1L,15
2024-09-14,SKU-002,Arroz 5kg,72
2024-09-14,SKU-003,Leche Entera 1L,71
2024-09-14,SKU-004,Azucar 2kg,32
2024-09-14,SKU-005,Sal 1kg,25
2024-09-14,SKU-006,Frijoles Negros 1kg,55
2024-09-14,SKU-007,Pasta Espagueti 400g,81
2024-09-14,SKU-008,Cafe Molido 500g,31
2024-09-14,SKU-009,Atun en Lata 160g,83
2024-09-14,SKU-010,Jabon de Bano,41
2024-09-14,SKU-011,Papel Higienico 12 rollos,45
2024-09-14,SKU-012,Detergente 1kg,22
2024-09-14,SKU-013,Galletas Surtidas,64
2024-09-14,SKU-014,Agua Mineral 600ml,178
2024-09-15,SKU-001,Aceite de Oliva 1L,15
2024-09-15,SKU-002,Arroz 5kg,46
2024-09-15,SKU-003,Leche Entera 1L,84
2024-09-15,SKU-004,Azucar 2kg,23
2024-09-15,SKU-005,Sal 1kg,15
2024-09-15,SKU-006,Frijoles Negros 1kg,41
2024-09-15,SKU-007,Pasta Espagueti 400g,53
2024-09-15,SKU-008,Cafe Molido 500g,22
2024-09-15,SKU-009,Atun en Lata 160g,59
2024-09-15,SKU-010,Jabon de Bano,33
2024-09-15,SKU-011,Papel Higienico 12 rollos,24
2024-09-15,SKU-012,Detergente 1kg,20
2024-09-15,SKU-013,Galletas Surtidas,37
2024-09-15,SKU-014,Agua Mineral 600ml,170
2024-09-16,SKU-001,Aceite de Oliva 1L,22
2024-09-16,SKU-002,Arroz 5kg,66
2024-09-16,SKU-003,Leche Entera 1L,86
2024-09-16,SKU-004,Azucar 2kg,29
2024-09-16,SKU-005,Sal 1kg,25
2024-09-16,SKU-006,Frijoles Negros 1kg,50
2024-09-16,SKU-007,Pasta Espagueti 400g,78
2024-09-16,SKU-008,Cafe Molido 500g,27
2024-09-16,SKU-009,Atun en Lata 160g,80
2024-09-16,SKU-010,Jabon de Bano,46
2024-09-16,SKU-011,Papel Higienico 12 rollos,30
2024-09-16,SKU-012,Detergente 1kg,20
2024-09-16,SKU-013,Galletas Surtidas,43
2024-09-16,SKU-014,Agua Mineral 600ml,149
2024-09-17,SKU-001,Aceite de Oliva 1L,21
2024-09-17,SKU-002,Arroz 5kg,53
2024-09-17,SKU-003,Leche Entera 1L,106
2024-09-17,SKU-004,Azucar 2kg,28
2024-09-17,SKU-005,Sal 1kg,22
2024-09-17,SKU-006,Frijoles Negros 1kg,42
2024-09-17,SKU-007,Pasta Espagueti 400g,64
2024-09-17,SKU-008,Cafe Molido 500g,20
2024-09-17,SKU-009,Atun en Lata 160g,77
2024-09-17,SKU-010,Jabon de Bano,37
2024-09-17,SKU-011,Papel Higienico 12 rollos,27
2024-09-17,SKU-012,Detergente 1kg,20
2024-09-17,SKU-013,Galletas Surtidas,49
2024-09-17,SKU-014,Agua Mineral 600ml,165
2024-09-18,SKU-001,Aceite de Oliva 1L,16
2024-09-18,SKU-002,Arroz 5kg,57
2024-09-18,SKU-003,Leche Entera 1L,76
2024-09-18,SKU-004,Azucar 2kg,32
2024-09-18,SKU-005,Sal 1kg,24
2024-09-18,SKU-006,Frijoles Negros 1kg,41
2024-09-18,SKU-007,Pasta Espagueti 400g,72
2024-09-18,SKU-008,Cafe Molido 500g,25
2024-09-18,SKU-009,Atun en Lata 160g,79
2024-09-18,SKU-010,Jabon de Bano,38
2024-09-18,SKU-011,Papel Higienico 12 rollos,29
2024-09-18,SKU-012,Detergente 1kg,17
2024-09-18,SKU-013,Galletas Surtidas,49
2024-09-18,SKU-014,Agua Mineral 600ml,161
2024-09-19,SKU-001,Aceite de Oliva 1L,20
2024-09-19,SKU-002,Arroz 5kg,65
2024-09-19,SKU-003,Leche Entera 1L,111
2024-09-19,SKU-004,Azucar 2kg,33
2024-09-19,SKU-005,Sal 1kg,23
2024-09-19,SKU-006,Frijoles Negros 1kg,47
2024-09-19,SKU-007,Pasta Espagueti 400g,61
2024-09-19,SKU-008,Cafe Molido 500g,22
2024-09-19,SKU-009,Atun en Lata 160g,91
2024-09-19,SKU-010,Jabon de Bano,44
2024-09-19,SKU-011,Papel Higienico 12 rollos,27
2024-09-19,SKU-012,Detergente 1kg,23
2024-09-19,SKU-013,Galletas Surtidas,46
2024-09-19,SKU-014,Agua Mineral 600ml,198
2024-09-20,SKU-001,Aceite de Oliva 1L,21
2024-09-20,SKU-002,Arroz 5kg,71
2024-09-20,SKU-003,Leche Entera 1L,108
2024-09-20,SKU-004,Azucar 2kg,40
2024-09-20,SKU-005,Sal 1kg,25
2024-09-20,SKU-006,Frijoles Negros 1kg,47
2024-09-20,SKU-007,Pasta Espagueti 400g,82
2024-09-20,SKU-008,Cafe Molido 500g,33
2024-09-20,SKU-009,Atun en Lata 160g,99
2024-09-20,SKU-010,Jabon de Bano,46
2024-09-20,SKU-011,Papel Higienico 12 rollos,33
2024-09-20,SKU-012,Detergente 1kg,21
2024-09-20,SKU-013,Galletas Surtidas,48
2024-09-20,SKU-014,Agua Mineral 600ml,187
2024-09-21,SKU-001,Aceite de Oliva 1L,22
2024-09-21,SKU-002,Arroz 5kg,50
2024-09-21,SKU-003,Leche Entera 1L,107
2024-09-21,SKU-004,Azucar 2kg,35
2024-09-21,SKU-005,Sal 1kg,23
2024-09-21,SKU-006,Frijoles Negros 1kg,53
2024-09-21,SKU-007,Pasta Espagueti 400g,76
2024-09-21,SKU-008,Cafe Molido 500g,35
2024-09-21,SKU-009,Atun en Lata 160g,86
2024-09-21,SKU-010,Jabon de Bano,57
2024-09-21,SKU-011,Papel Higienico 12 rollos,43
2024-09-21,SKU-012,Detergente 1kg,23
2024-09-21,SKU-013,Galletas Surtidas,54
2024-09-21,SKU-014,Agua Mineral 600ml,231
2024-09-22,SKU-001,Aceite de Oliva 1L,12
2024-09-22,SKU-002,Arroz 5kg,41
2024-09-22,SKU-003,Leche Entera 1L,69
2024-09-22,SKU-004,Azucar 2kg,26
2024-09-22,SKU-005,Sal 1kg,14
2024-09-22,SKU-006,Frijoles Negros 1kg,44
2024-09-22,SKU-007,Pasta Espagueti 400g,50
2024-09-22,SKU-008,Cafe Molido 500g,24
2024-09-22,SKU-009,Atun en Lata 160g,70
2024-09-22,SKU-010,Jabon de Bano,39
2024-09-22,SKU-011,Papel Higienico 12 rollos,25
2024-09-22,SKU-012,Detergente 1kg,16
2024-09-22,SKU-013,Galletas Surtidas,40
2024-09-22,SKU-014,Agua Mineral 600ml,164
2024-09-23,SKU-001,Aceite de Oliva 1L,20
2024-09-23,SKU-002,Arroz 5kg,57
2024-09-23,SKU-003,Leche Entera 1L,74
2024-09-23,SKU-004,Azucar 2kg,36
2024-09-23,SKU-005,Sal 1kg,22
2024-09-23,SKU-006,Frijoles Negros 1kg,45
2024-09-23,SKU-007,Pasta Espagueti 400g,75
2024-09-23,SKU-008,Cafe Molido 500g,21
2024-09-23,SKU-009,Atun en Lata 160g,73
2024-09-23,SKU-010,Jabon de Bano,35
2024-09-23,SKU-011,Papel Higienico 12 rollos,30
2024-09-23,SKU-012,Detergente 1kg,19
2024-09-23,SKU-013,Galletas Surtidas,57
2024-09-23,SKU-014,Agua Mineral 600ml,169
2024-09-24,SKU-001,Aceite de Oliva 1L,17
2024-09-24,SKU-002,Arroz 5kg,56
2024-09-24,SKU-003,Leche Entera 1L,96
2024-09-24,SKU-004,Azucar 2kg,34
2024-09-24,SKU-005,Sal 1kg,21
2024-09-24,SKU-006,Frijoles Negros 1kg,45
2024-09-24,SKU-007,Pasta Espagueti 400g,52
2024-09-24,SKU-008,Cafe Molido 500g,26
2024-09-24,SKU-009,Atun en Lata 160g,63
2024-09-24,SKU-010,Jabon de Bano,40
2024-09-24,SKU-011,Papel Higienico 12 rollos,32
2024-09-24,SKU-012,Detergente 1kg,21
2024-09-24,SKU-013,Galletas Surtidas,49
2024-09-24,SKU-014,Agua Mineral 600ml,173
2024-09-25,SKU-001,Aceite de Oliva 1L,17
2024-09-25,SKU-002,Arroz 5kg,59
2024-09-25,SKU-003,Leche Entera 1L,98
2024-09-25,SKU-004,Azucar 2kg,30
2024-09-25,SKU-005,Sal 1kg,24
2024-09-25,SKU-006,Frijoles Negros 1kg,47
2024-09-25,SKU-007,Pasta Espagueti 400g,71
2024-09-25,SKU-008,Cafe Molido 500g,25
2024-09-25,SKU-009,Atun en Lata 160g,72
2024-09-25,SKU-010,Jabon de Bano,35
2024-09-25,SKU-011,Papel Higienico 12 rollos,36
2024-09-25,SKU-012,Detergente 1kg,19
2024-09-25,SKU-013,Galletas Surtidas,53
2024-09-25,SKU-014,Agua Mineral 600ml,159
2024-09-26,SKU-001,Aceite de Oliva 1L,17
2024-09-26,SKU-002,Arroz 5kg,77
2024-09-26,SKU-003,Leche Entera 1L,74
2024-09-26,SKU-004,Azucar 2kg,31
2024-09-26,SKU-005,Sal 1kg,23
2024-09-26,SKU-006,Frijoles Negros 1kg,43
2024-09-26,SKU-007,Pasta Espagueti 400g,59
2024-09-26,SKU-008,Cafe Molido 500g,24
2024-09-26,SKU-009,Atun en Lata 160g,95
2024-09-26,SKU-010,Jabon de Bano,42
2024-09-26,SKU-011,Papel Higienico 12 rollos,37
2024-09-26,SKU-012,Detergente 1kg,19
2024-09-26,SKU-013,Galletas Surtidas,49
2024-09-26,SKU-014,Agua Mineral 600ml,174
2024-09-27,SKU-001,Aceite de Oliva 1L,16
2024-09-27,SKU-002,Arroz 5kg,66
2024-09-27,SKU-003,Leche Entera 1L,124
2024-09-27,SKU-004,Azucar 2kg,32
2024-09-27,SKU-005,Sal 1kg,23
2024-09-27,SKU-006,Frijoles Negros 1kg,59
2024-09-27,SKU-007,Pasta Espagueti 400g,80
2024-09-27,SKU-008,Cafe Molido 500g,28
2024-09-27,SKU-009,Atun en Lata 160g,106
2024-09-27,SKU-010,Jabon de Bano,39
2024-09-27,SKU-011,Papel Higienico 12 rollos,35
2024-09-27,SKU-012,Detergente 1kg,22
2024-09-27,SKU-013,Galletas Surtidas,52
2024-09-27,SKU-014,Agua Mineral 600ml,198
2024-09-28,SKU-001,Aceite de Oliva 1L,17
2024-09-28,SKU-002,Arroz 5kg,61
2024-09-28,SKU-003,Leche Entera 1L,117
2024-09-28,SKU-004,Azucar 2kg,38
2024-09-28,SKU-005,Sal 1kg,21
2024-09-28,SKU-006,Frijoles Negros 1kg,51
2024-09-28,SKU-007,Pasta Espagueti 400g,69
2024-09-28,SKU-008,Cafe Molido 500g,26
2024-09-28,SKU-009,Atun en Lata 160g,92
2024-09-28,SKU-010,Jabon de Bano,54
2024-09-28,SKU-011,Papel Higienico 12 rollos,42
2024-09-28,SKU-012,Detergente 1kg,24
2024-09-28,SKU-013,Galletas Surtidas,64
2024-09-28,SKU-014,Agua Mineral 600ml,207
2024-09-29,SKU-001,Aceite de Oliva 1L,16
2024-09-29,SKU-002,Arroz 5kg,47
2024-09-29,SKU-003,Leche Entera 1L,70
2024-09-29,SKU-004,Azucar 2kg,22
2024-09-29,SKU-005,Sal 1kg,16
2024-09-29,SKU-006,Frijoles Negros 1kg,42
2024-09-29,SKU-007,Pasta Espagueti 400g,68
2024-09-29,SKU-008,Cafe Molido 500g,25
2024-09-29,SKU-009,Atun en Lata 160g,58
2024-09-29,SKU-010,Jabon de Bano,38
2024-09-29,SKU-011,Papel Higienico 12 rollos,28
2024-09-29,SKU-012,Detergente 1kg,20
2024-09-29,SKU-013,Galletas Surtidas,37
2024-09-29,SKU-014,Agua Mineral 600ml,163
2024-09-30,SKU-001,Aceite de Oliva 1L,17
2024-09-30,SKU-002,Arroz 5kg,63
2024-09-30,SKU-003,Leche Entera 1L,85
2024-09-30,SKU-004,Azucar 2kg,25
2024-09-30,SKU-005,Sal 1kg,24
2024-09-30,SKU-006,Frijoles Negros 1kg,47
2024-09-30,SKU-007,Pasta Espagueti 400g,78
2024-09-30,SKU-008,Cafe Molido 500g,21
2024-09-30,SKU-009,Atun en Lata 160g,82
2024-09-30,SKU-010,Jabon de Bano,40
2024-09-30,SKU-011,Papel Higienico 12 rollos,33
2024-09-30,SKU-012,Detergente 1kg,18
2024-09-30,SKU-013,Galletas Surtidas,55
2024-09-30,SKU-014,Agua Mineral 600ml,151
2024-10-01,SKU-001,Aceite de Oliva 1L,19
2024-10-01,SKU-002,Arroz 5kg,67
2024-10-01,SKU-003,Leche Entera 1L,88
2024-10-01,SKU-004,Azucar 2kg,35
2024-10-01,SKU-005,Sal 1kg,25
2024-10-01,SKU-006,Frijoles Negros 1kg,39
2024-10-01,SKU-007,Pasta Espagueti 400g,63
2024-10-01,SKU-008,Cafe Molido 500g,27
2024-10-01,SKU-009,Atun en Lata 160g,74
2024-10-01,SKU-010,Jabon de Bano,37
2024-10-01,SKU-011,Papel Higienico 12 rollos,34
2024-10-01,SKU-012,Detergente 1kg,17
2024-10-01,SKU-013,Galletas Surtidas,48
2024-10-01,SKU-014,Agua Mineral 600ml,183
2024-10-02,SKU-001,Aceite de Oliva 1L,20
2024-10-02,SKU-002,Arroz 5kg,62
2024-10-02,SKU-003,Leche Entera 1L,149
2024-10-02,SKU-004,Azucar 2kg,33
2024-10-02,SKU-005,Sal 1kg,23
2024-10-02,SKU-006,Frijoles Negros 1kg,43
2024-10-02,SKU-007,Pasta Espagueti 400g,69
2024-10-02,SKU-008,Cafe Molido 500g,20
2024-10-02,SKU-009,Atun en Lata 160g,82
2024-10-02,SKU-010,Jabon de Bano,43
2024-10-02,SKU-011,Papel Higienico 12 rollos,28
2024-10-02,SKU-012,Detergente 1kg,21
2024-10-02,SKU-013,Galletas Surtidas,49
2024-10-02,SKU-014,Agua Mineral 600ml,189
2024-10-03,SKU-001,Aceite de Oliva 1L,24
2024-10-03,SKU-002,Arroz 5kg,56
2024-10-03,SKU-003,Leche Entera 1L,72
2024-10-03,SKU-004,Azucar 2kg,28
2024-10-03,SKU-005,Sal 1kg,24
2024-10-03,SKU-006,Frijoles Negros 1kg,45
2024-10-03,SKU-007,Pasta Espagueti 400g,67
2024-10-03,SKU-008,Cafe Molido 500g,30
2024-10-03,SKU-009,Atun en Lata 160g,94
2024-10-03,SKU-010,Jabon de Bano,43
2024-10-03,SKU-011,Papel Higienico 12 rollos,36
2024-10-03,SKU-012,Detergente 1kg,20
2024-10-03,SKU-013,Galletas Surtidas,50
2024-10-03,SKU-014,Agua Mineral 600ml,146
2024-10-04,SKU-001,Aceite de Oliva 1L,21
2024-10-04,SKU-002,Arroz 5kg,65
2024-10-04,SKU-003,Leche Entera 1L,66
2024-10-04,SKU-004,Azucar 2kg,38
2024-10-04,SKU-005,Sal 1kg,25
2024-10-04,SKU-006,Frijoles Negros 1kg,53
2024-10-04,SKU-007,Pasta Espagueti 400g,88
2024-10-04,SKU-008,Cafe Molido 500g,27
2024-10-04,SKU-009,Atun en Lata 160g,95
2024-10-04,SKU-010,Jabon de Bano,41
2024-10-04,SKU-011,Papel Higienico 12 rollos,41
2024-10-04,SKU-012,Detergente 1kg,24
2024-10-04,SKU-013,Galletas Surtidas,57
2024-10-04,SKU-014,Agua Mineral 600ml,178
2024-10-05,SKU-001,Aceite de Oliva 1L,19
2024-10-05,SKU-002,Arroz 5kg,61
2024-10-05,SKU-003,Leche Entera 1L,103
2024-10-05,SKU-004,Azucar 2kg,36
2024-10-05,SKU-005,Sal 1kg,24
2024-10-05,SKU-006,Frijoles Negros 1kg,51
2024-10-05,SKU-007,Pasta Espagueti 400g,73
2024-10-05,SKU-008,Cafe Molido 500g,35
2024-10-05,SKU-009,Atun en Lata 160g,80
2024-10-05,SKU-010,Jabon de Bano,44
2024-10-05,SKU-011,Papel Higienico 12 rollos,37
2024-10-05,SKU-012,Detergente 1kg,29
2024-10-05,SKU-013,Galletas Surtidas,65
2024-10-05,SKU-014,Agua Mineral 600ml,208
2024-10-06,SKU-001,Aceite de Oliva 1L,11
2024-10-06,SKU-002,Arroz 5kg,42
2024-10-06,SKU-003,Leche Entera 1L,48
2024-10-06,SKU-004,Azucar 2kg,26
2024-10-06,SKU-005,Sal 1kg,17
2024-10-06,SKU-006,Frijoles Negros 1kg,43
2024-10-06,SKU-007,Pasta Espagueti 400g,59
2024-10-06,SKU-008,Cafe Molido 500g,22
2024-10-06,SKU-009,Atun en Lata 160g,57
2024-10-06,SKU-010,Jabon de Bano,29
2024-10-06,SKU-011,Papel Higienico 12 rollos,24
2024-10-06,SKU-012,Detergente 1kg,16
2024-10-06,SKU-013,Galletas Surtidas,48
2024-10-06,SKU-014,Agua Mineral 600ml,132
2024-10-07,SKU-001,Aceite de Oliva 1L,19
2024-10-07,SKU-002,Arroz 5kg,63
2024-10-07,SKU-003,Leche Entera 1L,63
2024-10-07,SKU-004,Azucar 2kg,38
2024-10-07,SKU-005,Sal 1kg,22
2024-10-07,SKU-006,Frijoles Negros 1kg,44
2024-10-07,SKU-007,Pasta Espagueti 400g,62
2024-10-07,SKU-008,Cafe Molido 500g,26
2024-10-07,SKU-009,Atun en Lata 160g,89
2024-10-07,SKU-010,Jabon de Bano,43
2024-10-07,SKU-011,Papel Higienico 12 rollos,30
2024-10-07,SKU-012,Detergente 1kg,19
2024-10-07,SKU-013,Galletas Surtidas,53
2024-10-07,SKU-014,Agua Mineral 600ml,196
2024-10-08,SKU-001,Aceite de Oliva 1L,19
2024-10-08,SKU-002,Arroz 5kg,68
2024-10-08,SKU-003,Leche Entera 1L,78
2024-10-08,SKU-004,Azucar 2kg,39
2024-10-08,SKU-005,Sal 1kg,23
2024-10-08,SKU-006,Frijoles Negros 1kg,38
2024-10-08,SKU-007,Pasta Espagueti 400g,66
2024-10-08,SKU-008,Cafe Molido 500g,20
2024-10-08,SKU-009,Atun en Lata 160g,67
2024-10-08,SKU-010,Jabon de Bano,42
2024-10-08,SKU-011,Papel Higienico 12 rollos,26
2024-10-08,SKU-012,Detergente 1kg,18
2024-10-08,SKU-013,Galletas Surtidas,47
2024-10-08,SKU-014,Agua Mineral 600ml,131
2024-10-09,SKU-001,Aceite de Oliva 1L,19
2024-10-09,SKU-002,Arroz 5kg,64
2024-10-09,SKU-003,Leche Entera 1L,69
2024-10-09,SKU-004,Azucar 2kg,37
2024-10-09,SKU-005,Sal 1kg,23
2024-10-09,SKU-006,Frijoles Negros 1kg,39
2024-10-09,SKU-007,Pasta Espagueti 400g,77
2024-10-09,SKU-008,Cafe Molido 500g,26
2024-10-09,SKU-009,Atun en Lata 160g,69
2024-10-09,SKU-010,Jabon de Bano,40
2024-10-09,SKU-011,Papel Higienico 12 rollos,27
2024-10-09,SKU-012,Detergente 1kg,21
2024-10-09,SKU-013,Galletas Surtidas,46
2024-10-09,SKU-014,Agua Mineral 600ml,160
2024-10-10,SKU-001,Aceite de Oliva 1L,22
2024-10-10,SKU-002,Arroz 5kg,60
2024-10-10,SKU-003,Leche Entera 1L,85
2024-10-10,SKU-004,Azucar 2kg,36
2024-10-10,SKU-005,Sal 1kg,23
2024-10-10,SKU-006,Frijoles Negros 1kg,48
2024-10-10,SKU-007,Pasta Espagueti 400g,69
2024-10-10,SKU-008,Cafe Molido 500g,29
2024-10-10,SKU-009,Atun en Lata 160g,93
2024-10-10,SKU-010,Jabon de Bano,34
2024-10-10,SKU-011,Papel Higienico 12 rollos,35
2024-10-10,SKU-012,Detergente 1kg,20
2024-10-10,SKU-013,Galletas Surtidas,53
2024-10-10,SKU-014,Agua Mineral 600ml,159
2024-10-11,SKU-001,Aceite de Oliva 1L,16
2024-10-11,SKU-002,Arroz 5kg,60
2024-10-11,SKU-003,Leche Entera 1L,115
2024-10-11,SKU-004,Azucar 2kg,34
2024-10-11,SKU-005,Sal 1kg,21
2024-10-11,SKU-006,Frijoles Negros 1kg,47
2024-10-11,SKU-007,Pasta Espagueti 400g,88
2024-10-11,SKU-008,Cafe Molido 500g,26
2024-10-11,SKU-009,Atun en Lata 160g,104
2024-10-11,SKU-010,Jabon de Bano,39
2024-10-11,SKU-011,Papel Higienico 12 rollos,37
2024-10-11,SKU-012,Detergente 1kg,26
2024-10-11,SKU-013,Galletas Surtidas,53
2024-10-11,SKU-014,Agua Mineral 600ml,196
2024-10-12,SKU-001,Aceite de Oliva 1L,21
2024-10-12,SKU-002,Arroz 5kg,50
2024-10-12,SKU-003,Leche Entera 1L,53
2024-10-12,SKU-004,Azucar 2kg,35
2024-10-12,SKU-005,Sal 1kg,23
2024-10-12,SKU-006,Frijoles Negros 1kg,57
2024-10-12,SKU-007,Pasta Espagueti 400g,96
2024-10-12,SKU-008,Cafe Molido 500g,31
2024-10-12,SKU-009,Atun en Lata 160g,105
2024-10-12,SKU-010,Jabon de Bano,47
2024-10-12,SKU-011,Papel Higienico 12 rollos,44
2024-10-12,SKU-012,Detergente 1kg,24
2024-10-12,SKU-013,Galletas Surtidas,71
2024-10-12,SKU-014,Agua Mineral 600ml,232
2024-10-13,SKU-001,Aceite de Oliva 1L,14
2024-10-13,SKU-002,Arroz 5kg,39
2024-10-13,SKU-003,Leche Entera 1L,63
2024-10-13,SKU-004,Azucar 2kg,20
2024-10-13,SKU-005,Sal 1kg,16
2024-10-13,SKU-006,Frijoles Negros 1kg,46
2024-10-13,SKU-007,Pasta Espagueti 400g,57
2024-10-13,SKU-008,Cafe Molido 500g,23
2024-10-13,SKU-009,Atun en Lata 160g,64
2024-10-13,SKU-010,Jabon de Bano,34
2024-10-13,SKU-011,Papel Higienico 12 rollos,28
2024-10-13,SKU-012,Detergente 1kg,21
2024-10-13,SKU-013,Galletas Surtidas,44
2024-10-13,SKU-014,Agua Mineral 600ml,129
2024-10-14,SKU-001,Aceite de Oliva 1L,15
2024-10-14,SKU-002,Arroz 5kg,61
2024-10-14,SKU-003,Leche Entera 1L,97
2024-10-14,SKU-004,Azucar 2kg,27
2024-10-14,SKU-005,Sal 1kg,22
2024-10-14,SKU-006,Frijoles Negros 1kg,42
2024-10-14,SKU-007,Pasta Espagueti 400g,73
2024-10-14,SKU-008,Cafe Molido 500g,29
2024-10-14,SKU-009,Atun en Lata 160g,85
2024-10-14,SKU-010,Jabon de Bano,37
2024-10-14,SKU-011,Papel Higienico 12 rollos,31
2024-10-14,SKU-012,Detergente 1kg,24
2024-10-14,SKU-013,Galletas Surtidas,45
2024-10-14,SKU-014,Agua Mineral 600ml,167
2024-10-15,SKU-001,Aceite de Oliva 1L,22
2024-10-15,SKU-002,Arroz 5kg,71
2024-10-15,SKU-003,Leche Entera 1L,65
2024-10-15,SKU-004,Azucar 2kg,36
2024-10-15,SKU-005,Sal 1kg,21
2024-10-15,SKU-006,Frijoles Negros 1kg,45
2024-10-15,SKU-007,Pasta Espagueti 400g,59
2024-10-15,SKU-008,Cafe Molido 500g,22
2024-10-15,SKU-009,Atun en Lata 160g,76
2024-10-15,SKU-010,Jabon de Bano,36
2024-10-15,SKU-011,Papel Higienico 12 rollos,32
2024-10-15,SKU-012,Detergente 1kg,22
2024-10-15,SKU-013,Galletas Surtidas,57
2024-10-15,SKU-014,Agua Mineral 600ml,167
2024-10-16,SKU-001,Aceite de Oliva 1L,15
2024-10-16,SKU-002,Arroz 5kg,72
2024-10-16,SKU-003,Leche Entera 1L,105
2024-10-16,SKU-004,Azucar 2kg,31
2024-10-16,SKU-005,Sal 1kg,24
2024-10-16,SKU-006,Frijoles Negros 1kg,46
2024-10-16,SKU-007,Pasta Espagueti 400g,74
2024-10-16,SKU-008,Cafe Molido 500g,22
2024-10-16,SKU-009,Atun en Lata 160g,86
2024-10-16,SKU-010,Jabon de Bano,41
2024-10-16,SKU-011,Papel Higienico 12 rollos,34
2024-10-16,SKU-012,Detergente 1kg,17
2024-10-16,SKU-013,Galletas Surtidas,55
2024-10-16,SKU-014,Agua Mineral 600ml,194
2024-10-17,SKU-001,Aceite de Oliva 1L,21
2024-10-17,SKU-002,Arroz 5kg,63
2024-10-17,SKU-003,Leche Entera 1L,135
2024-10-17,SKU-004,Azucar 2kg,37
2024-10-17,SKU-005,Sal 1kg,18
2024-10-17,SKU-006,Frijoles Negros 1kg,49
2024-10-17,SKU-007,Pasta Espagueti 400g,81
2024-10-17,SKU-008,Cafe Molido 500g,21
2024-10-17,SKU-009,Atun en Lata 160g,88
2024-10-17,SKU-010,Jabon de Bano,46
2024-10-17,SKU-011,Papel Higienico 12 rollos,31
2024-10-17,SKU-012,Detergente 1kg,21
2024-10-17,SKU-013,Galletas Surtidas,46
2024-10-17,SKU-014,Agua Mineral 600ml,168
2024-10-18,SKU-001,Aceite de Oliva 1L,19
2024-10-18,SKU-002,Arroz 5kg,58
2024-10-18,SKU-003,Leche Entera 1L,89
2024-10-18,SKU-004,Azucar 2kg,35
2024-10-18,SKU-005,Sal 1kg,22
2024-10-18,SKU-006,Frijoles Negros 1kg,48
2024-10-18,SKU-007,Pasta Espagueti 400g,82
2024-10-18,SKU-008,Cafe Molido 500g,30
2024-10-18,SKU-009,Atun en Lata 160g,76
2024-10-18,SKU-010,Jabon de Bano,46
2024-10-18,SKU-011,Papel Higienico 12 rollos,30
2024-10-18,SKU-012,Detergente 1kg,26
2024-10-18,SKU-013,Galletas Surtidas,56
2024-10-18,SKU-014,Agua Mineral 600ml,199
2024-10-19,SKU-001,Aceite de Oliva 1L,16
2024-10-19,SKU-002,Arroz 5kg,71
2024-10-19,SKU-003,Leche Entera 1L,105
2024-10-19,SKU-004,Azucar 2kg,32
2024-10-19,SKU-005,Sal 1kg,25
2024-10-19,SKU-006,Frijoles Negros 1kg,65
2024-10-19,SKU-007,Pasta Espagueti 400g,93
2024-10-19,SKU-008,Cafe Molido 500g,26
2024-10-19,SKU-009,Atun en Lata 160g,101
2024-10-19,SKU-010,Jabon de Bano,45
2024-10-19,SKU-011,Papel Higienico 12 rollos,46
2024-10-19,SKU-012,Detergente 1kg,28
2024-10-19,SKU-013,Galletas Surtidas,71
2024-10-19,SKU-014,Agua Mineral 600ml,225
2024-10-20,SKU-001,Aceite de Oliva 1L,15
2024-10-20,SKU-002,Arroz 5kg,49
2024-10-20,SKU-003,Leche Entera 1L,52
2024-10-20,SKU-004,Azucar 2kg,27
2024-10-20,SKU-005,Sal 1kg,16
2024-10-20,SKU-006,Frijoles Negros 1kg,35
2024-10-20,SKU-007,Pasta Espagueti 400g,57
2024-10-20,SKU-008,Cafe Molido 500g,19
2024-10-20,SKU-009,Atun en Lata 160g,73
2024-10-20,SKU-010,Jabon de Bano,33
2024-10-20,SKU-011,Papel Higienico 12 rollos,25
2024-10-20,SKU-012,Detergente 1kg,21
2024-10-20,SKU-013,Galletas Surtidas,41
2024-10-20,SKU-014,Agua Mineral 600ml,137
2024-10-21,SKU-001,Aceite de Oliva 1L,23
2024-10-21,SKU-002,Arroz 5kg,61
2024-10-21,SKU-003,Leche Entera 1L,51
2024-10-21,SKU-004,Azucar 2kg,35
2024-10-21,SKU-005,Sal 1kg,20
2024-10-21,SKU-006,Frijoles Negros 1kg,43
2024-10-21,SKU-007,Pasta Espagueti 400g,67
2024-10-21,SKU-008,Cafe Molido 500g,30
2024-10-21,SKU-009,Atun en Lata 160g,84
2024-10-21,SKU-010,Jabon de Bano,48
2024-10-21,SKU-011,Papel Higienico 12 rollos,29
2024-10-21,SKU-012,Detergente 1kg,23
2024-10-21,SKU-013,Galletas Surtidas,43
2024-10-21,SKU-014,Agua Mineral 600ml,191
2024-10-22,SKU-001,Aceite de Oliva 1L,19
2024-10-22,SKU-002,Arroz 5kg,62
2024-10-22,SKU-003,Leche Entera 1L,87
2024-10-22,SKU-004,Azucar 2kg,29
2024-10-22,SKU-005,Sal 1kg,21
2024-10-22,SKU-006,Frijoles Negros 1kg,47
2024-10-22,SKU-007,Pasta Espagueti 400g,66
2024-10-22,SKU-008,Cafe Molido 500g,27
2024-10-22,SKU-009,Atun en Lata 160g,88
2024-10-22,SKU-010,Jabon de Bano,40
2024-10-22,SKU-011,Papel Higienico 12 rollos,27
2024-10-22,SKU-012,Detergente 1kg,21
2024-10-22,SKU-013,Galletas Surtidas,48
2024-10-22,SKU-014,Agua Mineral 600ml,153
2024-10-23,SKU-001,Aceite de Oliva 1L,17
2024-10-23,SKU-002,Arroz 5kg,61
2024-10-23,SKU-003,Leche Entera 1L,119
2024-10-23,SKU-004,Azucar 2kg,38
2024-10-23,SKU-005,Sal 1kg,23
2024-10-23,SKU-006,Frijoles Negros 1kg,40
2024-10-23,SKU-007,Pasta Espagueti 400g,75
2024-10-23,SKU-008,Cafe Molido 500g,24
2024-10-23,SKU-009,Atun en Lata 160g,76
2024-10-23,SKU-010,Jabon de Bano,39
2024-10-23,SKU-011,Papel Higienico 12 rollos,26
2024-10-23,SKU-012,Detergente 1kg,16
2024-10-23,SKU-013,Galletas Surtidas,41
2024-10-23,SKU-014,Agua Mineral 600ml,173
2024-10-24,SKU-001,Aceite de Oliva 1L,24
2024-10-24,SKU-002,Arroz 5kg,55
2024-10-24,SKU-003,Leche Entera 1L,108
2024-10-24,SKU-004,Azucar 2kg,35
2024-10-24,SKU-005,Sal 1kg,24
2024-10-24,SKU-006,Frijoles Negros 1kg,38
2024-10-24,SKU-007,Pasta Espagueti 400g,78
2024-10-24,SKU-008,Cafe Molido 500g,21
2024-10-24,SKU-009,Atun en Lata 160g,76
2024-10-24,SKU-010,Jabon de Bano,47
2024-10-24,SKU-011,Papel Higienico 12 rollos,34
2024-10-24,SKU-012,Detergente 1kg,24
2024-10-24,SKU-013,Galletas Surtidas,53
2024-10-24,SKU-014,Agua Mineral 600ml,158
2024-10-25,SKU-001,Aceite de Oliva 1L,22
2024-10-25,SKU-002,Arroz 5kg,59
2024-10-25,SKU-003,Leche Entera 1L,110
2024-10-25,SKU-004,Azucar 2kg,36
2024-10-25,SKU-005,Sal 1kg,28
2024-10-25,SKU-006,Frijoles Negros 1kg,52
2024-10-25,SKU-007,Pasta Espagueti 400g,84
2024-10-25,SKU-008,Cafe Molido 500g,34
2024-10-25,SKU-009,Atun en Lata 160g,79
2024-10-25,SKU-010,Jabon de Bano,53
2024-10-25,SKU-011,Papel Higienico 12 rollos,33
2024-10-25,SKU-012,Detergente 1kg,27
2024-10-25,SKU-013,Galletas Surtidas,61
2024-10-25,SKU-014,Agua Mineral 600ml,205
2024-10-26,SKU-001,Aceite de Oliva 1L,19
2024-10-26,SKU-002,Arroz 5kg,72
2024-10-26,SKU-003,Leche Entera 1L,108
2024-10-26,SKU-004,Azucar 2kg,31
2024-10-26,SKU-005,Sal 1kg,26
2024-10-26,SKU-006,Frijoles Negros 1kg,62
2024-10-26,SKU-007,Pasta Espagueti 400g,91
2024-10-26,SKU-008,Cafe Molido 500g,34
2024-10-26,SKU-009,Atun en Lata 160g,96
2024-10-26,SKU-010,Jabon de Bano,43
2024-10-26,SKU-011,Papel Higienico 12 rollos,36
2024-10-26,SKU-012,Detergente 1kg,22
2024-10-26,SKU-013,Galletas Surtidas,59
2024-10-26,SKU-014,Agua Mineral 600ml,200
2024-10-27,SKU-001,Aceite de Oliva 1L,12
2024-10-27,SKU-002,Arroz 5kg,35
2024-10-27,SKU-003,Leche Entera 1L,79
2024-10-27,SKU-004,Azucar 2kg,28
2024-10-27,SKU-005,Sal 1kg,17
2024-10-27,SKU-006,Frijoles Negros 1kg,45
2024-10-27,SKU-007,Pasta Espagueti 400g,58
2024-10-27,SKU-008,Cafe Molido 500g,25
2024-10-27,SKU-009,Atun en Lata 160g,81
2024-10-27,SKU-010,Jabon de Bano,31
2024-10-27,SKU-011,Papel Higienico 12 rollos,30
2024-10-27,SKU-012,Detergente 1kg,19
2024-10-27,SKU-013,Galletas Surtidas,51
2024-10-27,SKU-014,Agua Mineral 600ml,162
2024-10-28,SKU-001,Aceite de Oliva 1L,19
2024-10-28,SKU-002,Arroz 5kg,74
2024-10-28,SKU-003,Leche Entera 1L,110
2024-10-28,SKU-004,Azucar 2kg,33
2024-10-28,SKU-005,Sal 1kg,25
2024-10-28,SKU-006,Frijoles Negros 1kg,43
2024-10-28,SKU-007,Pasta Espagueti 400g,70
2024-10-28,SKU-008,Cafe Molido 500g,28
2024-10-28,SKU-009,Atun en Lata 160g,75
2024-10-28,SKU-010,Jabon de Bano,44
2024-10-28,SKU-011,Papel Higienico 12 rollos,29
2024-10-28,SKU-012,Detergente 1kg,23
2024-10-28,SKU-013,Galletas Surtidas,57
2024-10-28,SKU-014,Agua Mineral 600ml,151
2024-10-29,SKU-001,Aceite de Oliva 1L,16
2024-10-29,SKU-002,Arroz 5kg,61
2024-10-29,SKU-003,Leche Entera 1L,76
2024-10-29,SKU-004,Azucar 2kg,27
2024-10-29,SKU-005,Sal 1kg,22
2024-10-29,SKU-006,Frijoles Negros 1kg,49
2024-10-29,SKU-007,Pasta Espagueti 400g,69
2024-10-29,SKU-008,Cafe Molido 500g,24
2024-10-29,SKU-009,Atun en Lata 160g,72
2024-10-29,SKU-010,Jabon de Bano,43
2024-10-29,SKU-011,Papel Higienico 12 rollos,35
2024-10-29,SKU-012,Detergente 1kg,20
2024-10-29,SKU-013,Galletas Surtidas,52
2024-10-29,SKU-014,Agua Mineral 600ml,172
2024-10-30,SKU-001,Aceite de Oliva 1L,24
2024-10-30,SKU-002,Arroz 5kg,57
2024-10-30,SKU-003,Leche Entera 1L,86
2024-10-30,SKU-004,Azucar 2kg,31
2024-10-30,SKU-005,Sal 1kg,26
2024-10-30,SKU-006,Frijoles Negros 1kg,43
2024-10-30,SKU-007,Pasta Espagueti 400g,73
2024-10-30,SKU-008,Cafe Molido 500g,26
2024-10-30,SKU-009,Atun en Lata 160g,76
2024-10-30,SKU-010,Jabon de Bano,34
2024-10-30,SKU-011,Papel Higienico 12 rollos,37
2024-10-30,SKU-012,Detergente 1kg,21
2024-10-30,SKU-013,Galletas Surtidas,52
2024-10-30,SKU-014,Agua Mineral 600ml,147
2024-10-31,SKU-001,Aceite de Oliva 1L,20
2024-10-31,SKU-002,Arroz 5kg,68
2024-10-31,SKU-003,Leche Entera 1L,95
2024-10-31,SKU-004,Azucar 2kg,31
2024-10-31,SKU-005,Sal 1kg,22
2024-10-31,SKU-006,Frijoles Negros 1kg,40
2024-10-31,SKU-007,Pasta Espagueti 400g,69
2024-10-31,SKU-008,Cafe Molido 500g,23
2024-10-31,SKU-009,Atun en Lata 160g,94
2024-10-31,SKU-010,Jabon de Bano,34
2024-10-31,SKU-011,Papel Higienico 12 rollos,37
2024-10-31,SKU-012,Detergente 1kg,23
2024-10-31,SKU-013,Galletas Surtidas,49
2024-10-31,SKU-014,Agua Mineral 600ml,166
2024-11-01,SKU-001,Aceite de Oliva 1L,23
2024-11-01,SKU-002,Arroz 5kg,65
2024-11-01,SKU-003,Leche Entera 1L,113
2024-11-01,SKU-004,Azucar 2kg,23
2024-11-01,SKU-005,Sal 1kg,27
2024-11-01,SKU-006,Frijoles Negros 1kg,58
2024-11-01,SKU-007,Pasta Espagueti 400g,69
2024-11-01,SKU-008,Cafe Molido 500g,27
2024-11-01,SKU-009,Atun en Lata 160g,91
2024-11-01,SKU-010,Jabon de Bano,48
2024-11-01,SKU-011,Papel Higienico 12 rollos,42
2024-11-01,SKU-012,Detergente 1kg,26
2024-11-01,SKU-013,Galletas Surtidas,66
2024-11-01,SKU-014,Agua Mineral 600ml,172
2024-11-02,SKU-001,Aceite de Oliva 1L,19
2024-11-02,SKU-002,Arroz 5kg,80
2024-11-02,SKU-003,Leche Entera 1L,88
2024-11-02,SKU-004,Azucar 2kg,37
2024-11-02,SKU-005,Sal 1kg,26
2024-11-02,SKU-006,Frijoles Negros 1kg,46
2024-11-02,SKU-007,Pasta Espagueti 400g,83
2024-11-02,SKU-008,Cafe Molido 500g,29
2024-11-02,SKU-009,Atun en Lata 160g,88
2024-11-02,SKU-010,Jabon de Bano,41
2024-11-02,SKU-011,Papel Higienico 12 rollos,39
2024-11-02,SKU-012,Detergente 1kg,24
2024-11-02,SKU-013,Galletas Surtidas,69
2024-11-02,SKU-014,Agua Mineral 600ml,226
2024-11-03,SKU-001,Aceite de Oliva 1L,12
2024-11-03,SKU-002,Arroz 5kg,50
2024-11-03,SKU-003,Leche Entera 1L,60
2024-11-03,SKU-004,Azucar 2kg,30
2024-11-03,SKU-005,Sal 1kg,18
2024-11-03,SKU-006,Frijoles Negros 1kg,35
2024-11-03,SKU-007,Pasta Espagueti 400g,52
2024-11-03,SKU-008,Cafe Molido 500g,24
2024-11-03,SKU-009,Atun en Lata 160g,66
2024-11-03,SKU-010,Jabon de Bano,37
2024-11-03,SKU-011,Papel Higienico 12 rollos,27
2024-11-03,SKU-012,Detergente 1kg,16
2024-11-03,SKU-013,Galletas Surtidas,39
2024-11-03,SKU-014,Agua Mineral 600ml,158
2024-11-04,SKU-001,Aceite de Oliva 1L,22
2024-11-04,SKU-002,Arroz 5kg,61
2024-11-04,SKU-003,Leche Entera 1L,95
2024-11-04,SKU-004,Azucar 2kg,38
2024-11-04,SKU-005,Sal 1kg,21
2024-11-04,SKU-006,Frijoles Negros 1kg,46
2024-11-04,SKU-007,Pasta Espagueti 400g,65
2024-11-04,SKU-008,Cafe Molido 500g,26
2024-11-04,SKU-009,Atun en Lata 160g,71
2024-11-04,SKU-010,Jabon de Bano,41
2024-11-04,SKU-011,Papel Higienico 12 rollos,28
2024-11-04,SKU-012,Detergente 1kg,21
2024-11-04,SKU-013,Galletas Surtidas,45
2024-11-04,SKU-014,Agua Mineral 600ml,191
2024-11-05,SKU-001,Aceite de Oliva 1L,19
2024-11-05,SKU-002,Arroz 5kg,72
2024-11-05,SKU-003,Leche Entera 1L,74
2024-11-05,SKU-004,Azucar 2kg,43
2024-11-05,SKU-005,Sal 1kg,24
2024-11-05,SKU-006,Frijoles Negros 1kg,42
2024-11-05,SKU-007,Pasta Espagueti 400g,76
2024-11-05,SKU-008,Cafe Molido 500g,20
2024-11-05,SKU-009,Atun en Lata 160g,86
2024-11-05,SKU-010,Jabon de Bano,44
2024-11-05,SKU-011,Papel Higienico 12 rollos,28
2024-11-05,SKU-012,Detergente 1kg,17
2024-11-05,SKU-013,Galletas Surtidas,43
2024-11-05,SKU-014,Agua Mineral 600ml,159
2024-11-06,SKU-001,Aceite de Oliva 1L,22
2024-11-06,SKU-002,Arroz 5kg,59
2024-11-06,SKU-003,Leche Entera 1L,109
2024-11-06,SKU-004,Azucar 2kg,39
2024-11-06,SKU-005,Sal 1kg,27
2024-11-06,SKU-006,Frijoles Negros 1kg,51
2024-11-06,SKU-007,Pasta Espagueti 400g,72
2024-11-06,SKU-008,Cafe Molido 500g,20
2024-11-06,SKU-009,Atun en Lata 160g,88
2024-11-06,SKU-010,Jabon de Bano,37
2024-11-06,SKU-011,Papel Higienico 12 rollos,28
2024-11-06,SKU-012,Detergente 1kg,23
2024-11-06,SKU-013,Galletas Surtidas,48
2024-11-06,SKU-014,Agua Mineral 600ml,139
2024-11-07,SKU-001,Aceite de Oliva 1L,25
2024-11-07,SKU-002,Arroz 5kg,75
2024-11-07,SKU-003,Leche Entera 1L,104
2024-11-07,SKU-004,Azucar 2kg,32
2024-11-07,SKU-005,Sal 1kg,28
2024-11-07,SKU-006,Frijoles Negros 1kg,52
2024-11-07,SKU-007,Pasta Espagueti 400g,65
2024-11-07,SKU-008,Cafe Molido 500g,27
2024-11-07,SKU-009,Atun en Lata 160g,82
2024-11-07,SKU-010,Jabon de Bano,44
2024-11-07,SKU-011,Papel Higienico 12 rollos,37
2024-11-07,SKU-012,Detergente 1kg,23
2024-11-07,SKU-013,Galletas Surtidas,56
2024-11-07,SKU-014,Agua Mineral 600ml,169
2024-11-08,SKU-001,Aceite de Oliva 1L,17
2024-11-08,SKU-002,Arroz 5kg,64
2024-11-08,SKU-003,Leche Entera 1L,115
2024-11-08,SKU-004,Azucar 2kg,40
2024-11-08,SKU-005,Sal 1kg,28
2024-11-08,SKU-006,Frijoles Negros 1kg,49
2024-11-08,SKU-007,Pasta Espagueti 400g,69
2024-11-08,SKU-008,Cafe Molido 500g,33
2024-11-08,SKU-009,Atun en Lata 160g,88
2024-11-08,SKU-010,Jabon de Bano,50
2024-11-08,SKU-011,Papel Higienico 12 rollos,30
2024-11-08,SKU-012,Detergente 1kg,28
2024-11-08,SKU-013,Galletas Surtidas,58
2024-11-08,SKU-014,Agua Mineral 600ml,222
2024-11-09,SKU-001,Aceite de Oliva 1L,21
2024-11-09,SKU-002,Arroz 5kg,56
2024-11-09,SKU-003,Leche Entera 1L,95
2024-11-09,SKU-004,Azucar 2kg,39
2024-11-09,SKU-005,Sal 1kg,25
2024-11-09,SKU-006,Frijoles Negros 1kg,52
2024-11-09,SKU-007,Pasta Espagueti 400g,93
2024-11-09,SKU-008,Cafe Molido 500g,31
2024-11-09,SKU-009,Atun en Lata 160g,98
2024-11-09,SKU-010,Jabon de Bano,51
2024-11-09,SKU-011,Papel Higienico 12 rollos,44
2024-11-09,SKU-012,Detergente 1kg,24
2024-11-09,SKU-013,Galletas Surtidas,58
2024-11-09,SKU-014,Agua Mineral 600ml,242
2024-11-10,SKU-001,Aceite de Oliva 1L,18
2024-11-10,SKU-002,Arroz 5kg,46
2024-11-10,SKU-003,Leche Entera 1L,51
2024-11-10,SKU-004,Azucar 2kg,28
2024-11-10,SKU-005,Sal 1kg,16
2024-11-10,SKU-006,Frijoles Negros 1kg,46
2024-11-10,SKU-007,Pasta Espagueti 400g,49
2024-11-10,SKU-008,Cafe Molido 500g,24
2024-11-10,SKU-009,Atun en Lata 160g,77
2024-11-10,SKU-010,Jabon de Bano,37
2024-11-10,SKU-011,Papel Higienico 12 rollos,30
2024-11-10,SKU-012,Detergente 1kg,17
2024-11-10,SKU-013,Galletas Surtidas,45
2024-11-10,SKU-014,Agua Mineral 600ml,125
2024-11-11,SKU-001,Aceite de Oliva 1L,27
2024-11-11,SKU-002,Arroz 5kg,70
2024-11-11,SKU-003,Leche Entera 1L,73
2024-11-11,SKU-004,Azucar 2kg,43
2024-11-11,SKU-005,Sal 1kg,30
2024-11-11,SKU-006,Frijoles Negros 1kg,51
2024-11-11,SKU-007,Pasta Espagueti 400g,82
2024-11-11,SKU-008,Cafe Molido 500g,24
2024-11-11,SKU-009,Atun en Lata 160g,74
2024-11-11,SKU-010,Jabon de Bano,35
2024-11-11,SKU-011,Papel Higienico 12 rollos,35
2024-11-11,SKU-012,Detergente 1kg,24
2024-11-11,SKU-013,Galletas Surtidas,48
2024-11-11,SKU-014,Agua Mineral 600ml,176
2024-11-12,SKU-001,Aceite de Oliva 1L,15
2024-11-12,SKU-002,Arroz 5kg,74
2024-11-12,SKU-003,Leche Entera 1L,112
2024-11-12,SKU-004,Azucar 2kg,39
2024-11-12,SKU-005,Sal 1kg,26
2024-11-12,SKU-006,Frijoles Negros 1kg,46
2024-11-12,SKU-007,Pasta Espagueti 400g,66
2024-11-12,SKU-008,Cafe Molido 500g,25
2024-11-12,SKU-009,Atun en Lata 160g,68
2024-11-12,SKU-010,Jabon de Bano,44
2024-11-12,SKU-011,Papel Higienico 12 rollos,35
2024-11-12,SKU-012,Detergente 1kg,21
2024-11-12,SKU-013,Galletas Surtidas,40
2024-11-12,SKU-014,Agua Mineral 600ml,160
2024-11-13,SKU-001,Aceite de Oliva 1L,23
2024-11-13,SKU-002,Arroz 5kg,64
2024-11-13,SKU-003,Leche Entera 1L,132
2024-11-13,SKU-004,Azucar 2kg,32
2024-11-13,SKU-005,Sal 1kg,30
2024-11-13,SKU-006,Frijoles Negros 1kg,39
2024-11-13,SKU-007,Pasta Espagueti 400g,67
2024-11-13,SKU-008,Cafe Molido 500g,24
2024-11-13,SKU-009,Atun en Lata 160g,81
2024-11-13,SKU-010,Jabon de Bano,39
2024-11-13,SKU-011,Papel Higienico 12 rollos,28
2024-11-13,SKU-012,Detergente 1kg,22
2024-11-13,SKU-013,Galletas Surtidas,49
2024-11-13,SKU-014,Agua Mineral 600ml,186
2024-11-14,SKU-001,Aceite de Oliva 1L,26
2024-11-14,SKU-002,Arroz 5kg,61
2024-11-14,SKU-003,Leche Entera 1L,103
2024-11-14,SKU-004,Azucar 2kg,45
2024-11-14,SKU-005,Sal 1kg,25
2024-11-14,SKU-006,Frijoles Negros 1kg,48
2024-11-14,SKU-007,Pasta Espagueti 400g,64
2024-11-14,SKU-008,Cafe Molido 500g,22
2024-11-14,SKU-009,Atun en Lata 160g,88
2024-11-14,SKU-010,Jabon de Bano,41
2024-11-14,SKU-011,Papel Higienico 12 rollos,34
2024-11-14,SKU-012,Detergente 1kg,19
2024-11-14,SKU-013,Galletas Surtidas,62
2024-11-14,SKU-014,Agua Mineral 600ml,199
2024-11-15,SKU-001,Aceite de Oliva 1L,21
2024-11-15,SKU-002,Arroz 5kg,66
2024-11-15,SKU-003,Leche Entera 1L,128
2024-11-15,SKU-004,Azucar 2kg,36
2024-11-15,SKU-005,Sal 1kg,26
2024-11-15,SKU-006,Frijoles Negros 1kg,47
2024-11-15,SKU-007,Pasta Espagueti 400g,77
2024-11-15,SKU-008,Cafe Molido 500g,32
2024-11-15,SKU-009,Atun en Lata 160g,107
2024-11-15,SKU-010,Jabon de Bano,45
2024-11-15,SKU-011,Papel Higienico 12 rollos,41
2024-11-15,SKU-012,Detergente 1kg,23
2024-11-15,SKU-013,Galletas Surtidas,58
2024-11-15,SKU-014,Agua Mineral 600ml,166
2024-11-16,SKU-001,Aceite de Oliva 1L,24
2024-11-16,SKU-002,Arroz 5kg,68
2024-11-16,SKU-003,Leche Entera 1L,86
2024-11-16,SKU-004,Azucar 2kg,33
2024-11-16,SKU-005,Sal 1kg,23
2024-11-16,SKU-006,Frijoles Negros 1kg,47
2024-11-16,SKU-007,Pasta Espagueti 400g,89
2024-11-16,SKU-008,Cafe Molido 500g,28
2024-11-16,SKU-009,Atun en Lata 160g,99
2024-11-16,SKU-010,Jabon de Bano,55
2024-11-16,SKU-011,Papel Higienico 12 rollos,39
2024-11-16,SKU-012,Detergente 1kg,21
2024-11-16,SKU-013,Galletas Surtidas,73
2024-11-16,SKU-014,Agua Mineral 600ml,248
2024-11-17,SKU-001,Aceite de Oliva 1L,13
2024-11-17,SKU-002,Arroz 5kg,41
2024-11-17,SKU-003,Leche Entera 1L,63
2024-11-17,SKU-004,Azucar 2kg,29
2024-11-17,SKU-005,Sal 1kg,18
2024-11-17,SKU-006,Frijoles Negros 1kg,41
2024-11-17,SKU-007,Pasta Espagueti 400g,52
2024-11-17,SKU-008,Cafe Molido 500g,22
2024-11-17,SKU-009,Atun en Lata 160g,60
2024-11-17,SKU-010,Jabon de Bano,37
2024-11-17,SKU-011,Papel Higienico 12 rollos,27
2024-11-17,SKU-012,Detergente 1kg,18
2024-11-17,SKU-013,Galletas Surtidas,37
2024-11-17,SKU-014,Agua Mineral 600ml,156
2024-11-18,SKU-001,Aceite de Oliva 1L,19
2024-11-18,SKU-002,Arroz 5kg,63
2024-11-18,SKU-003,Leche Entera 1L,85
2024-11-18,SKU-004,Azucar 2kg,33
2024-11-18,SKU-005,Sal 1kg,24
2024-11-18,SKU-006,Frijoles Negros 1kg,39
2024-11-18,SKU-007,Pasta Espagueti 400g,68
2024-11-18,SKU-008,Cafe Molido 500g,28
2024-11-18,SKU-009,Atun en Lata 160g,70
2024-11-18,SKU-010,Jabon de Bano,42
2024-11-18,SKU-011,Papel Higienico 12 rollos,32
2024-11-18,SKU-012,Detergente 1kg,24
2024-11-18,SKU-013,Galletas Surtidas,55
2024-11-18,SKU-014,Agua Mineral 600ml,197
2024-11-19,SKU-001,Aceite de Oliva 1L,24
2024-11-19,SKU-002,Arroz 5kg,61
2024-11-19,SKU-003,Leche Entera 1L,106
2024-11-19,SKU-004,Azucar 2kg,37
2024-11-19,SKU-005,Sal 1kg,32
2024-11-19,SKU-006,Frijoles Negros 1kg,39
2024-11-19,SKU-007,Pasta Espagueti 400g,57
2024-11-19,SKU-008,Cafe Molido 500g,22
2024-11-19,SKU-009,Atun en Lata 160g,88
2024-11-19,SKU-010,Jabon de Bano,36
2024-11-19,SKU-011,Papel Higienico 12 rollos,27
2024-11-19,SKU-012,Detergente 1kg,18
2024-11-19,SKU-013,Galletas Surtidas,48
2024-11-19,SKU-014,Agua Mineral 600ml,183
2024-11-20,SKU-001,Aceite de Oliva 1L,16
2024-11-20,SKU-002,Arroz 5kg,72
2024-11-20,SKU-003,Leche Entera 1L,99
2024-11-20,SKU-004,Azucar 2kg,36
2024-11-20,SKU-005,Sal 1kg,27
2024-11-20,SKU-006,Frijoles Negros 1kg,38
2024-11-20,SKU-007,Pasta Espagueti 400g,59
2024-11-20,SKU-008,Cafe Molido 500g,23
2024-11-20,SKU-009,Atun en Lata 160g,73
2024-11-20,SKU-010,Jabon de Bano,38
2024-11-20,SKU-011,Papel Higienico 12 rollos,33
2024-11-20,SKU-012,Detergente 1kg,18
2024-11-20,SKU-013,Galletas Surtidas,55
2024-11-20,SKU-014,Agua Mineral 600ml,197
2024-11-21,SKU-001,Aceite de Oliva 1L,23
2024-11-21,SKU-002,Arroz 5kg,64
2024-11-21,SKU-003,Leche Entera 1L,116
2024-11-21,SKU-004,Azucar 2kg,42
2024-11-21,SKU-005,Sal 1kg,30
2024-11-21,SKU-006,Frijoles Negros 1kg,49
2024-11-21,SKU-007,Pasta Espagueti 400g,61
2024-11-21,SKU-008,Cafe Molido 500g,28
2024-11-21,SKU-009,Atun en Lata 160g,81
2024-11-21,SKU-010,Jabon de Bano,38
2024-11-21,SKU-011,Papel Higienico 12 rollos,31
2024-11-21,SKU-012,Detergente 1kg,22
2024-11-21,SKU-013,Galletas Surtidas,60
2024-11-21,SKU-014,Agua Mineral 600ml,148
2024-11-22,SKU-001,Aceite de Oliva 1L,20
2024-11-22,SKU-002,Arroz 5kg,82
2024-11-22,SKU-003,Leche Entera 1L,103
2024-11-22,SKU-004,Azucar 2kg,31
2024-11-22,SKU-005,Sal 1kg,28
2024-11-22,SKU-006,Frijoles Negros 1kg,44
2024-11-22,SKU-007,Pasta Espagueti 400g,79
2024-11-22,SKU-008,Cafe Molido 500g,28
2024-11-22,SKU-009,Atun en Lata 160g,98
2024-11-22,SKU-010,Jabon de Bano,54
2024-11-22,SKU-011,Papel Higienico 12 rollos,38
2024-11-22,SKU-012,Detergente 1kg,23
2024-11-22,SKU-013,Galletas Surtidas,65
2024-11-22,SKU-014,Agua Mineral 600ml,166
2024-11-23,SKU-001,Aceite de Oliva 1L,22
2024-11-23,SKU-002,Arroz 5kg,66
2024-11-23,SKU-003,Leche Entera 1L,128
2024-11-23,SKU-004,Azucar 2kg,38
2024-11-23,SKU-005,Sal 1kg,29
2024-11-23,SKU-006,Frijoles Negros 1kg,66
2024-11-23,SKU-007,Pasta Espagueti 400g,72
2024-11-23,SKU-008,Cafe Molido 500g,33
2024-11-23,SKU-009,Atun en Lata 160g,93
2024-11-23,SKU-010,Jabon de Bano,48
2024-11-23,SKU-011,Papel Higienico 12 rollos,40
2024-11-23,SKU-012,Detergente 1kg,24
2024-11-23,SKU-013,Galletas Surtidas,62
2024-11-23,SKU-014,Agua Mineral 600ml,238
2024-11-24,SKU-001,Aceite de Oliva 1L,16
2024-11-24,SKU-002,Arroz 5kg,55
2024-11-24,SKU-003,Leche Entera 1L,87
2024-11-24,SKU-004,Azucar 2kg,30
2024-11-24,SKU-005,Sal 1kg,17
2024-11-24,SKU-006,Frijoles Negros 1kg,41
2024-11-24,SKU-007,Pasta Espagueti 400g,50
2024-11-24,SKU-008,Cafe Molido 500g,23
2024-11-24,SKU-009,Atun en Lata 160g,80
2024-11-24,SKU-010,Jabon de Bano,31
2024-11-24,SKU-011,Papel Higienico 12 rollos,30
2024-11-24,SKU-012,Detergente 1kg,17
2024-11-24,SKU-013,Galletas Surtidas,44
2024-11-24,SKU-014,Agua Mineral 600ml,143
2024-11-25,SKU-001,Aceite de Oliva 1L,26
2024-11-25,SKU-002,Arroz 5kg,73
2024-11-25,SKU-003,Leche Entera 1L,153
2024-11-25,SKU-004,Azucar 2kg,43
2024-11-25,SKU-005,Sal 1kg,29
2024-11-25,SKU-006,Frijoles Negros 1kg,41
2024-11-25,SKU-007,Pasta Espagueti 400g,71
2024-11-25,SKU-008,Cafe Molido 500g,29
2024-11-25,SKU-009,Atun en Lata 160g,94
2024-11-25,SKU-010,Jabon de Bano,41
2024-11-25,SKU-011,Papel Higienico 12 rollos,28
2024-11-25,SKU-012,Detergente 1kg,25
2024-11-25,SKU-013,Galletas Surtidas,53
2024-11-25,SKU-014,Agua Mineral 600ml,157
2024-11-26,SKU-001,Aceite de Oliva 1L,20
2024-11-26,SKU-002,Arroz 5kg,70
2024-11-26,SKU-003,Leche Entera 1L,112
2024-11-26,SKU-004,Azucar 2kg,35
2024-11-26,SKU-005,Sal 1kg,25
2024-11-26,SKU-006,Frijoles Negros 1kg,51
2024-11-26,SKU-007,Pasta Espagueti 400g,54
2024-11-26,SKU-008,Cafe Molido 500g,27
2024-11-26,SKU-009,Atun en Lata 160g,83
2024-11-26,SKU-010,Jabon de Bano,44
2024-11-26,SKU-011,Papel Higienico 12 rollos,31
2024-11-26,SKU-012,Detergente 1kg,19
2024-11-26,SKU-013,Galletas Surtidas,45
2024-11-26,SKU-014,Agua Mineral 600ml,143
2024-11-27,SKU-001,Aceite de Oliva 1L,23
2024-11-27,SKU-002,Arroz 5kg,73
2024-11-27,SKU-003,Leche Entera 1L,115
2024-11-27,SKU-004,Azucar 2kg,47
2024-11-27,SKU-005,Sal 1kg,27
2024-11-27,SKU-006,Frijoles Negros 1kg,40
2024-11-27,SKU-007,Pasta Espagueti 400g,58
2024-11-27,SKU-008,Cafe Molido 500g,23
2024-11-27,SKU-009,Atun en Lata 160g,67
2024-11-27,SKU-010,Jabon de Bano,34
2024-11-27,SKU-011,Papel Higienico 12 rollos,34
2024-11-27,SKU-012,Detergente 1kg,19
2024-11-27,SKU-013,Galletas Surtidas,50
2024-11-27,SKU-014,Agua Mineral 600ml,174
2024-11-28,SKU-001,Aceite de Oliva 1L,26
2024-11-28,SKU-002,Arroz 5kg,73
2024-11-28,SKU-003,Leche Entera 1L,107
2024-11-28,SKU-004,Azucar 2kg,43
2024-11-28,SKU-005,Sal 1kg,23
2024-11-28,SKU-006,Frijoles Negros 1kg,44
2024-11-28,SKU-007,Pasta Espagueti 400g,60
2024-11-28,SKU-008,Cafe Molido 500g,24
2024-11-28,SKU-009,Atun en Lata 160g,89
2024-11-28,SKU-010,Jabon de Bano,48
2024-11-28,SKU-011,Papel Higienico 12 rollos,27
2024-11-28,SKU-012,Detergente 1kg,21
2024-11-28,SKU-013,Galletas Surtidas,58
2024-11-28,SKU-014,Agua Mineral 600ml,149
2024-11-29,SKU-001,Aceite de Oliva 1L,24
2024-11-29,SKU-002,Arroz 5kg,70
2024-11-29,SKU-003,Leche Entera 1L,91
2024-11-29,SKU-004,Azucar 2kg,32
2024-11-29,SKU-005,Sal 1kg,27
2024-11-29,SKU-006,Frijoles Negros 1kg,50
2024-11-29,SKU-007,Pasta Espagueti 400g,91
2024-11-29,SKU-008,Cafe Molido 500g,29
2024-11-29,SKU-009,Atun en Lata 160g,105
2024-11-29,SKU-010,Jabon de Bano,43
2024-11-29,SKU-011,Papel Higienico 12 rollos,35
2024-11-29,SKU-012,Detergente 1kg,25
2024-11-29,SKU-013,Galletas Surtidas,57
2024-11-29,SKU-014,Agua Mineral 600ml,231
2024-11-30,SKU-001,Aceite de Oliva 1L,17
2024-11-30,SKU-002,Arroz 5kg,82
2024-11-30,SKU-003,Leche Entera 1L,107
2024-11-30,SKU-004,Azucar 2kg,34
2024-11-30,SKU-005,Sal 1kg,27
2024-11-30,SKU-006,Frijoles Negros 1kg,56
2024-11-30,SKU-007,Pasta Espagueti 400g,99
2024-11-30,SKU-008,Cafe Molido 500g,34
2024-11-30,SKU-009,Atun en Lata 160g,112
2024-11-30,SKU-010,Jabon de Bano,55
2024-11-30,SKU-011,Papel Higienico 12 rollos,43
2024-11-30,SKU-012,Detergente 1kg,23
2024-11-30,SKU-013,Galletas Surtidas,71
2024-11-30,SKU-014,Agua Mineral 600ml,197
2024-12-01,SKU-001,Aceite de Oliva 1L,18
2024-12-01,SKU-002,Arroz 5kg,50
2024-12-01,SKU-003,Leche Entera 1L,75
2024-12-01,SKU-004,Azucar 2kg,28
2024-12-01,SKU-005,Sal 1kg,20
2024-12-01,SKU-006,Frijoles Negros 1kg,39
2024-12-01,SKU-007,Pasta Espagueti 400g,63
2024-12-01,SKU-008,Cafe Molido 500g,18
2024-12-01,SKU-009,Atun en Lata 160g,75
2024-12-01,SKU-010,Jabon de Bano,32
2024-12-01,SKU-011,Papel Higienico 12 rollos,25
2024-12-01,SKU-012,Detergente 1kg,19
2024-12-01,SKU-013,Galletas Surtidas,53
2024-12-01,SKU-014,Agua Mineral 600ml,168
2024-12-02,SKU-001,Aceite de Oliva 1L,18
2024-12-02,SKU-002,Arroz 5kg,75
2024-12-02,SKU-003,Leche Entera 1L,101
2024-12-02,SKU-004,Azucar 2kg,58
2024-12-02,SKU-005,Sal 1kg,28
2024-12-02,SKU-006,Frijoles Negros 1kg,45
2024-12-02,SKU-007,Pasta Espagueti 400g,62
2024-12-02,SKU-008,Cafe Molido 500g,23
2024-12-02,SKU-009,Atun en Lata 160g,87
2024-12-02,SKU-010,Jabon de Bano,39
2024-12-02,SKU-011,Papel Higienico 12 rollos,28
2024-12-02,SKU-012,Detergente 1kg,25
2024-12-02,SKU-013,Galletas Surtidas,47
2024-12-02,SKU-014,Agua Mineral 600ml,155
2024-12-03,SKU-001,Aceite de Oliva 1L,22
2024-12-03,SKU-002,Arroz 5kg,84
2024-12-03,SKU-003,Leche Entera 1L,111
2024-12-03,SKU-004,Azucar 2kg,44
2024-12-03,SKU-005,Sal 1kg,27
2024-12-03,SKU-006,Frijoles Negros 1kg,47
2024-12-03,SKU-007,Pasta Espagueti 400g,64
2024-12-03,SKU-008,Cafe Molido 500g,26
2024-12-03,SKU-009,Atun en Lata 160g,68
2024-12-03,SKU-010,Jabon de Bano,33
2024-12-03,SKU-011,Papel Higienico 12 rollos,30
2024-12-03,SKU-012,Detergente 1kg,22
2024-12-03,SKU-013,Galletas Surtidas,42
2024-12-03,SKU-014,Agua Mineral 600ml,151
2024-12-04,SKU-001,Aceite de Oliva 1L,30
2024-12-04,SKU-002,Arroz 5kg,72
2024-12-04,SKU-003,Leche Entera 1L,124
2024-12-04,SKU-004,Azucar 2kg,49
2024-12-04,SKU-005,Sal 1kg,28
2024-12-04,SKU-006,Frijoles Negros 1kg,52
2024-12-04,SKU-007,Pasta Espagueti 400g,76
2024-12-04,SKU-008,Cafe Molido 500g,27
2024-12-04,SKU-009,Atun en Lata 160g,84
2024-12-04,SKU-010,Jabon de Bano,45
2024-12-04,SKU-011,Papel Higienico 12 rollos,37
2024-12-04,SKU-012,Detergente 1kg,23
2024-12-04,SKU-013,Galletas Surtidas,50
2024-12-04,SKU-014,Agua Mineral 600ml,167
2024-12-05,SKU-001,Aceite de Oliva 1L,24
2024-12-05,SKU-002,Arroz 5kg,82
2024-12-05,SKU-003,Leche Entera 1L,131
2024-12-05,SKU-004,Azucar 2kg,38
2024-12-05,SKU-005,Sal 1kg,29
2024-12-05,SKU-006,Frijoles Negros 1kg,46
2024-12-05,SKU-007,Pasta Espagueti 400g,77
2024-12-05,SKU-008,Cafe Molido 500g,26
2024-12-05,SKU-009,Atun en Lata 160g,70
2024-12-05,SKU-010,Jabon de Bano,40
2024-12-05,SKU-011,Papel Higienico 12 rollos,30
2024-12-05,SKU-012,Detergente 1kg,23
2024-12-05,SKU-013,Galletas Surtidas,45
2024-12-05,SKU-014,Agua Mineral 600ml,190
2024-12-06,SKU-001,Aceite de Oliva 1L,21
2024-12-06,SKU-002,Arroz 5kg,72
2024-12-06,SKU-003,Leche Entera 1L,101
2024-12-06,SKU-004,Azucar 2kg,50
2024-12-06,SKU-005,Sal 1kg,33
2024-12-06,SKU-006,Frijoles Negros 1kg,44
2024-12-06,SKU-007,Pasta Espagueti 400g,88
2024-12-06,SKU-008,Cafe Molido 500g,34
2024-12-06,SKU-009,Atun en Lata 160g,108
2024-12-06,SKU-010,Jabon de Bano,44
2024-12-06,SKU-011,Papel Higienico 12 rollos,31
2024-12-06,SKU-012,Detergente 1kg,24
2024-12-06,SKU-013,Galletas Surtidas,50
2024-12-06,SKU-014,Agua Mineral 600ml,187
2024-12-07,SKU-001,Aceite de Oliva 1L,34
2024-12-07,SKU-002,Arroz 5kg,78
2024-12-07,SKU-003,Leche Entera 1L,97
2024-12-07,SKU-004,Azucar 2kg,39
2024-12-07,SKU-005,Sal 1kg,33
2024-12-07,SKU-006,Frijoles Negros 1kg,50
2024-12-07,SKU-007,Pasta Espagueti 400g,77
2024-12-07,SKU-008,Cafe Molido 500g,29
2024-12-07,SKU-009,Atun en Lata 160g,100
2024-12-07,SKU-010,Jabon de Bano,41
2024-12-07,SKU-011,Papel Higienico 12 rollos,43
2024-12-07,SKU-012,Detergente 1kg,29
2024-12-07,SKU-013,Galletas Surtidas,65
2024-12-07,SKU-014,Agua Mineral 600ml,217
2024-12-08,SKU-001,Aceite de Oliva 1L,13
2024-12-08,SKU-002,Arroz 5kg,53
2024-12-08,SKU-003,Leche Entera 1L,73
2024-12-08,SKU-004,Azucar 2kg,37
2024-12-08,SKU-005,Sal 1kg,19
2024-12-08,SKU-006,Frijoles Negros 1kg,39
2024-12-08,SKU-007,Pasta Espagueti 400g,53
2024-12-08,SKU-008,Cafe Molido 500g,22
2024-12-08,SKU-009,Atun en Lata 160g,59
2024-12-08,SKU-010,Jabon de Bano,38
2024-12-08,SKU-011,Papel Higienico 12 rollos,32
2024-12-08,SKU-012,Detergente 1kg,15
2024-12-08,SKU-013,Galletas Surtidas,42
2024-12-08,SKU-014,Agua Mineral 600ml,168
2024-12-09,SKU-001,Aceite de Oliva 1L,29
2024-12-09,SKU-002,Arroz 5kg,89
2024-12-09,SKU-003,Leche Entera 1L,114
2024-12-09,SKU-004,Azucar 2kg,47
2024-12-09,SKU-005,Sal 1kg,26
2024-12-09,SKU-006,Frijoles Negros 1kg,51
2024-12-09,SKU-007,Pasta Espagueti 400g,69
2024-12-09,SKU-008,Cafe Molido 500g,23
2024-12-09,SKU-009,Atun en Lata 160g,90
2024-12-09,SKU-010,Jabon de Bano,43
2024-12-09,SKU-011,Papel Higienico 12 rollos,31
2024-12-09,SKU-012,Detergente 1kg,24
2024-12-09,SKU-013,Galletas Surtidas,55
2024-12-09,SKU-014,Agua Mineral 600ml,148
2024-12-10,SKU-001,Aceite de Oliva 1L,24
2024-12-10,SKU-002,Arroz 5kg,78
2024-12-10,SKU-003,Leche Entera 1L,58
2024-12-10,SKU-004,Azucar 2kg,47
2024-12-10,SKU-005,Sal 1kg,31
2024-12-10,SKU-006,Frijoles Negros 1kg,37
2024-12-10,SKU-007,Pasta Espagueti 400g,57
2024-12-10,SKU-008,Cafe Molido 500g,26
2024-12-10,SKU-009,Atun en Lata 160g,69
2024-12-10,SKU-010,Jabon de Bano,43
2024-12-10,SKU-011,Papel Higienico 12 rollos,31
2024-12-10,SKU-012,Detergente 1kg,21
2024-12-10,SKU-013,Galletas Surtidas,52
2024-12-10,SKU-014,Agua Mineral 600ml,188
2024-12-11,SKU-001,Aceite de Oliva 1L,19
2024-12-11,SKU-002,Arroz 5kg,69
2024-12-11,SKU-003,Leche Entera 1L,102
2024-12-11,SKU-004,Azucar 2kg,42
2024-12-11,SKU-005,Sal 1kg,29
2024-12-11,SKU-006,Frijoles Negros 1kg,42
2024-12-11,SKU-007,Pasta Espagueti 400g,63
2024-12-11,SKU-008,Cafe Molido 500g,27
2024-12-11,SKU-009,Atun en Lata 160g,76
2024-12-11,SKU-010,Jabon de Bano,36
2024-12-11,SKU-011,Papel Higienico 12 rollos,27
2024-12-11,SKU-012,Detergente 1kg,19
2024-12-11,SKU-013,Galletas Surtidas,45
2024-12-11,SKU-014,Agua Mineral 600ml,172
2024-12-12,SKU-001,Aceite de Oliva 1L,21
2024-12-12,SKU-002,Arroz 5kg,72
2024-12-12,SKU-003,Leche Entera 1L,128
2024-12-12,SKU-004,Azucar 2kg,43
2024-12-12,SKU-005,Sal 1kg,30
2024-12-12,SKU-006,Frijoles Negros 1kg,54
2024-12-12,SKU-007,Pasta Espagueti 400g,70
2024-12-12,SKU-008,Cafe Molido 500g,25
2024-12-12,SKU-009,Atun en Lata 160g,94
2024-12-12,SKU-010,Jabon de Bano,45
2024-12-12,SKU-011,Papel Higienico 12 rollos,37
2024-12-12,SKU-012,Detergente 1kg,20
2024-12-12,SKU-013,Galletas Surtidas,50
2024-12-12,SKU-014,Agua Mineral 600ml,151
2024-12-13,SKU-001,Aceite de Oliva 1L,24
2024-12-13,SKU-002,Arroz 5kg,84
2024-12-13,SKU-003,Leche Entera 1L,117
2024-12-13,SKU-004,Azucar 2kg,50
2024-12-13,SKU-005,Sal 1kg,31
2024-12-13,SKU-006,Frijoles Negros 1kg,60
2024-12-13,SKU-007,Pasta Espagueti 400g,74
2024-12-13,SKU-008,Cafe Molido 500g,31
2024-12-13,SKU-009,Atun en Lata 160g,99
2024-12-13,SKU-010,Jabon de Bano,53
2024-12-13,SKU-011,Papel Higienico 12 rollos,37
2024-12-13,SKU-012,Detergente 1kg,27
2024-12-13,SKU-013,Galletas Surtidas,62
2024-12-13,SKU-014,Agua Mineral 600ml,206
2024-12-14,SKU-001,Aceite de Oliva 1L,29
2024-12-14,SKU-002,Arroz 5kg,91
2024-12-14,SKU-003,Leche Entera 1L,86
2024-12-14,SKU-004,Azucar 2kg,51
2024-12-14,SKU-005,Sal 1kg,35
2024-12-14,SKU-006,Frijoles Negros 1kg,62
2024-12-14,SKU-007,Pasta Espagueti 400g,87
2024-12-14,SKU-008,Cafe Molido 500g,28
2024-12-14,SKU-009,Atun en Lata 160g,99
2024-12-14,SKU-010,Jabon de Bano,56
2024-12-14,SKU-011,Papel Higienico 12 rollos,38
2024-12-14,SKU-012,Detergente 1kg,28
2024-12-14,SKU-013,Galletas Surtidas,73
2024-12-14,SKU-014,Agua Mineral 600ml,215
2024-12-15,SKU-001,Aceite de Oliva 1L,15
2024-12-15,SKU-002,Arroz 5kg,57
2024-12-15,SKU-003,Leche Entera 1L,80
2024-12-15,SKU-004,Azucar 2kg,34
2024-12-15,SKU-005,Sal 1kg,22
2024-12-15,SKU-006,Frijoles Negros 1kg,36
2024-12-15,SKU-007,Pasta Espagueti 400g,65
2024-12-15,SKU-008,Cafe Molido 500g,20
2024-12-15,SKU-009,Atun en Lata 160g,73
2024-12-15,SKU-010,Jabon de Bano,30
2024-12-15,SKU-011,Papel Higienico 12 rollos,29
2024-12-15,SKU-012,Detergente 1kg,21
2024-12-15,SKU-013,Galletas Surtidas,39
2024-12-15,SKU-014,Agua Mineral 600ml,172
2024-12-16,SKU-001,Aceite de Oliva 1L,23
2024-12-16,SKU-002,Arroz 5kg,93
2024-12-16,SKU-003,Leche Entera 1L,102
2024-12-16,SKU-004,Azucar 2kg,45
2024-12-16,SKU-005,Sal 1kg,33
2024-12-16,SKU-006,Frijoles Negros 1kg,51
2024-12-16,SKU-007,Pasta Espagueti 400g,59
2024-12-16,SKU-008,Cafe Molido 500g,23
2024-12-16,SKU-009,Atun en Lata 160g,92
2024-12-16,SKU-010,Jabon de Bano,42
2024-12-16,SKU-011,Papel Higienico 12 rollos,36
2024-12-16,SKU-012,Detergente 1kg,19
2024-12-16,SKU-013,Galletas Surtidas,54
2024-12-16,SKU-014,Agua Mineral 600ml,183
2024-12-17,SKU-001,Aceite de Oliva 1L,33
2024-12-17,SKU-002,Arroz 5kg,78
2024-12-17,SKU-003,Leche Entera 1L,143
2024-12-17,SKU-004,Azucar 2kg,48
2024-12-17,SKU-005,Sal 1kg,27
2024-12-17,SKU-006,Frijoles Negros 1kg,45
2024-12-17,SKU-007,Pasta Espagueti 400g,72
2024-12-17,SKU-008,Cafe Molido 500g,25
2024-12-17,SKU-009,Atun en Lata 160g,87
2024-12-17,SKU-010,Jabon de Bano,35
2024-12-17,SKU-011,Papel Higienico 12 rollos,32
2024-12-17,SKU-012,Detergente 1kg,18
2024-12-17,SKU-013,Galletas Surtidas,48
2024-12-17,SKU-014,Agua Mineral 600ml,146
2024-12-18,SKU-001,Aceite de Oliva 1L,22
2024-12-18,SKU-002,Arroz 5kg,73
2024-12-18,SKU-003,Leche Entera 1L,112
2024-12-18,SKU-004,Azucar 2kg,44
2024-12-18,SKU-005,Sal 1kg,31
2024-12-18,SKU-006,Frijoles Negros 1kg,45
2024-12-18,SKU-007,Pasta Espagueti 400g,65
2024-12-18,SKU-008,Cafe Molido 500g,23
2024-12-18,SKU-009,Atun en Lata 160g,66
2024-12-18,SKU-010,Jabon de Bano,35
2024-12-18,SKU-011,Papel Higienico 12 rollos,29
2024-12-18,SKU-012,Detergente 1kg,18
2024-12-18,SKU-013,Galletas Surtidas,46
2024-12-18,SKU-014,Agua Mineral 600ml,142
2024-12-19,SKU-001,Aceite de Oliva 1L,31
2024-12-19,SKU-002,Arroz 5kg,87
2024-12-19,SKU-003,Leche Entera 1L,192
2024-12-19,SKU-004,Azucar 2kg,46
2024-12-19,SKU-005,Sal 1kg,33
2024-12-19,SKU-006,Frijoles Negros 1kg,45
2024-12-19,SKU-007,Pasta Espagueti 400g,74
2024-12-19,SKU-008,Cafe Molido 500g,25
2024-12-19,SKU-009,Atun en Lata 160g,93
2024-12-19,SKU-010,Jabon de Bano,38
2024-12-19,SKU-011,Papel Higienico 12 rollos,38
2024-12-19,SKU-012,Detergente 1kg,22
2024-12-19,SKU-013,Galletas Surtidas,49
2024-12-19,SKU-014,Agua Mineral 600ml,167
2024-12-20,SKU-001,Aceite de Oliva 1L,28
2024-12-20,SKU-002,Arroz 5kg,97
2024-12-20,SKU-003,Leche Entera 1L,116
2024-12-20,SKU-004,Azucar 2kg,52
2024-12-20,SKU-005,Sal 1kg,36
2024-12-20,SKU-006,Frijoles Negros 1kg,56
2024-12-20,SKU-007,Pasta Espagueti 400g,93
2024-12-20,SKU-008,Cafe Molido 500g,30
2024-12-20,SKU-009,Atun en Lata 160g,105
2024-12-20,SKU-010,Jabon de Bano,55
2024-12-20,SKU-011,Papel Higienico 12 rollos,43
2024-12-20,SKU-012,Detergente 1kg,22
2024-12-20,SKU-013,Galletas Surtidas,64
2024-12-20,SKU-014,Agua Mineral 600ml,208
2024-12-21,SKU-001,Aceite de Oliva 1L,24
2024-12-21,SKU-002,Arroz 5kg,84
2024-12-21,SKU-003,Leche Entera 1L,139
2024-12-21,SKU-004,Azucar 2kg,45
2024-12-21,SKU-005,Sal 1kg,29
2024-12-21,SKU-006,Frijoles Negros 1kg,53
2024-12-21,SKU-007,Pasta Espagueti 400g,101
2024-12-21,SKU-008,Cafe Molido 500g,34
2024-12-21,SKU-009,Atun en Lata 160g,94
2024-12-21,SKU-010,Jabon de Bano,48
2024-12-21,SKU-011,Papel Higienico 12 rollos,40
2024-12-21,SKU-012,Detergente 1kg,29
2024-12-21,SKU-013,Galletas Surtidas,66
2024-12-21,SKU-014,Agua Mineral 600ml,234
2024-12-22,SKU-001,Aceite de Oliva 1L,24
2024-12-22,SKU-002,Arroz 5kg,58
2024-12-22,SKU-003,Leche Entera 1L,120
2024-12-22,SKU-004,Azucar 2kg,31
2024-12-22,SKU-005,Sal 1kg,22
2024-12-22,SKU-006,Frijoles Negros 1kg,42
2024-12-22,SKU-007,Pasta Espagueti 400g,70
2024-12-22,SKU-008,Cafe Molido 500g,24
2024-12-22,SKU-009,Atun en Lata 160g,58
2024-12-22,SKU-010,Jabon de Bano,40
2024-12-22,SKU-011,Papel Higienico 12 rollos,31
2024-12-22,SKU-012,Detergente 1kg,18
2024-12-22,SKU-013,Galletas Surtidas,41
2024-12-22,SKU-014,Agua Mineral 600ml,158
2024-12-23,SKU-001,Aceite de Oliva 1L,30
2024-12-23,SKU-002,Arroz 5kg,84
2024-12-23,SKU-003,Leche Entera 1L,105
2024-12-23,SKU-004,Azucar 2kg,44
2024-12-23,SKU-005,Sal 1kg,33
2024-12-23,SKU-006,Frijoles Negros 1kg,41
2024-12-23,SKU-007,Pasta Espagueti 400g,64
2024-12-23,SKU-008,Cafe Molido 500g,29
2024-12-23,SKU-009,Atun en Lata 160g,74
2024-12-23,SKU-010,Jabon de Bano,49
2024-12-23,SKU-011,Papel Higienico 12 rollos,36
2024-12-23,SKU-012,Detergente 1kg,20
2024-12-23,SKU-013,Galletas Surtidas,60
2024-12-23,SKU-014,Agua Mineral 600ml,206
2024-12-24,SKU-001,Aceite de Oliva 1L,24
2024-12-24,SKU-002,Arroz 5kg,87
2024-12-24,SKU-003,Leche Entera 1L,71
2024-12-24,SKU-004,Azucar 2kg,45
2024-12-24,SKU-005,Sal 1kg,32
2024-12-24,SKU-006,Frijoles Negros 1kg,45
2024-12-24,SKU-007,Pasta Espagueti 400g,64
2024-12-24,SKU-008,Cafe Molido 500g,23
2024-12-24,SKU-009,Atun en Lata 160g,73
2024-12-24,SKU-010,Jabon de Bano,42
2024-12-24,SKU-011,Papel Higienico 12 rollos,26
2024-12-24,SKU-012,Detergente 1kg,17
2024-12-24,SKU-013,Galletas Surtidas,41
2024-12-24,SKU-014,Agua Mineral 600ml,151
2024-12-25,SKU-001,Aceite de Oliva 1L,25
2024-12-25,SKU-002,Arroz 5kg,78
2024-12-25,SKU-003,Leche Entera 1L,107
2024-12-25,SKU-004,Azucar 2kg,49
2024-12-25,SKU-005,Sal 1kg,36
2024-12-25,SKU-006,Frijoles Negros 1kg,39
2024-12-25,SKU-007,Pasta Espagueti 400g,74
2024-12-25,SKU-008,Cafe Molido 500g,21
2024-12-25,SKU-009,Atun en Lata 160g,85
2024-12-25,SKU-010,Jabon de Bano,34
2024-12-25,SKU-011,Papel Higienico 12 rollos,32
2024-12-25,SKU-012,Detergente 1kg,19
2024-12-25,SKU-013,Galletas Surtidas,49
2024-12-25,SKU-014,Agua Mineral 600ml,159
2024-12-26,SKU-001,Aceite de Oliva 1L,21
2024-12-26,SKU-002,Arroz 5kg,84
2024-12-26,SKU-003,Leche Entera 1L,156
2024-12-26,SKU-004,Azucar 2kg,51
2024-12-26,SKU-005,Sal 1kg,32
2024-12-26,SKU-006,Frijoles Negros 1kg,42
2024-12-26,SKU-007,Pasta Espagueti 400g,73
2024-12-26,SKU-008,Cafe Molido 500g,22
2024-12-26,SKU-009,Atun en Lata 160g,70
2024-12-26,SKU-010,Jabon de Bano,42
2024-12-26,SKU-011,Papel Higienico 12 rollos,33
2024-12-26,SKU-012,Detergente 1kg,20
2024-12-26,SKU-013,Galletas Surtidas,49
2024-12-26,SKU-014,Agua Mineral 600ml,186
2024-12-27,SKU-001,Aceite de Oliva 1L,25
2024-12-27,SKU-002,Arroz 5kg,87
2024-12-27,SKU-003,Leche Entera 1L,128
2024-12-27,SKU-004,Azucar 2kg,36
2024-12-27,SKU-005,Sal 1kg,31
2024-12-27,SKU-006,Frijoles Negros 1kg,54
2024-12-27,SKU-007,Pasta Espagueti 400g,67
2024-12-27,SKU-008,Cafe Molido 500g,27
2024-12-27,SKU-009,Atun en Lata 160g,85
2024-12-27,SKU-010,Jabon de Bano,42
2024-12-27,SKU-011,Papel Higienico 12 rollos,33
2024-12-27,SKU-012,Detergente 1kg,25
2024-12-27,SKU-013,Galletas Surtidas,66
2024-12-27,SKU-014,Agua Mineral 600ml,179
2024-12-28,SKU-001,Aceite de Oliva 1L,19
2024-12-28,SKU-002,Arroz 5kg,99
2024-12-28,SKU-003,Leche Entera 1L,153
2024-12-28,SKU-004,Azucar 2kg,45
2024-12-28,SKU-005,Sal 1kg,35
2024-12-28,SKU-006,Frijoles Negros 1kg,53
2024-12-28,SKU-007,Pasta Espagueti 400g,82
2024-12-28,SKU-008,Cafe Molido 500g,36
2024-12-28,SKU-009,Atun en Lata 160g,87
2024-12-28,SKU-010,Jabon de Bano,51
2024-12-28,SKU-011,Papel Higienico 12 rollos,45
2024-12-28,SKU-012,Detergente 1kg,29
2024-12-28,SKU-013,Galletas Surtidas,70
2024-12-28,SKU-014,Agua Mineral 600ml,240
2024-12-29,SKU-001,Aceite de Oliva 1L,26
2024-12-29,SKU-002,Arroz 5kg,58
2024-12-29,SKU-003,Leche Entera 1L,117
2024-12-29,SKU-004,Azucar 2kg,36
2024-12-29,SKU-005,Sal 1kg,23
2024-12-29,SKU-006,Frijoles Negros 1kg,35
2024-12-29,SKU-007,Pasta Espagueti 400g,66
2024-12-29,SKU-008,Cafe Molido 500g,24
2024-12-29,SKU-009,Atun en Lata 160g,83
2024-12-29,SKU-010,Jabon de Bano,37
2024-12-29,SKU-011,Papel Higienico 12 rollos,24
2024-12-29,SKU-012,Detergente 1kg,16
2024-12-29,SKU-013,Galletas Surtidas,50
2024-12-29,SKU-014,Agua Mineral 600ml,130
2024-12-30,SKU-001,Aceite de Oliva 1L,23
2024-12-30,SKU-002,Arroz 5kg,84
2024-12-30,SKU-003,Leche Entera 1L,123
2024-12-30,SKU-004,Azucar 2kg,36
2024-12-30,SKU-005,Sal 1kg,35
2024-12-30,SKU-006,Frijoles Negros 1kg,48
2024-12-30,SKU-007,Pasta Espagueti 400g,77
2024-12-30,SKU-008,Cafe Molido 500g,30
2024-12-30,SKU-009,Atun en Lata 160g,94
2024-12-30,SKU-010,Jabon de Bano,38
2024-12-30,SKU-011,Papel Higienico 12 rollos,34
2024-12-30,SKU-012,Detergente 1kg,23
2024-12-30,SKU-013,Galletas Surtidas,55
2024-12-30,SKU-014,Agua Mineral 600ml,182
2024-12-31,SKU-001,Aceite de Oliva 1L,27
2024-12-31,SKU-002,Arroz 5kg,93
2024-12-31,SKU-003,Leche Entera 1L,123
2024-12-31,SKU-004,Azucar 2kg,68
2024-12-31,SKU-005,Sal 1kg,29
2024-12-31,SKU-006,Frijoles Negros 1kg,37
2024-12-31,SKU-007,Pasta Espagueti 400g,76
2024-12-31,SKU-008,Cafe Molido 500g,29
2024-12-31,SKU-009,Atun en Lata 160g,83
2024-12-31,SKU-010,Jabon de Bano,37
2024-12-31,SKU-011,Papel Higienico 12 rollos,35
2024-12-31,SKU-012,Detergente 1kg,17
2024-12-31,SKU-013,Galletas Surtidas,45
2024-12-31,SKU-014,Agua Mineral 600ml,167
2025-01-01,SKU-001,Aceite de Oliva 1L,24
2025-01-01,SKU-002,Arroz 5kg,96
2025-01-01,SKU-003,Leche Entera 1L,197
2025-01-01,SKU-004,Azucar 2kg,44
2025-01-01,SKU-005,Sal 1kg,38
2025-01-01,SKU-006,Frijoles Negros 1kg,39
2025-01-01,SKU-007,Pasta Espagueti 400g,61
2025-01-01,SKU-008,Cafe Molido 500g,21
2025-01-01,SKU-009,Atun en Lata 160g,75
2025-01-01,SKU-010,Jabon de Bano,33
2025-01-01,SKU-011,Papel Higienico 12 rollos,32
2025-01-01,SKU-012,Detergente 1kg,24
2025-01-01,SKU-013,Galletas Surtidas,53
2025-01-01,SKU-014,Agua Mineral 600ml,166
2025-01-02,SKU-001,Aceite de Oliva 1L,24
2025-01-02,SKU-002,Arroz 5kg,101
2025-01-02,SKU-003,Leche Entera 1L,137
2025-01-02,SKU-004,Azucar 2kg,64
2025-01-02,SKU-005,Sal 1kg,38
2025-01-02,SKU-006,Frijoles Negros 1kg,53
2025-01-02,SKU-007,Pasta Espagueti 400g,67
2025-01-02,SKU-008,Cafe Molido 500g,30
2025-01-02,SKU-009,Atun en Lata 160g,71
2025-01-02,SKU-010,Jabon de Bano,45
2025-01-02,SKU-011,Papel Higienico 12 rollos,30
2025-01-02,SKU-012,Detergente 1kg,20
2025-01-02,SKU-013,Galletas Surtidas,63
2025-01-02,SKU-014,Agua Mineral 600ml,163
2025-01-03,SKU-001,Aceite de Oliva 1L,25
2025-01-03,SKU-002,Arroz 5kg,117
2025-01-03,SKU-003,Leche Entera 1L,105
2025-01-03,SKU-004,Azucar 2kg,49
2025-01-03,SKU-005,Sal 1kg,39
2025-01-03,SKU-006,Frijoles Negros 1kg,50
2025-01-03,SKU-007,Pasta Espagueti 400g,94
2025-01-03,SKU-008,Cafe Molido 500g,29
2025-01-03,SKU-009,Atun en Lata 160g,93
2025-01-03,SKU-010,Jabon de Bano,46
2025-01-03,SKU-011,Papel Higienico 12 rollos,42
2025-01-03,SKU-012,Detergente 1kg,27
2025-01-03,SKU-013,Galletas Surtidas,54
2025-01-03,SKU-014,Agua Mineral 600ml,167
2025-01-04,SKU-001,Aceite de Oliva 1L,25
2025-01-04,SKU-002,Arroz 5kg,85
2025-01-04,SKU-003,Leche Entera 1L,140
2025-01-04,SKU-004,Azucar 2kg,54
2025-01-04,SKU-005,Sal 1kg,35
2025-01-04,SKU-006,Frijoles Negros 1kg,56
2025-01-04,SKU-007,Pasta Espagueti 400g,87
2025-01-04,SKU-008,Cafe Molido 500g,29
2025-01-04,SKU-009,Atun en Lata 160g,117
2025-01-04,SKU-010,Jabon de Bano,43
2025-01-04,SKU-011,Papel Higienico 12 rollos,33
2025-01-04,SKU-012,Detergente 1kg,27
2025-01-04,SKU-013,Galletas Surtidas,59
2025-01-04,SKU-014,Agua Mineral 600ml,180
2025-01-05,SKU-001,Aceite de Oliva 1L,18
2025-01-05,SKU-002,Arroz 5kg,65
2025-01-05,SKU-003,Leche Entera 1L,108
2025-01-05,SKU-004,Azucar 2kg,42
2025-01-05,SKU-005,Sal 1kg,25
2025-01-05,SKU-006,Frijoles Negros 1kg,35
2025-01-05,SKU-007,Pasta Espagueti 400g,56
2025-01-05,SKU-008,Cafe Molido 500g,26
2025-01-05,SKU-009,Atun en Lata 160g,80
2025-01-05,SKU-010,Jabon de Bano,41
2025-01-05,SKU-011,Papel Higienico 12 rollos,30
2025-01-05,SKU-012,Detergente 1kg,21
2025-01-05,SKU-013,Galletas Surtidas,39
2025-01-05,SKU-014,Agua Mineral 600ml,142
2025-01-06,SKU-001,Aceite de Oliva 1L,23
2025-01-06,SKU-002,Arroz 5kg,92
2025-01-06,SKU-003,Leche Entera 1L,120
2025-01-06,SKU-004,Azucar 2kg,60
2025-01-06,SKU-005,Sal 1kg,30
2025-01-06,SKU-006,Frijoles Negros 1kg,42
2025-01-06,SKU-007,Pasta Espagueti 400g,72
2025-01-06,SKU-008,Cafe Molido 500g,24
2025-01-06,SKU-009,Atun en Lata 160g,77
2025-01-06,SKU-010,Jabon de Bano,42
2025-01-06,SKU-011,Papel Higienico 12 rollos,38
2025-01-06,SKU-012,Detergente 1kg,18
2025-01-06,SKU-013,Galletas Surtidas,47
2025-01-06,SKU-014,Agua Mineral 600ml,192
2025-01-07,SKU-001,Aceite de Oliva 1L,31
2025-01-07,SKU-002,Arroz 5kg,82
2025-01-07,SKU-003,Leche Entera 1L,173
2025-01-07,SKU-004,Azucar 2kg,57
2025-01-07,SKU-005,Sal 1kg,35
2025-01-07,SKU-006,Frijoles Negros 1kg,50
2025-01-07,SKU-007,Pasta Espagueti 400g,78
2025-01-07,SKU-008,Cafe Molido 500g,21
2025-01-07,SKU-009,Atun en Lata 160g,88
2025-01-07,SKU-010,Jabon de Bano,33
2025-01-07,SKU-011,Papel Higienico 12 rollos,30
2025-01-07,SKU-012,Detergente 1kg,21
2025-01-07,SKU-013,Galletas Surtidas,49
2025-01-07,SKU-014,Agua Mineral 600ml,158
2025-01-08,SKU-001,Aceite de Oliva 1L,31
2025-01-08,SKU-002,Arroz 5kg,89
2025-01-08,SKU-003,Leche Entera 1L,158
2025-01-08,SKU-004,Azucar 2kg,52
2025-01-08,SKU-005,Sal 1kg,37
2025-01-08,SKU-006,Frijoles Negros 1kg,40
2025-01-08,SKU-007,Pasta Espagueti 400g,62
2025-01-08,SKU-008,Cafe Molido 500g,22
2025-01-08,SKU-009,Atun en Lata 160g,77
2025-01-08,SKU-010,Jabon de Bano,47
2025-01-08,SKU-011,Papel Higienico 12 rollos,30
2025-01-08,SKU-012,Detergente 1kg,18
2025-01-08,SKU-013,Galletas Surtidas,50
2025-01-08,SKU-014,Agua Mineral 600ml,174
2025-01-09,SKU-001,Aceite de Oliva 1L,29
2025-01-09,SKU-002,Arroz 5kg,70
2025-01-09,SKU-003,Leche Entera 1L,125
2025-01-09,SKU-004,Azucar 2kg,62
2025-01-09,SKU-005,Sal 1kg,39
2025-01-09,SKU-006,Frijoles Negros 1kg,54
2025-01-09,SKU-007,Pasta Espagueti 400g,80
2025-01-09,SKU-008,Cafe Molido 500g,22
2025-01-09,SKU-009,Atun en Lata 160g,96
2025-01-09,SKU-010,Jabon de Bano,39
2025-01-09,SKU-011,Papel Higienico 12 rollos,36
2025-01-09,SKU-012,Detergente 1kg,22
2025-01-09,SKU-013,Galletas Surtidas,63
2025-01-09,SKU-014,Agua Mineral 600ml,166
2025-01-10,SKU-001,Aceite de Oliva 1L,30
2025-01-10,SKU-002,Arroz 5kg,92
2025-01-10,SKU-003,Leche Entera 1L,131
2025-01-10,SKU-004,Azucar 2kg,57
2025-01-10,SKU-005,Sal 1kg,37
2025-01-10,SKU-006,Frijoles Negros 1kg,59
2025-01-10,SKU-007,Pasta Espagueti 400g,88
2025-01-10,SKU-008,Cafe Molido 500g,29
2025-01-10,SKU-009,Atun en Lata 160g,100
2025-01-10,SKU-010,Jabon de Bano,40
2025-01-10,SKU-011,Papel Higienico 12 rollos,37
2025-01-10,SKU-012,Detergente 1kg,25
2025-01-10,SKU-013,Galletas Surtidas,55
2025-01-10,SKU-014,Agua Mineral 600ml,169
2025-01-11,SKU-001,Aceite de Oliva 1L,25
2025-01-11,SKU-002,Arroz 5kg,100
2025-01-11,SKU-003,Leche Entera 1L,176
2025-01-11,SKU-004,Azucar 2kg,47
2025-01-11,SKU-005,Sal 1kg,35
2025-01-11,SKU-006,Frijoles Negros 1kg,49
2025-01-11,SKU-007,Pasta Espagueti 400g,89
2025-01-11,SKU-008,Cafe Molido 500g,30
2025-01-11,SKU-009,Atun en Lata 160g,89
2025-01-11,SKU-010,Jabon de Bano,54
2025-01-11,SKU-011,Papel Higienico 12 rollos,46
2025-01-11,SKU-012,Detergente 1kg,22
2025-01-11,SKU-013,Galletas Surtidas,62
2025-01-11,SKU-014,Agua Mineral 600ml,189
2025-01-12,SKU-001,Aceite de Oliva 1L,22
2025-01-12,SKU-002,Arroz 5kg,71
2025-01-12,SKU-003,Leche Entera 1L,91
2025-01-12,SKU-004,Azucar 2kg,35
2025-01-12,SKU-005,Sal 1kg,24
2025-01-12,SKU-006,Frijoles Negros 1kg,36
2025-01-12,SKU-007,Pasta Espagueti 400g,60
2025-01-12,SKU-008,Cafe Molido 500g,20
2025-01-12,SKU-009,Atun en Lata 160g,59
2025-01-12,SKU-010,Jabon de Bano,42
2025-01-12,SKU-011,Papel Higienico 12 rollos,29
2025-01-12,SKU-012,Detergente 1kg,22
2025-01-12,SKU-013,Galletas Surtidas,47
2025-01-12,SKU-014,Agua Mineral 600ml,164
2025-01-13,SKU-001,Aceite de Oliva 1L,31
2025-01-13,SKU-002,Arroz 5kg,99
2025-01-13,SKU-003,Leche Entera 1L,142
2025-01-13,SKU-004,Azucar 2kg,45
2025-01-13,SKU-005,Sal 1kg,33
2025-01-13,SKU-006,Frijoles Negros 1kg,52
2025-01-13,SKU-007,Pasta Espagueti 400g,71
2025-01-13,SKU-008,Cafe Molido 500g,26
2025-01-13,SKU-009,Atun en Lata 160g,92
2025-01-13,SKU-010,Jabon de Bano,39
2025-01-13,SKU-011,Papel Higienico 12 rollos,40
2025-01-13,SKU-012,Detergente 1kg,24
2025-01-13,SKU-013,Galletas Surtidas,53
2025-01-13,SKU-014,Agua Mineral 600ml,162
2025-01-14,SKU-001,Aceite de Oliva 1L,33
2025-01-14,SKU-002,Arroz 5kg,84
2025-01-14,SKU-003,Leche Entera 1L,150
2025-01-14,SKU-004,Azucar 2kg,51
2025-01-14,SKU-005,Sal 1kg,34
2025-01-14,SKU-006,Frijoles Negros 1kg,51
2025-01-14,SKU-007,Pasta Espagueti 400g,72
2025-01-14,SKU-008,Cafe Molido 500g,21
2025-01-14,SKU-009,Atun en Lata 160g,79
2025-01-14,SKU-010,Jabon de Bano,36
2025-01-14,SKU-011,Papel Higienico 12 rollos,35
2025-01-14,SKU-012,Detergente 1kg,20
2025-01-14,SKU-013,Galletas Surtidas,52
2025-01-14,SKU-014,Agua Mineral 600ml,181
2025-01-15,SKU-001,Aceite de Oliva 1L,30
2025-01-15,SKU-002,Arroz 5kg,112
2025-01-15,SKU-003,Leche Entera 1L,152
2025-01-15,SKU-004,Azucar 2kg,52
2025-01-15,SKU-005,Sal 1kg,32
2025-01-15,SKU-006,Frijoles Negros 1kg,52
2025-01-15,SKU-007,Pasta Espagueti 400g,81
2025-01-15,SKU-008,Cafe Molido 500g,21
2025-01-15,SKU-009,Atun en Lata 160g,67
2025-01-15,SKU-010,Jabon de Bano,37
2025-01-15,SKU-011,Papel Higienico 12 rollos,29
2025-01-15,SKU-012,Detergente 1kg,17
2025-01-15,SKU-013,Galletas Surtidas,56
2025-01-15,SKU-014,Agua Mineral 600ml,161
2025-01-16,SKU-001,Aceite de Oliva 1L,32
2025-01-16,SKU-002,Arroz 5kg,107
2025-01-16,SKU-003,Leche Entera 1L,162
2025-01-16,SKU-004,Azucar 2kg,62
2025-01-16,SKU-005,Sal 1kg,38
2025-01-16,SKU-006,Frijoles Negros 1kg,50
2025-01-16,SKU-007,Pasta Espagueti 400g,62
2025-01-16,SKU-008,Cafe Molido 500g,25
2025-01-16,SKU-009,Atun en Lata 160g,72
2025-01-16,SKU-010,Jabon de Bano,47
2025-01-16,SKU-011,Papel Higienico 12 rollos,39
2025-01-16,SKU-012,Detergente 1kg,22
2025-01-16,SKU-013,Galletas Surtidas,64
2025-01-16,SKU-014,Agua Mineral 600ml,169
2025-01-17,SKU-001,Aceite de Oliva 1L,24
2025-01-17,SKU-002,Arroz 5kg,96
2025-01-17,SKU-003,Leche Entera 1L,161
2025-01-17,SKU-004,Azucar 2kg,59
2025-01-17,SKU-005,Sal 1kg,35
2025-01-17,SKU-006,Frijoles Negros 1kg,56
2025-01-17,SKU-007,Pasta Espagueti 400g,73
2025-01-17,SKU-008,Cafe Molido 500g,33
2025-01-17,SKU-009,Atun en Lata 160g,92
2025-01-17,SKU-010,Jabon de Bano,41
2025-01-17,SKU-011,Papel Higienico 12 rollos,41
2025-01-17,SKU-012,Detergente 1kg,23
2025-01-17,SKU-013,Galletas Surtidas,70
2025-01-17,SKU-014,Agua Mineral 600ml,204
2025-01-18,SKU-001,Aceite de Oliva 1L,30
2025-01-18,SKU-002,Arroz 5kg,101
2025-01-18,SKU-003,Leche Entera 1L,183
2025-01-18,SKU-004,Azucar 2kg,61
2025-01-18,SKU-005,Sal 1kg,38
2025-01-18,SKU-006,Frijoles Negros 1kg,49
2025-01-18,SKU-007,Pasta Espagueti 400g,101
2025-01-18,SKU-008,Cafe Molido 500g,33
2025-01-18,SKU-009,Atun en Lata 160g,87
2025-01-18,SKU-010,Jabon de Bano,48
2025-01-18,SKU-011,Papel Higienico 12 rollos,35
2025-01-18,SKU-012,Detergente 1kg,27
2025-01-18,SKU-013,Galletas Surtidas,60
2025-01-18,SKU-014,Agua Mineral 600ml,189
2025-01-19,SKU-001,Aceite de Oliva 1L,23
2025-01-19,SKU-002,Arroz 5kg,61
2025-01-19,SKU-003,Leche Entera 1L,80
2025-01-19,SKU-004,Azucar 2kg,38
2025-01-19,SKU-005,Sal 1kg,28
2025-01-19,SKU-006,Frijoles Negros 1kg,44
2025-01-19,SKU-007,Pasta Espagueti 400g,54
2025-01-19,SKU-008,Cafe Molido 500g,20
2025-01-19,SKU-009,Atun en Lata 160g,82
2025-01-19,SKU-010,Jabon de Bano,30
2025-01-19,SKU-011,Papel Higienico 12 rollos,30
2025-01-19,SKU-012,Detergente 1kg,20
2025-01-19,SKU-013,Galletas Surtidas,43
2025-01-19,SKU-014,Agua Mineral 600ml,153
2025-01-20,SKU-001,Aceite de Oliva 1L,33
2025-01-20,SKU-002,Arroz 5kg,104
2025-01-20,SKU-003,Leche Entera 1L,103
2025-01-20,SKU-004,Azucar 2kg,46
2025-01-20,SKU-005,Sal 1kg,40
2025-01-20,SKU-006,Frijoles Negros 1kg,52
2025-01-20,SKU-007,Pasta Espagueti 400g,85
2025-01-20,SKU-008,Cafe Molido 500g,26
2025-01-20,SKU-009,Atun en Lata 160g,99
2025-01-20,SKU-010,Jabon de Bano,46
2025-01-20,SKU-011,Papel Higienico 12 rollos,29
2025-01-20,SKU-012,Detergente 1kg,19
2025-01-20,SKU-013,Galletas Surtidas,62
2025-01-20,SKU-014,Agua Mineral 600ml,151
2025-01-21,SKU-001,Aceite de Oliva 1L,31
2025-01-21,SKU-002,Arroz 5kg,86
2025-01-21,SKU-003,Leche Entera 1L,174
2025-01-21,SKU-004,Azucar 2kg,57
2025-01-21,SKU-005,Sal 1kg,46
2025-01-21,SKU-006,Frijoles Negros 1kg,45
2025-01-21,SKU-007,Pasta Espagueti 400g,58
2025-01-21,SKU-008,Cafe Molido 500g,26
2025-01-21,SKU-009,Atun en Lata 160g,87
2025-01-21,SKU-010,Jabon de Bano,41
2025-01-21,SKU-011,Papel Higienico 12 rollos,26
2025-01-21,SKU-012,Detergente 1kg,18
2025-01-21,SKU-013,Galletas Surtidas,49
2025-01-21,SKU-014,Agua Mineral 600ml,189
2025-01-22,SKU-001,Aceite de Oliva 1L,37
2025-01-22,SKU-002,Arroz 5kg,103
2025-01-22,SKU-003,Leche Entera 1L,144
2025-01-22,SKU-004,Azucar 2kg,57
2025-01-22,SKU-005,Sal 1kg,37
2025-01-22,SKU-006,Frijoles Negros 1kg,38
2025-01-22,SKU-007,Pasta Espagueti 400g,64
2025-01-22,SKU-008,Cafe Molido 500g,28
2025-01-22,SKU-009,Atun en Lata 160g,94
2025-01-22,SKU-010,Jabon de Bano,39
2025-01-22,SKU-011,Papel Higienico 12 rollos,29
2025-01-22,SKU-012,Detergente 1kg,21
2025-01-22,SKU-013,Galletas Surtidas,45
2025-01-22,SKU-014,Agua Mineral 600ml,159
2025-01-23,SKU-001,Aceite de Oliva 1L,24
2025-01-23,SKU-002,Arroz 5kg,109
2025-01-23,SKU-003,Leche Entera 1L,158
2025-01-23,SKU-004,Azucar 2kg,38
2025-01-23,SKU-005,Sal 1kg,35
2025-01-23,SKU-006,Frijoles Negros 1kg,52
2025-01-23,SKU-007,Pasta Espagueti 400g,74
2025-01-23,SKU-008,Cafe Molido 500g,30
2025-01-23,SKU-009,Atun en Lata 160g,83
2025-01-23,SKU-010,Jabon de Bano,41
2025-01-23,SKU-011,Papel Higienico 12 rollos,34
2025-01-23,SKU-012,Detergente 1kg,23
2025-01-23,SKU-013,Galletas Surtidas,64
2025-01-23,SKU-014,Agua Mineral 600ml,213
2025-01-24,SKU-001,Aceite de Oliva 1L,27
2025-01-24,SKU-002,Arroz 5kg,110
2025-01-24,SKU-003,Leche Entera 1L,149
2025-01-24,SKU-004,Azucar 2kg,66
2025-01-24,SKU-005,Sal 1kg,33
2025-01-24,SKU-006,Frijoles Negros 1kg,57
2025-01-24,SKU-007,Pasta Espagueti 400g,80
2025-01-24,SKU-008,Cafe Molido 500g,30
2025-01-24,SKU-009,Atun en Lata 160g,112
2025-01-24,SKU-010,Jabon de Bano,40
2025-01-24,SKU-011,Papel Higienico 12 rollos,40
2025-01-24,SKU-012,Detergente 1kg,27
2025-01-24,SKU-013,Galletas Surtidas,61
2025-01-24,SKU-014,Agua Mineral 600ml,176
2025-01-25,SKU-001,Aceite de Oliva 1L,26
2025-01-25,SKU-002,Arroz 5kg,111
2025-01-25,SKU-003,Leche Entera 1L,131
2025-01-25,SKU-004,Azucar 2kg,49
2025-01-25,SKU-005,Sal 1kg,36
2025-01-25,SKU-006,Frijoles Negros 1kg,62
2025-01-25,SKU-007,Pasta Espagueti 400g,90
2025-01-25,SKU-008,Cafe Molido 500g,35
2025-01-25,SKU-009,Atun en Lata 160g,101
2025-01-25,SKU-010,Jabon de Bano,43
2025-01-25,SKU-011,Papel Higienico 12 rollos,35
2025-01-25,SKU-012,Detergente 1kg,26
2025-01-25,SKU-013,Galletas Surtidas,75
2025-01-25,SKU-014,Agua Mineral 600ml,225
2025-01-26,SKU-001,Aceite de Oliva 1L,20
2025-01-26,SKU-002,Arroz 5kg,75
2025-01-26,SKU-003,Leche Entera 1L,130
2025-01-26,SKU-004,Azucar 2kg,32
2025-01-26,SKU-005,Sal 1kg,26
2025-01-26,SKU-006,Frijoles Negros 1kg,38
2025-01-26,SKU-007,Pasta Espagueti 400g,51
2025-01-26,SKU-008,Cafe Molido 500g,19
2025-01-26,SKU-009,Atun en Lata 160g,67
2025-01-26,SKU-010,Jabon de Bano,30
2025-01-26,SKU-011,Papel Higienico 12 rollos,30
2025-01-26,SKU-012,Detergente 1kg,19
2025-01-26,SKU-013,Galletas Surtidas,53
2025-01-26,SKU-014,Agua Mineral 600ml,154
2025-01-27,SKU-001,Aceite de Oliva 1L,32
2025-01-27,SKU-002,Arroz 5kg,102
2025-01-27,SKU-003,Leche Entera 1L,178
2025-01-27,SKU-004,Azucar 2kg,58
2025-01-27,SKU-005,Sal 1kg,36
2025-01-27,SKU-006,Frijoles Negros 1kg,47
2025-01-27,SKU-007,Pasta Espagueti 400g,78
2025-01-27,SKU-008,Cafe Molido 500g,23
2025-01-27,SKU-009,Atun en Lata 160g,97
2025-01-27,SKU-010,Jabon de Bano,42
2025-01-27,SKU-011,Papel Higienico 12 rollos,36
2025-01-27,SKU-012,Detergente 1kg,19
2025-01-27,SKU-013,Galletas Surtidas,51
2025-01-27,SKU-014,Agua Mineral 600ml,199
2025-01-28,SKU-001,Aceite de Oliva 1L,27
2025-01-28,SKU-002,Arroz 5kg,83
2025-01-28,SKU-003,Leche Entera 1L,141
2025-01-28,SKU-004,Azucar 2kg,57
2025-01-28,SKU-005,Sal 1kg,41
2025-01-28,SKU-006,Frijoles Negros 1kg,50
2025-01-28,SKU-007,Pasta Espagueti 400g,59
2025-01-28,SKU-008,Cafe Molido 500g,27
2025-01-28,SKU-009,Atun en Lata 160g,78
2025-01-28,SKU-010,Jabon de Bano,39
2025-01-28,SKU-011,Papel Higienico 12 rollos,31
2025-01-28,SKU-012,Detergente 1kg,17
2025-01-28,SKU-013,Galletas Surtidas,44
2025-01-28,SKU-014,Agua Mineral 600ml,187
2025-01-29,SKU-001,Aceite de Oliva 1L,30
2025-01-29,SKU-002,Arroz 5kg,126
2025-01-29,SKU-003,Leche Entera 1L,151
2025-01-29,SKU-004,Azucar 2kg,54
2025-01-29,SKU-005,Sal 1kg,40
2025-01-29,SKU-006,Frijoles Negros 1kg,48
2025-01-29,SKU-007,Pasta Espagueti 400g,62
2025-01-29,SKU-008,Cafe Molido 500g,23
2025-01-29,SKU-009,Atun en Lata 160g,75
2025-01-29,SKU-010,Jabon de Bano,43
2025-01-29,SKU-011,Papel Higienico 12 rollos,33
2025-01-29,SKU-012,Detergente 1kg,19
2025-01-29,SKU-013,Galletas Surtidas,53
2025-01-29,SKU-014,Agua Mineral 600ml,146
2025-01-30,SKU-001,Aceite de Oliva 1L,27
2025-01-30,SKU-002,Arroz 5kg,105
2025-01-30,SKU-003,Leche Entera 1L,90
2025-01-30,SKU-004,Azucar 2kg,62
2025-01-30,SKU-005,Sal 1kg,39
2025-01-30,SKU-006,Frijoles Negros 1kg,54
2025-01-30,SKU-007,Pasta Espagueti 400g,81
2025-01-30,SKU-008,Cafe Molido 500g,30
2025-01-30,SKU-009,Atun en Lata 160g,98
2025-01-30,SKU-010,Jabon de Bano,43
2025-01-30,SKU-011,Papel Higienico 12 rollos,33
2025-01-30,SKU-012,Detergente 1kg,25
2025-01-30,SKU-013,Galletas Surtidas,47
2025-01-30,SKU-014,Agua Mineral 600ml,199
2025-01-31,SKU-001,Aceite de Oliva 1L,33
2025-01-31,SKU-002,Arroz 5kg,105
2025-01-31,SKU-003,Leche Entera 1L,115
2025-01-31,SKU-004,Azucar 2kg,52
2025-01-31,SKU-005,Sal 1kg,44
2025-01-31,SKU-006,Frijoles Negros 1kg,60
2025-01-31,SKU-007,Pasta Espagueti 400g,76
2025-01-31,SKU-008,Cafe Molido 500g,32
2025-01-31,SKU-009,Atun en Lata 160g,95
2025-01-31,SKU-010,Jabon de Bano,41
2025-01-31,SKU-011,Papel Higienico 12 rollos,36
2025-01-31,SKU-012,Detergente 1kg,21
2025-01-31,SKU-013,Galletas Surtidas,58
2025-01-31,SKU-014,Agua Mineral 600ml,233
2025-02-01,SKU-001,Aceite de Oliva 1L,35
2025-02-01,SKU-002,Arroz 5kg,97
2025-02-01,SKU-003,Leche Entera 1L,168
2025-02-01,SKU-004,Azucar 2kg,61
2025-02-01,SKU-005,Sal 1kg,45
2025-02-01,SKU-006,Frijoles Negros 1kg,57
2025-02-01,SKU-007,Pasta Espagueti 400g,81
2025-02-01,SKU-008,Cafe Molido 500g,30
2025-02-01,SKU-009,Atun en Lata 160g,116
2025-02-01,SKU-010,Jabon de Bano,59
2025-02-01,SKU-011,Papel Higienico 12 rollos,41
2025-02-01,SKU-012,Detergente 1kg,30
2025-02-01,SKU-013,Galletas Surtidas,55
2025-02-01,SKU-014,Agua Mineral 600ml,204
2025-02-02,SKU-001,Aceite de Oliva 1L,27
2025-02-02,SKU-002,Arroz 5kg,76
2025-02-02,SKU-003,Leche Entera 1L,99
2025-02-02,SKU-004,Azucar 2kg,50
2025-02-02,SKU-005,Sal 1kg,27
2025-02-02,SKU-006,Frijoles Negros 1kg,48
2025-02-02,SKU-007,Pasta Espagueti 400g,63
2025-02-02,SKU-008,Cafe Molido 500g,19
2025-02-02,SKU-009,Atun en Lata 160g,80
2025-02-02,SKU-010,Jabon de Bano,34
2025-02-02,SKU-011,Papel Higienico 12 rollos,31
2025-02-02,SKU-012,Detergente 1kg,17
2025-02-02,SKU-013,Galletas Surtidas,54
2025-02-02,SKU-014,Agua Mineral 600ml,163
2025-02-03,SKU-001,Aceite de Oliva 1L,28
2025-02-03,SKU-002,Arroz 5kg,92
2025-02-03,SKU-003,Leche Entera 1L,130
2025-02-03,SKU-004,Azucar 2kg,56
2025-02-03,SKU-005,Sal 1kg,42
2025-02-03,SKU-006,Frijoles Negros 1kg,54
2025-02-03,SKU-007,Pasta Espagueti 400g,82
2025-02-03,SKU-008,Cafe Molido 500g,31
2025-02-03,SKU-009,Atun en Lata 160g,73
2025-02-03,SKU-010,Jabon de Bano,38
2025-02-03,SKU-011,Papel Higienico 12 rollos,29
2025-02-03,SKU-012,Detergente 1kg,18
2025-02-03,SKU-013,Galletas Surtidas,47
2025-02-03,SKU-014,Agua Mineral 600ml,201
2025-02-04,SKU-001,Aceite de Oliva 1L,37
2025-02-04,SKU-002,Arroz 5kg,117
2025-02-04,SKU-003,Leche Entera 1L,162
2025-02-04,SKU-004,Azucar 2kg,65
2025-02-04,SKU-005,Sal 1kg,46
2025-02-04,SKU-006,Frijoles Negros 1kg,52
2025-02-04,SKU-007,Pasta Espagueti 400g,68
2025-02-04,SKU-008,Cafe Molido 500g,22
2025-02-04,SKU-009,Atun en Lata 160g,74
2025-02-04,SKU-010,Jabon de Bano,36
2025-02-04,SKU-011,Papel Higienico 12 rollos,35
2025-02-04,SKU-012,Detergente 1kg,19
2025-02-04,SKU-013,Galletas Surtidas,48
2025-02-04,SKU-014,Agua Mineral 600ml,171
2025-02-05,SKU-001,Aceite de Oliva 1L,37
2025-02-05,SKU-002,Arroz 5kg,122
2025-02-05,SKU-003,Leche Entera 1L,110
2025-02-05,SKU-004,Azucar 2kg,54
2025-02-05,SKU-005,Sal 1kg,37
2025-02-05,SKU-006,Frijoles Negros 1kg,49
2025-02-05,SKU-007,Pasta Espagueti 400g,62
2025-02-05,SKU-008,Cafe Molido 500g,24
2025-02-05,SKU-009,Atun en Lata 160g,69
2025-02-05,SKU-010,Jabon de Bano,46
2025-02-05,SKU-011,Papel Higienico 12 rollos,29
2025-02-05,SKU-012,Detergente 1kg,24
2025-02-05,SKU-013,Galletas Surtidas,52
2025-02-05,SKU-014,Agua Mineral 600ml,179
2025-02-06,SKU-001,Aceite de Oliva 1L,20
2025-02-06,SKU-002,Arroz 5kg,106
2025-02-06,SKU-003,Leche Entera 1L,203
2025-02-06,SKU-004,Azucar 2kg,56
2025-02-06,SKU-005,Sal 1kg,40
2025-02-06,SKU-006,Frijoles Negros 1kg,50
2025-02-06,SKU-007,Pasta Espagueti 400g,86
2025-02-06,SKU-008,Cafe Molido 500g,29
2025-02-06,SKU-009,Atun en Lata 160g,91
2025-02-06,SKU-010,Jabon de Bano,40
2025-02-06,SKU-011,Papel Higienico 12 rollos,33
2025-02-06,SKU-012,Detergente 1kg,18
2025-02-06,SKU-013,Galletas Surtidas,52
2025-02-06,SKU-014,Agua Mineral 600ml,154
2025-02-07,SKU-001,Aceite de Oliva 1L,29
2025-02-07,SKU-002,Arroz 5kg,101
2025-02-07,SKU-003,Leche Entera 1L,168
2025-02-07,SKU-004,Azucar 2kg,51
2025-02-07,SKU-005,Sal 1kg,44
2025-02-07,SKU-006,Frijoles Negros 1kg,60
2025-02-07,SKU-007,Pasta Espagueti 400g,95
2025-02-07,SKU-008,Cafe Molido 500g,30
2025-02-07,SKU-009,Atun en Lata 160g,100
2025-02-07,SKU-010,Jabon de Bano,47
2025-02-07,SKU-011,Papel Higienico 12 rollos,45
2025-02-07,SKU-012,Detergente 1kg,21
2025-02-07,SKU-013,Galletas Surtidas,71
2025-02-07,SKU-014,Agua Mineral 600ml,222
2025-02-08,SKU-001,Aceite de Oliva 1L,24
2025-02-08,SKU-002,Arroz 5kg,110
2025-02-08,SKU-003,Leche Entera 1L,144
2025-02-08,SKU-004,Azucar 2kg,71
2025-02-08,SKU-005,Sal 1kg,42
2025-02-08,SKU-006,Frijoles Negros 1kg,56
2025-02-08,SKU-007,Pasta Espagueti 400g,91
2025-02-08,SKU-008,Cafe Molido 500g,34
2025-02-08,SKU-009,Atun en Lata 160g,118
2025-02-08,SKU-010,Jabon de Bano,54
2025-02-08,SKU-011,Papel Higienico 12 rollos,35
2025-02-08,SKU-012,Detergente 1kg,23
2025-02-08,SKU-013,Galletas Surtidas,66
2025-02-08,SKU-014,Agua Mineral 600ml,185
2025-02-09,SKU-001,Aceite de Oliva 1L,16
2025-02-09,SKU-002,Arroz 5kg,57
2025-02-09,SKU-003,Leche Entera 1L,90
2025-02-09,SKU-004,Azucar 2kg,40
2025-02-09,SKU-005,Sal 1kg,28
2025-02-09,SKU-006,Frijoles Negros 1kg,38
2025-02-09,SKU-007,Pasta Espagueti 400g,66
2025-02-09,SKU-008,Cafe Molido 500g,19
2025-02-09,SKU-009,Atun en Lata 160g,72
2025-02-09,SKU-010,Jabon de Bano,31
2025-02-09,SKU-011,Papel Higienico 12 rollos,27
2025-02-09,SKU-012,Detergente 1kg,19
2025-02-09,SKU-013,Galletas Surtidas,39
2025-02-09,SKU-014,Agua Mineral 600ml,134
2025-02-10,SKU-001,Aceite de Oliva 1L,34
2025-02-10,SKU-002,Arroz 5kg,114
2025-02-10,SKU-003,Leche Entera 1L,117
2025-02-10,SKU-004,Azucar 2kg,47
2025-02-10,SKU-005,Sal 1kg,41
2025-02-10,SKU-006,Frijoles Negros 1kg,55
2025-02-10,SKU-007,Pasta Espagueti 400g,81
2025-02-10,SKU-008,Cafe Molido 500g,30
2025-02-10,SKU-009,Atun en Lata 160g,88
2025-02-10,SKU-010,Jabon de Bano,42
2025-02-10,SKU-011,Papel Higienico 12 rollos,31
2025-02-10,SKU-012,Detergente 1kg,23
2025-02-10,SKU-013,Galletas Surtidas,64
2025-02-10,SKU-014,Agua Mineral 600ml,158
2025-02-11,SKU-001,Aceite de Oliva 1L,32
2025-02-11,SKU-002,Arroz 5kg,106
2025-02-11,SKU-003,Leche Entera 1L,141
2025-02-11,SKU-004,Azucar 2kg,59
2025-02-11,SKU-005,Sal 1kg,45
2025-02-11,SKU-006,Frijoles Negros 1kg,45
2025-02-11,SKU-007,Pasta Espagueti 400g,66
2025-02-11,SKU-008,Cafe Molido 500g,25
2025-02-11,SKU-009,Atun en Lata 160g,69
2025-02-11,SKU-010,Jabon de Bano,41
2025-02-11,SKU-011,Papel Higienico 12 rollos,29
2025-02-11,SKU-012,Detergente 1kg,20
2025-02-11,SKU-013,Galletas Surtidas,54
2025-02-11,SKU-014,Agua Mineral 600ml,145
2025-02-12,SKU-001,Aceite de Oliva 1L,26
2025-02-12,SKU-002,Arroz 5kg,95
2025-02-12,SKU-003,Leche Entera 1L,183
2025-02-12,SKU-004,Azucar 2kg,72
2025-02-12,SKU-005,Sal 1kg,40
2025-02-12,SKU-006,Frijoles Negros 1kg,49
2025-02-12,SKU-007,Pasta Espagueti 400g,82
2025-02-12,SKU-008,Cafe Molido 500g,26
2025-02-12,SKU-009,Atun en Lata 160g,77
2025-02-12,SKU-010,Jabon de Bano,48
2025-02-12,SKU-011,Papel Higienico 12 rollos,35
2025-02-12,SKU-012,Detergente 1kg,25
2025-02-12,SKU-013,Galletas Surtidas,55
2025-02-12,SKU-014,Agua Mineral 600ml,144
2025-02-13,SKU-001,Aceite de Oliva 1L,27
2025-02-13,SKU-002,Arroz 5kg,87
2025-02-13,SKU-003,Leche Entera 1L,171
2025-02-13,SKU-004,Azucar 2kg,52
2025-02-13,SKU-005,Sal 1kg,48
2025-02-13,SKU-006,Frijoles Negros 1kg,55
2025-02-13,SKU-007,Pasta Espagueti 400g,79
2025-02-13,SKU-008,Cafe Molido 500g,26
2025-02-13,SKU-009,Atun en Lata 160g,88
2025-02-13,SKU-010,Jabon de Bano,47
2025-02-13,SKU-011,Papel Higienico 12 rollos,40
2025-02-13,SKU-012,Detergente 1kg,23
2025-02-13,SKU-013,Galletas Surtidas,65
2025-02-13,SKU-014,Agua Mineral 600ml,164
2025-02-14,SKU-001,Aceite de Oliva 1L,46
2025-02-14,SKU-002,Arroz 5kg,111
2025-02-14,SKU-003,Leche Entera 1L,179
2025-02-14,SKU-004,Azucar 2kg,60
2025-02-14,SKU-005,Sal 1kg,44
2025-02-14,SKU-006,Frijoles Negros 1kg,61
2025-02-14,SKU-007,Pasta Espagueti 400g,86
2025-02-14,SKU-008,Cafe Molido 500g,29
2025-02-14,SKU-009,Atun en Lata 160g,82
2025-02-14,SKU-010,Jabon de Bano,51
2025-02-14,SKU-011,Papel Higienico 12 rollos,39
2025-02-14,SKU-012,Detergente 1kg,20
2025-02-14,SKU-013,Galletas Surtidas,57
2025-02-14,SKU-014,Agua Mineral 600ml,225
2025-02-15,SKU-001,Aceite de Oliva 1L,34
2025-02-15,SKU-002,Arroz 5kg,110
2025-02-15,SKU-003,Leche Entera 1L,208
2025-02-15,SKU-004,Azucar 2kg,66
2025-02-15,SKU-005,Sal 1kg,48
2025-02-15,SKU-006,Frijoles Negros 1kg,61
2025-02-15,SKU-007,Pasta Espagueti 400g,93
2025-02-15,SKU-008,Cafe Molido 500g,38
2025-02-15,SKU-009,Atun en Lata 160g,115
2025-02-15,SKU-010,Jabon de Bano,56
2025-02-15,SKU-011,Papel Higienico 12 rollos,37
2025-02-15,SKU-012,Detergente 1kg,24
2025-02-15,SKU-013,Galletas Surtidas,72
2025-02-15,SKU-014,Agua Mineral 600ml,188
2025-02-16,SKU-001,Aceite de Oliva 1L,18
2025-02-16,SKU-002,Arroz 5kg,72
2025-02-16,SKU-003,Leche Entera 1L,94
2025-02-16,SKU-004,Azucar 2kg,47
2025-02-16,SKU-005,Sal 1kg,28
2025-02-16,SKU-006,Frijoles Negros 1kg,37
2025-02-16,SKU-007,Pasta Espagueti 400g,54
2025-02-16,SKU-008,Cafe Molido 500g,21
2025-02-16,SKU-009,Atun en Lata 160g,69
2025-02-16,SKU-010,Jabon de Bano,40
2025-02-16,SKU-011,Papel Higienico 12 rollos,33
2025-02-16,SKU-012,Detergente 1kg,17
2025-02-16,SKU-013,Galletas Surtidas,42
2025-02-16,SKU-014,Agua Mineral 600ml,168
2025-02-17,SKU-001,Aceite de Oliva 1L,37
2025-02-17,SKU-002,Arroz 5kg,97
2025-02-17,SKU-003,Leche Entera 1L,162
2025-02-17,SKU-004,Azucar 2kg,79
2025-02-17,SKU-005,Sal 1kg,47
2025-02-17,SKU-006,Frijoles Negros 1kg,43
2025-02-17,SKU-007,Pasta Espagueti 400g,84
2025-02-17,SKU-008,Cafe Molido 500g,30
2025-02-17,SKU-009,Atun en Lata 160g,72
2025-02-17,SKU-010,Jabon de Bano,37
2025-02-17,SKU-011,Papel Higienico 12 rollos,29
2025-02-17,SKU-012,Detergente 1kg,23
2025-02-17,SKU-013,Galletas Surtidas,60
2025-02-17,SKU-014,Agua Mineral 600ml,215
2025-02-18,SKU-001,Aceite de Oliva 1L,25
2025-02-18,SKU-002,Arroz 5kg,114
2025-02-18,SKU-003,Leche Entera 1L,192
2025-02-18,SKU-004,Azucar 2kg,58
2025-02-18,SKU-005,Sal 1kg,38
2025-02-18,SKU-006,Frijoles Negros 1kg,49
2025-02-18,SKU-007,Pasta Espagueti 400g,65
2025-02-18,SKU-008,Cafe Molido 500g,26
2025-02-18,SKU-009,Atun en Lata 160g,65
2025-02-18,SKU-010,Jabon de Bano,46
2025-02-18,SKU-011,Papel Higienico 12 rollos,28
2025-02-18,SKU-012,Detergente 1kg,23
2025-02-18,SKU-013,Galletas Surtidas,54
2025-02-18,SKU-014,Agua Mineral 600ml,150
2025-02-19,SKU-001,Aceite de Oliva 1L,38
2025-02-19,SKU-002,Arroz 5kg,112
2025-02-19,SKU-003,Leche Entera 1L,184
2025-02-19,SKU-004,Azucar 2kg,61
2025-02-19,SKU-005,Sal 1kg,49
2025-02-19,SKU-006,Frijoles Negros 1kg,48
2025-02-19,SKU-007,Pasta Espagueti 400g,79
2025-02-19,SKU-008,Cafe Molido 500g,29
2025-02-19,SKU-009,Atun en Lata 160g,67
2025-02-19,SKU-010,Jabon de Bano,48
2025-02-19,SKU-011,Papel Higienico 12 rollos,35
2025-02-19,SKU-012,Detergente 1kg,24
2025-02-19,SKU-013,Galletas Surtidas,55
2025-02-19,SKU-014,Agua Mineral 600ml,158
2025-02-20,SKU-001,Aceite de Oliva 1L,30
2025-02-20,SKU-002,Arroz 5kg,105
2025-02-20,SKU-003,Leche Entera 1L,183
2025-02-20,SKU-004,Azucar 2kg,68
2025-02-20,SKU-005,Sal 1kg,37
2025-02-20,SKU-006,Frijoles Negros 1kg,47
2025-02-20,SKU-007,Pasta Espagueti 400g,74
2025-02-20,SKU-008,Cafe Molido 500g,27
2025-02-20,SKU-009,Atun en Lata 160g,77
2025-02-20,SKU-010,Jabon de Bano,47
2025-02-20,SKU-011,Papel Higienico 12 rollos,40
2025-02-20,SKU-012,Detergente 1kg,21
2025-02-20,SKU-013,Galletas Surtidas,62
2025-02-20,SKU-014,Agua Mineral 600ml,206
2025-02-21,SKU-001,Aceite de Oliva 1L,41
2025-02-21,SKU-002,Arroz 5kg,95
2025-02-21,SKU-003,Leche Entera 1L,167
2025-02-21,SKU-004,Azucar 2kg,60
2025-02-21,SKU-005,Sal 1kg,39
2025-02-21,SKU-006,Frijoles Negros 1kg,55
2025-02-21,SKU-007,Pasta Espagueti 400g,75
2025-02-21,SKU-008,Cafe Molido 500g,34
2025-02-21,SKU-009,Atun en Lata 160g,80
2025-02-21,SKU-010,Jabon de Bano,44
2025-02-21,SKU-011,Papel Higienico 12 rollos,36
2025-02-21,SKU-012,Detergente 1kg,29
2025-02-21,SKU-013,Galletas Surtidas,73
2025-02-21,SKU-014,Agua Mineral 600ml,203
2025-02-22,SKU-001,Aceite de Oliva 1L,41
2025-02-22,SKU-002,Arroz 5kg,85
2025-02-22,SKU-003,Leche Entera 1L,143
2025-02-22,SKU-004,Azucar 2kg,56
2025-02-22,SKU-005,Sal 1kg,45
2025-02-22,SKU-006,Frijoles Negros 1kg,63
2025-02-22,SKU-007,Pasta Espagueti 400g,92
2025-02-22,SKU-008,Cafe Molido 500g,38
2025-02-22,SKU-009,Atun en Lata 160g,91
2025-02-22,SKU-010,Jabon de Bano,43
2025-02-22,SKU-011,Papel Higienico 12 rollos,37
2025-02-22,SKU-012,Detergente 1kg,27
2025-02-22,SKU-013,Galletas Surtidas,73
2025-02-22,SKU-014,Agua Mineral 600ml,236
2025-02-23,SKU-001,Aceite de Oliva 1L,30
2025-02-23,SKU-002,Arroz 5kg,84
2025-02-23,SKU-003,Leche Entera 1L,150
2025-02-23,SKU-004,Azucar 2kg,32
2025-02-23,SKU-005,Sal 1kg,30
2025-02-23,SKU-006,Frijoles Negros 1kg,35
2025-02-23,SKU-007,Pasta Espagueti 400g,71
2025-02-23,SKU-008,Cafe Molido 500g,23
2025-02-23,SKU-009,Atun en Lata 160g,60
2025-02-23,SKU-010,Jabon de Bano,38
2025-02-23,SKU-011,Papel Higienico 12 rollos,33
2025-02-23,SKU-012,Detergente 1kg,18
2025-02-23,SKU-013,Galletas Surtidas,53
2025-02-23,SKU-014,Agua Mineral 600ml,148
2025-02-24,SKU-001,Aceite de Oliva 1L,28
2025-02-24,SKU-002,Arroz 5kg,108
2025-02-24,SKU-003,Leche Entera 1L,176
2025-02-24,SKU-004,Azucar 2kg,64
2025-02-24,SKU-005,Sal 1kg,47
2025-02-24,SKU-006,Frijoles Negros 1kg,48
2025-02-24,SKU-007,Pasta Espagueti 400g,83
2025-02-24,SKU-008,Cafe Molido 500g,24
2025-02-24,SKU-009,Atun en Lata 160g,72
2025-02-24,SKU-010,Jabon de Bano,48
2025-02-24,SKU-011,Papel Higienico 12 rollos,36
2025-02-24,SKU-012,Detergente 1kg,23
2025-02-24,SKU-013,Galletas Surtidas,49
2025-02-24,SKU-014,Agua Mineral 600ml,195
2025-02-25,SKU-001,Aceite de Oliva 1L,25
2025-02-25,SKU-002,Arroz 5kg,103
2025-02-25,SKU-003,Leche Entera 1L,119
2025-02-25,SKU-004,Azucar 2kg,51
2025-02-25,SKU-005,Sal 1kg,46
2025-02-25,SKU-006,Frijoles Negros 1kg,47
2025-02-25,SKU-007,Pasta Espagueti 400g,63
2025-02-25,SKU-008,Cafe Molido 500g,28
2025-02-25,SKU-009,Atun en Lata 160g,69
2025-02-25,SKU-010,Jabon de Bano,39
2025-02-25,SKU-011,Papel Higienico 12 rollos,32
2025-02-25,SKU-012,Detergente 1kg,19
2025-02-25,SKU-013,Galletas Surtidas,54
2025-02-25,SKU-014,Agua Mineral 600ml,177
2025-02-26,SKU-001,Aceite de Oliva 1L,36
2025-02-26,SKU-002,Arroz 5kg,130
2025-02-26,SKU-003,Leche Entera 1L,209
2025-02-26,SKU-004,Azucar 2kg,64
2025-02-26,SKU-005,Sal 1kg,39
2025-02-26,SKU-006,Frijoles Negros 1kg,40
2025-02-26,SKU-007,Pasta Espagueti 400g,66
2025-02-26,SKU-008,Cafe Molido 500g,29
2025-02-26,SKU-009,Atun en Lata 160g,90
2025-02-26,SKU-010,Jabon de Bano,48
2025-02-26,SKU-011,Papel Higienico 12 rollos,34
2025-02-26,SKU-012,Detergente 1kg,23
2025-02-26,SKU-013,Galletas Surtidas,56
2025-02-26,SKU-014,Agua Mineral 600ml,173
2025-02-27,SKU-001,Aceite de Oliva 1L,41
2025-02-27,SKU-002,Arroz 5kg,105
2025-02-27,SKU-003,Leche Entera 1L,129
2025-02-27,SKU-004,Azucar 2kg,55
2025-02-27,SKU-005,Sal 1kg,43
2025-02-27,SKU-006,Frijoles Negros 1kg,49
2025-02-27,SKU-007,Pasta Espagueti 400g,85
2025-02-27,SKU-008,Cafe Molido 500g,28
2025-02-27,SKU-009,Atun en Lata 160g,74
2025-02-27,SKU-010,Jabon de Bano,45
2025-02-27,SKU-011,Papel Higienico 12 rollos,37
2025-02-27,SKU-012,Detergente 1kg,21
2025-02-27,SKU-013,Galletas Surtidas,65
2025-02-27,SKU-014,Agua Mineral 600ml,184
2025-02-28,SKU-001,Aceite de Oliva 1L,42
2025-02-28,SKU-002,Arroz 5kg,114
2025-02-28,SKU-003,Leche Entera 1L,211
2025-02-28,SKU-004,Azucar 2kg,64
2025-02-28,SKU-005,Sal 1kg,41
2025-02-28,SKU-006,Frijoles Negros 1kg,58
2025-02-28,SKU-007,Pasta Espagueti 400g,77
2025-02-28,SKU-008,Cafe Molido 500g,30
2025-02-28,SKU-009,Atun en Lata 160g,96
2025-02-28,SKU-010,Jabon de Bano,47
2025-02-28,SKU-011,Papel Higienico 12 rollos,44
2025-02-28,SKU-012,Detergente 1kg,28
2025-02-28,SKU-013,Galletas Surtidas,69
2025-02-28,SKU-014,Agua Mineral 600ml,201
2025-03-01,SKU-001,Aceite de Oliva 1L,50
2025-03-01,SKU-002,Arroz 5kg,134
2025-03-01,SKU-003,Leche Entera 1L,177
2025-03-01,SKU-004,Azucar 2kg,57
2025-03-01,SKU-005,Sal 1kg,37
2025-03-01,SKU-006,Frijoles Negros 1kg,66
2025-03-01,SKU-007,Pasta Espagueti 400g,81
2025-03-01,SKU-008,Cafe Molido 500g,38
2025-03-01,SKU-009,Atun en Lata 160g,89
2025-03-01,SKU-010,Jabon de Bano,59
2025-03-01,SKU-011,Papel Higienico 12 rollos,44
2025-03-01,SKU-012,Detergente 1kg,27
2025-03-01,SKU-013,Galletas Surtidas,55
2025-03-01,SKU-014,Agua Mineral 600ml,184
2025-03-02,SKU-001,Aceite de Oliva 1L,26
2025-03-02,SKU-002,Arroz 5kg,78
2025-03-02,SKU-003,Leche Entera 1L,131
2025-03-02,SKU-004,Azucar 2kg,47
2025-03-02,SKU-005,Sal 1kg,31
2025-03-02,SKU-006,Frijoles Negros 1kg,40
2025-03-02,SKU-007,Pasta Espagueti 400g,55
2025-03-02,SKU-008,Cafe Molido 500g,22
2025-03-02,SKU-009,Atun en Lata 160g,79
2025-03-02,SKU-010,Jabon de Bano,41
2025-03-02,SKU-011,Papel Higienico 12 rollos,25
2025-03-02,SKU-012,Detergente 1kg,17
2025-03-02,SKU-013,Galletas Surtidas,39
2025-03-02,SKU-014,Agua Mineral 600ml,183
2025-03-03,SKU-001,Aceite de Oliva 1L,42
2025-03-03,SKU-002,Arroz 5kg,118
2025-03-03,SKU-003,Leche Entera 1L,146
2025-03-03,SKU-004,Azucar 2kg,58
2025-03-03,SKU-005,Sal 1kg,45
2025-03-03,SKU-006,Frijoles Negros 1kg,48
2025-03-03,SKU-007,Pasta Espagueti 400g,81
2025-03-03,SKU-008,Cafe Molido 500g,26
2025-03-03,SKU-009,Atun en Lata 160g,73
2025-03-03,SKU-010,Jabon de Bano,39
2025-03-03,SKU-011,Papel Higienico 12 rollos,35
2025-03-03,SKU-012,Detergente 1kg,24
2025-03-03,SKU-013,Galletas Surtidas,51
2025-03-03,SKU-014,Agua Mineral 600ml,185
2025-03-04,SKU-001,Aceite de Oliva 1L,30
2025-03-04,SKU-002,Arroz 5kg,122
2025-03-04,SKU-003,Leche Entera 1L,196
2025-03-04,SKU-004,Azucar 2kg,64
2025-03-04,SKU-005,Sal 1kg,40
2025-03-04,SKU-006,Frijoles Negros 1kg,51
2025-03-04,SKU-007,Pasta Espagueti 400g,66
2025-03-04,SKU-008,Cafe Molido 500g,27
2025-03-04,SKU-009,Atun en Lata 160g,75
2025-03-04,SKU-010,Jabon de Bano,36
2025-03-04,SKU-011,Papel Higienico 12 rollos,34
2025-03-04,SKU-012,Detergente 1kg,20
2025-03-04,SKU-013,Galletas Surtidas,51
2025-03-04,SKU-014,Agua Mineral 600ml,189
2025-03-05,SKU-001,Aceite de Oliva 1L,26
2025-03-05,SKU-002,Arroz 5kg,102
2025-03-05,SKU-003,Leche Entera 1L,116
2025-03-05,SKU-004,Azucar 2kg,65
2025-03-05,SKU-005,Sal 1kg,41
2025-03-05,SKU-006,Frijoles Negros 1kg,45
2025-03-05,SKU-007,Pasta Espagueti 400g,67
2025-03-05,SKU-008,Cafe Molido 500g,23
2025-03-05,SKU-009,Atun en Lata 160g,91
2025-03-05,SKU-010,Jabon de Bano,45
2025-03-05,SKU-011,Papel Higienico 12 rollos,28
2025-03-05,SKU-012,Detergente 1kg,20
2025-03-05,SKU-013,Galletas Surtidas,45
2025-03-05,SKU-014,Agua Mineral 600ml,170
2025-03-06,SKU-001,Aceite de Oliva 1L,31
2025-03-06,SKU-002,Arroz 5kg,125
2025-03-06,SKU-003,Leche Entera 1L,176
2025-03-06,SKU-004,Azucar 2kg,65
2025-03-06,SKU-005,Sal 1kg,45
2025-03-06,SKU-006,Frijoles Negros 1kg,54
2025-03-06,SKU-007,Pasta Espagueti 400g,78
2025-03-06,SKU-008,Cafe Molido 500g,27
2025-03-06,SKU-009,Atun en Lata 160g,78
2025-03-06,SKU-010,Jabon de Bano,38
2025-03-06,SKU-011,Papel Higienico 12 rollos,39
2025-03-06,SKU-012,Detergente 1kg,19
2025-03-06,SKU-013,Galletas Surtidas,49
2025-03-06,SKU-014,Agua Mineral 600ml,161
2025-03-07,SKU-001,Aceite de Oliva 1L,41
2025-03-07,SKU-002,Arroz 5kg,97
2025-03-07,SKU-003,Leche Entera 1L,197
2025-03-07,SKU-004,Azucar 2kg,51
2025-03-07,SKU-005,Sal 1kg,40
2025-03-07,SKU-006,Frijoles Negros 1kg,61
2025-03-07,SKU-007,Pasta Espagueti 400g,87
2025-03-07,SKU-008,Cafe Molido 500g,32
2025-03-07,SKU-009,Atun en Lata 160g,113
2025-03-07,SKU-010,Jabon de Bano,46
2025-03-07,SKU-011,Papel Higienico 12 rollos,45
2025-03-07,SKU-012,Detergente 1kg,28
2025-03-07,SKU-013,Galletas Surtidas,70
2025-03-07,SKU-014,Agua Mineral 600ml,229
2025-03-08,SKU-001,Aceite de Oliva 1L,41
2025-03-08,SKU-002,Arroz 5kg,123
2025-03-08,SKU-003,Leche Entera 1L,196
2025-03-08,SKU-004,Azucar 2kg,66
2025-03-08,SKU-005,Sal 1kg,48
2025-03-08,SKU-006,Frijoles Negros 1kg,52
2025-03-08,SKU-007,Pasta Espagueti 400g,73
2025-03-08,SKU-008,Cafe Molido 500g,33
2025-03-08,SKU-009,Atun en Lata 160g,119
2025-03-08,SKU-010,Jabon de Bano,49
2025-03-08,SKU-011,Papel Higienico 12 rollos,46
2025-03-08,SKU-012,Detergente 1kg,28
2025-03-08,SKU-013,Galletas Surtidas,70
2025-03-08,SKU-014,Agua Mineral 600ml,201
2025-03-09,SKU-001,Aceite de Oliva 1L,19
2025-03-09,SKU-002,Arroz 5kg,78
2025-03-09,SKU-003,Leche Entera 1L,122
2025-03-09,SKU-004,Azucar 2kg,57
2025-03-09,SKU-005,Sal 1kg,33
2025-03-09,SKU-006,Frijoles Negros 1kg,47
2025-03-09,SKU-007,Pasta Espagueti 400g,54
2025-03-09,SKU-008,Cafe Molido 500g,25
2025-03-09,SKU-009,Atun en Lata 160g,61
2025-03-09,SKU-010,Jabon de Bano,35
2025-03-09,SKU-011,Papel Higienico 12 rollos,32
2025-03-09,SKU-012,Detergente 1kg,21
2025-03-09,SKU-013,Galletas Surtidas,47
2025-03-09,SKU-014,Agua Mineral 600ml,179
2025-03-10,SKU-001,Aceite de Oliva 1L,42
2025-03-10,SKU-002,Arroz 5kg,107
2025-03-10,SKU-003,Leche Entera 1L,251
2025-03-10,SKU-004,Azucar 2kg,69
2025-03-10,SKU-005,Sal 1kg,40
2025-03-10,SKU-006,Frijoles Negros 1kg,58
2025-03-10,SKU-007,Pasta Espagueti 400g,65
2025-03-10,SKU-008,Cafe Molido 500g,30
2025-03-10,SKU-009,Atun en Lata 160g,76
2025-03-10,SKU-010,Jabon de Bano,47
2025-03-10,SKU-011,Papel Higienico 12 rollos,38
2025-03-10,SKU-012,Detergente 1kg,23
2025-03-10,SKU-013,Galletas Surtidas,65
2025-03-10,SKU-014,Agua Mineral 600ml,174
2025-03-11,SKU-001,Aceite de Oliva 1L,49
2025-03-11,SKU-002,Arroz 5kg,99
2025-03-11,SKU-003,Leche Entera 1L,143
2025-03-11,SKU-004,Azucar 2kg,63
2025-03-11,SKU-005,Sal 1kg,40
2025-03-11,SKU-006,Frijoles Negros 1kg,49
2025-03-11,SKU-007,Pasta Espagueti 400g,60
2025-03-11,SKU-008,Cafe Molido 500g,23
2025-03-11,SKU-009,Atun en Lata 160g,91
2025-03-11,SKU-010,Jabon de Bano,42
2025-03-11,SKU-011,Papel Higienico 12 rollos,34
2025-03-11,SKU-012,Detergente 1kg,23
2025-03-11,SKU-013,Galletas Surtidas,60
2025-03-11,SKU-014,Agua Mineral 600ml,152
2025-03-12,SKU-001,Aceite de Oliva 1L,39
2025-03-12,SKU-002,Arroz 5kg,119
2025-03-12,SKU-003,Leche Entera 1L,178
2025-03-12,SKU-004,Azucar 2kg,80
2025-03-12,SKU-005,Sal 1kg,38
2025-03-12,SKU-006,Frijoles Negros 1kg,43
2025-03-12,SKU-007,Pasta Espagueti 400g,60
2025-03-12,SKU-008,Cafe Molido 500g,26
2025-03-12,SKU-009,Atun en Lata 160g,76
2025-03-12,SKU-010,Jabon de Bano,44
2025-03-12,SKU-011,Papel Higienico 12 rollos,39
2025-03-12,SKU-012,Detergente 1kg,21
2025-03-12,SKU-013,Galletas Surtidas,57
2025-03-12,SKU-014,Agua Mineral 600ml,199
2025-03-13,SKU-001,Aceite de Oliva 1L,44
2025-03-13,SKU-002,Arroz 5kg,107
2025-03-13,SKU-003,Leche Entera 1L,225
2025-03-13,SKU-004,Azucar 2kg,80
2025-03-13,SKU-005,Sal 1kg,52
2025-03-13,SKU-006,Frijoles Negros 1kg,45
2025-03-13,SKU-007,Pasta Espagueti 400g,85
2025-03-13,SKU-008,Cafe Molido 500g,26
2025-03-13,SKU-009,Atun en Lata 160g,78
2025-03-13,SKU-010,Jabon de Bano,39
2025-03-13,SKU-011,Papel Higienico 12 rollos,33
2025-03-13,SKU-012,Detergente 1kg,20
2025-03-13,SKU-013,Galletas Surtidas,57
2025-03-13,SKU-014,Agua Mineral 600ml,167
2025-03-14,SKU-001,Aceite de Oliva 1L,35
2025-03-14,SKU-002,Arroz 5kg,103
2025-03-14,SKU-003,Leche Entera 1L,186
2025-03-14,SKU-004,Azucar 2kg,65
2025-03-14,SKU-005,Sal 1kg,37
2025-03-14,SKU-006,Frijoles Negros 1kg,65
2025-03-14,SKU-007,Pasta Espagueti 400g,76
2025-03-14,SKU-008,Cafe Molido 500g,26
2025-03-14,SKU-009,Atun en Lata 160g,102
2025-03-14,SKU-010,Jabon de Bano,46
2025-03-14,SKU-011,Papel Higienico 12 rollos,38
2025-03-14,SKU-012,Detergente 1kg,26
2025-03-14,SKU-013,Galletas Surtidas,66
2025-03-14,SKU-014,Agua Mineral 600ml,188
2025-03-15,SKU-001,Aceite de Oliva 1L,40
2025-03-15,SKU-002,Arroz 5kg,106
2025-03-15,SKU-003,Leche Entera 1L,225
2025-03-15,SKU-004,Azucar 2kg,73
2025-03-15,SKU-005,Sal 1kg,43
2025-03-15,SKU-006,Frijoles Negros 1kg,60
2025-03-15,SKU-007,Pasta Espagueti 400g,86
2025-03-15,SKU-008,Cafe Molido 500g,39
2025-03-15,SKU-009,Atun en Lata 160g,88
2025-03-15,SKU-010,Jabon de Bano,59
2025-03-15,SKU-011,Papel Higienico 12 rollos,39
2025-03-15,SKU-012,Detergente 1kg,23
2025-03-15,SKU-013,Galletas Surtidas,63
2025-03-15,SKU-014,Agua Mineral 600ml,188
2025-03-16,SKU-001,Aceite de Oliva 1L,26
2025-03-16,SKU-002,Arroz 5kg,80
2025-03-16,SKU-003,Leche Entera 1L,111
2025-03-16,SKU-004,Azucar 2kg,63
2025-03-16,SKU-005,Sal 1kg,28
2025-03-16,SKU-006,Frijoles Negros 1kg,41
2025-03-16,SKU-007,Pasta Espagueti 400g,53
2025-03-16,SKU-008,Cafe Molido 500g,22
2025-03-16,SKU-009,Atun en Lata 160g,86
2025-03-16,SKU-010,Jabon de Bano,31
2025-03-16,SKU-011,Papel Higienico 12 rollos,32
2025-03-16,SKU-012,Detergente 1kg,17
2025-03-16,SKU-013,Galletas Surtidas,53
2025-03-16,SKU-014,Agua Mineral 600ml,181
2025-03-17,SKU-001,Aceite de Oliva 1L,37
2025-03-17,SKU-002,Arroz 5kg,128
2025-03-17,SKU-003,Leche Entera 1L,162
2025-03-17,SKU-004,Azucar 2kg,61
2025-03-17,SKU-005,Sal 1kg,39
2025-03-17,SKU-006,Frijoles Negros 1kg,41
2025-03-17,SKU-007,Pasta Espagueti 400g,81
2025-03-17,SKU-008,Cafe Molido 500g,24
2025-03-17,SKU-009,Atun en Lata 160g,100
2025-03-17,SKU-010,Jabon de Bano,39
2025-03-17,SKU-011,Papel Higienico 12 rollos,30
2025-03-17,SKU-012,Detergente 1kg,26
2025-03-17,SKU-013,Galletas Surtidas,62
2025-03-17,SKU-014,Agua Mineral 600ml,182
2025-03-18,SKU-001,Aceite de Oliva 1L,43
2025-03-18,SKU-002,Arroz 5kg,125
2025-03-18,SKU-003,Leche Entera 1L,192
2025-03-18,SKU-004,Azucar 2kg,54
2025-03-18,SKU-005,Sal 1kg,46
2025-03-18,SKU-006,Frijoles Negros 1kg,47
2025-03-18,SKU-007,Pasta Espagueti 400g,59
2025-03-18,SKU-008,Cafe Molido 500g,24
2025-03-18,SKU-009,Atun en Lata 160g,94
2025-03-18,SKU-010,Jabon de Bano,47
2025-03-18,SKU-011,Papel Higienico 12 rollos,33
2025-03-18,SKU-012,Detergente 1kg,17
2025-03-18,SKU-013,Galletas Surtidas,48
2025-03-18,SKU-014,Agua Mineral 600ml,174
2025-03-19,SKU-001,Aceite de Oliva 1L,38
2025-03-19,SKU-002,Arroz 5kg,113
2025-03-19,SKU-003,Leche Entera 1L,127
2025-03-19,SKU-004,Azucar 2kg,65
2025-03-19,SKU-005,Sal 1kg,41
2025-03-19,SKU-006,Frijoles Negros 1kg,55
2025-03-19,SKU-007,Pasta Espagueti 400g,70
2025-03-19,SKU-008,Cafe Molido 500g,29
2025-03-19,SKU-009,Atun en Lata 160g,74
2025-03-19,SKU-010,Jabon de Bano,47
2025-03-19,SKU-011,Papel Higienico 12 rollos,36
2025-03-19,SKU-012,Detergente 1kg,21
2025-03-19,SKU-013,Galletas Surtidas,49
2025-03-19,SKU-014,Agua Mineral 600ml,151
2025-03-20,SKU-001,Aceite de Oliva 1L,37
2025-03-20,SKU-002,Arroz 5kg,118
2025-03-20,SKU-003,Leche Entera 1L,164
2025-03-20,SKU-004,Azucar 2kg,73
2025-03-20,SKU-005,Sal 1kg,44
2025-03-20,SKU-006,Frijoles Negros 1kg,58
2025-03-20,SKU-007,Pasta Espagueti 400g,75
2025-03-20,SKU-008,Cafe Molido 500g,26
2025-03-20,SKU-009,Atun en Lata 160g,87
2025-03-20,SKU-010,Jabon de Bano,45
2025-03-20,SKU-011,Papel Higienico 12 rollos,32
2025-03-20,SKU-012,Detergente 1kg,26
2025-03-20,SKU-013,Galletas Surtidas,56
2025-03-20,SKU-014,Agua Mineral 600ml,214
2025-03-21,SKU-001,Aceite de Oliva 1L,40
2025-03-21,SKU-002,Arroz 5kg,122
2025-03-21,SKU-003,Leche Entera 1L,212
2025-03-21,SKU-004,Azucar 2kg,58
2025-03-21,SKU-005,Sal 1kg,43
2025-03-21,SKU-006,Frijoles Negros 1kg,53
2025-03-21,SKU-007,Pasta Espagueti 400g,73
2025-03-21,SKU-008,Cafe Molido 500g,28
2025-03-21,SKU-009,Atun en Lata 160g,82
2025-03-21,SKU-010,Jabon de Bano,54
2025-03-21,SKU-011,Papel Higienico 12 rollos,43
2025-03-21,SKU-012,Detergente 1kg,23
2025-03-21,SKU-013,Galletas Surtidas,54
2025-03-21,SKU-014,Agua Mineral 600ml,202
2025-03-22,SKU-001,Aceite de Oliva 1L,42
2025-03-22,SKU-002,Arroz 5kg,119
2025-03-22,SKU-003,Leche Entera 1L,216
2025-03-22,SKU-004,Azucar 2kg,72
2025-03-22,SKU-005,Sal 1kg,42
2025-03-22,SKU-006,Frijoles Negros 1kg,70
2025-03-22,SKU-007,Pasta Espagueti 400g,93
2025-03-22,SKU-008,Cafe Molido 500g,28
2025-03-22,SKU-009,Atun en Lata 160g,112
2025-03-22,SKU-010,Jabon de Bano,50
2025-03-22,SKU-011,Papel Higienico 12 rollos,35
2025-03-22,SKU-012,Detergente 1kg,29
2025-03-22,SKU-013,Galletas Surtidas,57
2025-03-22,SKU-014,Agua Mineral 600ml,203
2025-03-23,SKU-001,Aceite de Oliva 1L,29
2025-03-23,SKU-002,Arroz 5kg,80
2025-03-23,SKU-003,Leche Entera 1L,147
2025-03-23,SKU-004,Azucar 2kg,57
2025-03-23,SKU-005,Sal 1kg,34
2025-03-23,SKU-006,Frijoles Negros 1kg,48
2025-03-23,SKU-007,Pasta Espagueti 400g,57
2025-03-23,SKU-008,Cafe Molido 500g,22
2025-03-23,SKU-009,Atun en Lata 160g,79
2025-03-23,SKU-010,Jabon de Bano,31
2025-03-23,SKU-011,Papel Higienico 12 rollos,29
2025-03-23,SKU-012,Detergente 1kg,22
2025-03-23,SKU-013,Galletas Surtidas,48
2025-03-23,SKU-014,Agua Mineral 600ml,134
2025-03-24,SKU-001,Aceite de Oliva 1L,49
2025-03-24,SKU-002,Arroz 5kg,99
2025-03-24,SKU-003,Leche Entera 1L,157
2025-03-24,SKU-004,Azucar 2kg,64
2025-03-24,SKU-005,Sal 1kg,43
2025-03-24,SKU-006,Frijoles Negros 1kg,42
2025-03-24,SKU-007,Pasta Espagueti 400g,71
2025-03-24,SKU-008,Cafe Molido 500g,25
2025-03-24,SKU-009,Atun en Lata 160g,81
2025-03-24,SKU-010,Jabon de Bano,43
2025-03-24,SKU-011,Papel Higienico 12 rollos,39
2025-03-24,SKU-012,Detergente 1kg,22
2025-03-24,SKU-013,Galletas Surtidas,53
2025-03-24,SKU-014,Agua Mineral 600ml,193
2025-03-25,SKU-001,Aceite de Oliva 1L,39
2025-03-25,SKU-002,Arroz 5kg,113
2025-03-25,SKU-003,Leche Entera 1L,216
2025-03-25,SKU-004,Azucar 2kg,74
2025-03-25,SKU-005,Sal 1kg,46
2025-03-25,SKU-006,Frijoles Negros 1kg,50
2025-03-25,SKU-007,Pasta Espagueti 400g,60
2025-03-25,SKU-008,Cafe Molido 500g,21
2025-03-25,SKU-009,Atun en Lata 160g,71
2025-03-25,SKU-010,Jabon de Bano,46
2025-03-25,SKU-011,Papel Higienico 12 rollos,28
2025-03-25,SKU-012,Detergente 1kg,21
2025-03-25,SKU-013,Galletas Surtidas,52
2025-03-25,SKU-014,Agua Mineral 600ml,166
2025-03-26,SKU-001,Aceite de Oliva 1L,31
2025-03-26,SKU-002,Arroz 5kg,124
2025-03-26,SKU-003,Leche Entera 1L,201
2025-03-26,SKU-004,Azucar 2kg,69
2025-03-26,SKU-005,Sal 1kg,44
2025-03-26,SKU-006,Frijoles Negros 1kg,46
2025-03-26,SKU-007,Pasta Espagueti 400g,62
2025-03-26,SKU-008,Cafe Molido 500g,25
2025-03-26,SKU-009,Atun en Lata 160g,93
2025-03-26,SKU-010,Jabon de Bano,34
2025-03-26,SKU-011,Papel Higienico 12 rollos,36
2025-03-26,SKU-012,Detergente 1kg,23
2025-03-26,SKU-013,Galletas Surtidas,61
2025-03-26,SKU-014,Agua Mineral 600ml,147
2025-03-27,SKU-001,Aceite de Oliva 1L,45
2025-03-27,SKU-002,Arroz 5kg,111
2025-03-27,SKU-003,Leche Entera 1L,164
2025-03-27,SKU-004,Azucar 2kg,72
2025-03-27,SKU-005,Sal 1kg,46
2025-03-27,SKU-006,Frijoles Negros 1kg,47
2025-03-27,SKU-007,Pasta Espagueti 400g,84
2025-03-27,SKU-008,Cafe Molido 500g,28
2025-03-27,SKU-009,Atun en Lata 160g,96
2025-03-27,SKU-010,Jabon de Bano,48
2025-03-27,SKU-011,Papel Higienico 12 rollos,40
2025-03-27,SKU-012,Detergente 1kg,24
2025-03-27,SKU-013,Galletas Surtidas,46
2025-03-27,SKU-014,Agua Mineral 600ml,219
2025-03-28,SKU-001,Aceite de Oliva 1L,42
2025-03-28,SKU-002,Arroz 5kg,115
2025-03-28,SKU-003,Leche Entera 1L,130
2025-03-28,SKU-004,Azucar 2kg,57
2025-03-28,SKU-005,Sal 1kg,43
2025-03-28,SKU-006,Frijoles Negros 1kg,60
2025-03-28,SKU-007,Pasta Espagueti 400g,71
2025-03-28,SKU-008,Cafe Molido 500g,32
2025-03-28,SKU-009,Atun en Lata 160g,105
2025-03-28,SKU-010,Jabon de Bano,48
2025-03-28,SKU-011,Papel Higienico 12 rollos,33
2025-03-28,SKU-012,Detergente 1kg,21
2025-03-28,SKU-013,Galletas Surtidas,62
2025-03-28,SKU-014,Agua Mineral 600ml,186
2025-03-29,SKU-001,Aceite de Oliva 1L,41
2025-03-29,SKU-002,Arroz 5kg,127
2025-03-29,SKU-003,Leche Entera 1L,113
2025-03-29,SKU-004,Azucar 2kg,71
2025-03-29,SKU-005,Sal 1kg,44
2025-03-29,SKU-006,Frijoles Negros 1kg,51
2025-03-29,SKU-007,Pasta Espagueti 400g,89
2025-03-29,SKU-008,Cafe Molido 500g,36
2025-03-29,SKU-009,Atun en Lata 160g,116
2025-03-29,SKU-010,Jabon de Bano,59
2025-03-29,SKU-011,Papel Higienico 12 rollos,36
2025-03-29,SKU-012,Detergente 1kg,30
2025-03-29,SKU-013,Galletas Surtidas,76
2025-03-29,SKU-014,Agua Mineral 600ml,239
2025-03-30,SKU-001,Aceite de Oliva 1L,22
2025-03-30,SKU-002,Arroz 5kg,101
2025-03-30,SKU-003,Leche Entera 1L,131
2025-03-30,SKU-004,Azucar 2kg,51
2025-03-30,SKU-005,Sal 1kg,37
2025-03-30,SKU-006,Frijoles Negros 1kg,38
2025-03-30,SKU-007,Pasta Espagueti 400g,72
2025-03-30,SKU-008,Cafe Molido 500g,27
2025-03-30,SKU-009,Atun en Lata 160g,83
2025-03-30,SKU-010,Jabon de Bano,33
2025-03-30,SKU-011,Papel Higienico 12 rollos,28
2025-03-30,SKU-012,Detergente 1kg,17
2025-03-30,SKU-013,Galletas Surtidas,40
2025-03-30,SKU-014,Agua Mineral 600ml,179
2025-03-31,SKU-001,Aceite de Oliva 1L,34
2025-03-31,SKU-002,Arroz 5kg,114
2025-03-31,SKU-003,Leche Entera 1L,230
2025-03-31,SKU-004,Azucar 2kg,56
2025-03-31,SKU-005,Sal 1kg,45
2025-03-31,SKU-006,Frijoles Negros 1kg,49
2025-03-31,SKU-007,Pasta Espagueti 400g,85
2025-03-31,SKU-008,Cafe Molido 500g,24
2025-03-31,SKU-009,Atun en Lata 160g,103
2025-03-31,SKU-010,Jabon de Bano,48
2025-03-31,SKU-011,Papel Higienico 12 rollos,38
2025-03-31,SKU-012,Detergente 1kg,22
2025-03-31,SKU-013,Galletas Surtidas,66
2025-03-31,SKU-014,Agua Mineral 600ml,155
